rank_test_score,param_xgb__n_estimators,param_xgb__max_depth,param_xgb__learning_rate,param_xgb__subsample,param_xgb__colsample_bytree,param_xgb__lambda,param_xgb__alpha,train_rmse,test_rmse
1,500,5,0.1,0.9,0.7,0.5,0.5,0.10022442970869948,0.44542799373660924
2,500,7,0.05,0.7,0.9,0.5,0.0,0.09201721937298125,0.44564320071809344
3,500,5,0.05,0.9,0.7,1.0,0.5,0.143718205256871,0.446156607487678
4,500,5,0.05,0.7,1.0,1.0,0.5,0.14410641476728653,0.4466756194304131
5,500,7,0.05,0.9,0.7,0.5,0.5,0.09253252682141531,0.44689885376578864
6,500,5,0.1,1.0,0.9,0.5,0.5,0.09695137245784097,0.44732189853519255
7,500,5,0.05,0.9,1.0,1.0,0.5,0.13872689145117686,0.4476029075795586
8,500,7,0.05,0.9,0.7,1.0,0.0,0.08932976291790024,0.4476504972685797
9,300,7,0.05,0.7,0.9,0.5,0.0,0.10730720424100351,0.4476786253142014
10,500,7,0.05,0.7,1.0,1.0,0.0,0.09232239775623077,0.4476822270240707
11,500,5,0.05,0.7,0.9,0.5,0.5,0.143283853619844,0.447864957676828
12,500,5,0.05,0.9,1.0,0.5,0.5,0.13578038043547383,0.44797941567061994
13,500,5,0.1,0.9,1.0,1.0,0.0,0.0964886956293612,0.4479842084280981
14,300,5,0.1,0.9,0.7,0.5,0.5,0.1262612817585499,0.4480475494979577
15,500,5,0.1,0.9,1.0,1.0,0.5,0.09921315331805824,0.4481024975150224
16,300,7,0.05,0.9,0.7,0.5,0.5,0.10896684549330414,0.44824489064261924
17,500,5,0.05,0.7,0.7,0.5,0.5,0.14568036489969174,0.4483748195761407
18,500,7,0.05,0.7,0.7,1.0,0.0,0.09257046652376187,0.448376013002
19,300,7,0.1,1.0,0.7,1.0,0.5,0.08948669426222837,0.4485322954268111
20,500,7,0.1,1.0,0.7,1.0,0.5,0.0892486193759707,0.4485335944181276
21,500,5,0.05,0.7,0.7,1.0,0.5,0.14979921179710726,0.4487037419017141
22,500,7,0.05,0.9,0.9,1.0,0.0,0.08929958072775798,0.4487700153333333
23,500,5,0.1,0.7,0.7,0.5,0.0,0.10048130623615127,0.4488044932254504
24,500,5,0.1,0.7,1.0,1.0,0.0,0.10010316011163345,0.44882185328850677
25,300,7,0.05,0.7,1.0,1.0,0.0,0.1097322926374173,0.44906948743585295
26,300,7,0.05,0.9,0.7,1.0,0.0,0.1058832067295063,0.4490814162633607
27,500,7,0.05,0.9,0.7,0.5,0.0,0.08876726373194223,0.44913691632397124
28,500,7,0.05,0.9,0.7,1.0,0.5,0.09324389689986402,0.44915405320570595
29,500,5,0.05,0.9,0.9,1.0,0.5,0.14015015554322113,0.44920058947033614
30,500,5,0.05,0.7,0.7,0.5,0.0,0.14036082948129255,0.4492506962945752
31,500,5,0.1,0.9,0.9,1.0,0.5,0.09969047954823815,0.4492877742255701
32,500,5,0.05,0.9,0.7,1.0,0.0,0.14034968004741072,0.4493474056473107
33,500,5,0.1,0.7,1.0,0.5,0.5,0.1021033346859132,0.4493633786876179
34,500,7,0.05,0.9,1.0,0.5,0.5,0.0912088843528717,0.449411275866966
35,500,5,0.1,0.7,0.7,1.0,0.0,0.10065968374425018,0.4494480247611925
36,500,5,0.05,0.7,1.0,0.5,0.0,0.1362484218725164,0.44949230828328113
37,500,7,0.05,0.7,0.7,0.5,0.5,0.09585585649432045,0.44965812966303964
38,500,7,0.05,0.7,1.0,0.5,0.0,0.09202071341873701,0.44970029199451783
39,500,5,0.05,0.7,1.0,0.5,0.5,0.14145910528479108,0.4497008371919083
40,500,5,0.05,1.0,0.7,0.5,0.5,0.14089535568343836,0.4497726418846664
41,500,7,0.05,0.7,0.7,1.0,0.5,0.09717479904011583,0.4497783446491052
42,500,5,0.1,0.9,0.7,1.0,0.5,0.10119329014947269,0.4498251036830134
43,500,7,0.05,1.0,0.7,1.0,0.5,0.09202151363769569,0.4498282527671454
44,500,9,0.05,0.7,0.9,0.5,0.0,0.0845824267757147,0.44983588293560517
45,500,7,0.05,0.7,1.0,0.5,0.5,0.09441654346129945,0.44988901236845596
46,500,5,0.1,0.9,0.9,0.5,0.5,0.09893995963620476,0.44989273169005245
47,500,7,0.05,0.9,0.9,0.5,0.5,0.09166126324407262,0.44990195232272007
48,300,5,0.1,0.9,1.0,1.0,0.5,0.12486544930319801,0.4501661097988223
49,300,5,0.1,0.9,1.0,1.0,0.0,0.12294035127599338,0.45018866364924326
50,500,5,0.1,0.9,0.7,0.5,0.0,0.09593053245033353,0.4503106065376079
51,500,5,0.05,0.9,0.7,0.5,0.5,0.14043051603671242,0.45031433713075186
52,300,5,0.1,1.0,0.9,0.5,0.5,0.12268349924035706,0.45032470794020557
53,500,5,0.1,0.7,0.9,0.5,0.5,0.10279701616636124,0.45049187377578925
54,300,9,0.05,0.7,0.9,0.5,0.0,0.08814570639123734,0.4504986243924189
55,300,7,0.05,0.9,1.0,0.5,0.5,0.10601420075265384,0.4505282182100447
56,300,7,0.05,0.7,0.7,1.0,0.0,0.11169913184099975,0.4505410783506112
57,500,5,0.05,0.9,1.0,0.5,0.0,0.13281735332127967,0.45057399895546474
58,500,5,0.1,0.7,0.7,0.5,0.5,0.10411435271368141,0.450611263152228
59,500,5,0.05,0.7,0.9,1.0,0.0,0.14104627835812195,0.45061194842753005
60,300,5,0.1,0.7,0.7,0.5,0.0,0.12605918642834515,0.45069950130247277
61,500,7,0.05,0.9,0.9,0.5,0.0,0.08883461381728562,0.4507636734024915
62,500,5,0.1,0.7,0.9,1.0,0.5,0.10362315613039713,0.45076735123546574
63,300,7,0.05,0.9,0.9,1.0,0.0,0.10516429867091089,0.45077699387921005
64,300,7,0.05,0.7,1.0,0.5,0.0,0.10663437467527277,0.45080635995870766
65,300,7,0.1,0.9,0.7,0.5,0.5,0.08964269288933957,0.4509579048625628
66,500,5,0.2,1.0,1.0,1.0,0.5,0.09071924101890372,0.4509654526772824
67,500,5,0.05,0.7,1.0,1.0,0.0,0.14002031053053968,0.45097417929809447
68,300,5,0.2,1.0,1.0,1.0,0.5,0.09278714410644925,0.45100309020097995
69,300,5,0.1,0.9,0.9,1.0,0.5,0.1257587757950894,0.4510144202871411
70,500,7,0.1,0.9,0.7,0.5,0.5,0.08526435611193846,0.4510156329411154
71,500,5,0.05,0.9,0.9,1.0,0.0,0.13880735248781606,0.45101619548550065
72,300,7,0.05,0.9,0.7,1.0,0.5,0.11159287979792896,0.4510207520866143
73,500,7,0.05,0.7,0.7,0.5,0.0,0.09211043800217848,0.45102120938805934
74,500,7,0.05,0.9,0.9,1.0,0.5,0.09221517128599444,0.4510240731604747
75,500,7,0.05,0.7,0.9,1.0,0.0,0.092267848411709,0.45108636565506927
76,500,5,0.05,0.7,0.9,1.0,0.5,0.14554269514300158,0.45110291623963045
77,500,7,0.1,0.7,1.0,1.0,0.5,0.08545226075133136,0.4511162883473243
78,300,7,0.05,0.9,0.7,0.5,0.0,0.10293971765951657,0.45114272009107625
79,500,7,0.05,0.7,0.9,0.5,0.5,0.09487118859921292,0.45114983121516783
80,500,5,0.05,1.0,1.0,1.0,0.5,0.1404669235268236,0.45115476277908206
81,500,7,0.1,0.9,0.9,0.5,0.5,0.08498070559601689,0.4511995434474668
82,500,7,0.05,0.9,1.0,0.5,0.0,0.08887297101606532,0.45131173032739
83,500,5,0.1,0.9,0.9,1.0,0.0,0.09634942414941874,0.45133105541832885
84,300,7,0.05,0.7,0.7,0.5,0.5,0.11626897060313593,0.451369836639322
85,300,7,0.05,0.9,0.9,0.5,0.5,0.1074715765792924,0.4513703416806941
86,300,7,0.1,0.9,0.9,0.5,0.5,0.08919516875699743,0.45138399166198784
87,500,5,0.1,1.0,1.0,1.0,0.5,0.09746348393356495,0.4515004026953381
88,300,7,0.1,0.7,1.0,1.0,0.5,0.0916793572944052,0.45150648792506876
89,500,5,0.05,1.0,0.7,1.0,0.5,0.14441228480793725,0.4515384231398922
90,500,5,0.1,1.0,0.7,0.5,0.5,0.09789667713012702,0.45157301603041455
91,300,5,0.1,0.7,1.0,0.5,0.5,0.1283380518094308,0.4516042655721172
92,300,5,0.1,0.9,0.7,1.0,0.5,0.12817332834474726,0.4516392035759191
93,300,7,0.05,0.7,1.0,0.5,0.5,0.11319592764086112,0.4517311813837842
94,300,7,0.05,0.7,0.7,1.0,0.5,0.11954449038201521,0.45173191671614527
95,300,5,0.1,0.9,0.7,0.5,0.0,0.12182494705005596,0.45176075752287637
96,300,7,0.05,1.0,0.7,1.0,0.5,0.10984196499073161,0.4517983568511532
97,300,5,0.1,0.7,0.7,1.0,0.0,0.12757341679502046,0.45180607207381224
98,500,5,0.1,0.7,0.7,1.0,0.5,0.10539837687358267,0.4519076659735743
99,500,7,0.05,1.0,0.7,1.0,0.0,0.08683095946904572,0.45191001614250853
100,300,5,0.1,0.7,1.0,1.0,0.0,0.1256002599081282,0.45196277712524724
101,300,5,0.1,0.7,0.7,0.5,0.5,0.13178715575893346,0.4519792918741754
102,500,5,0.1,1.0,1.0,0.5,0.0,0.09080276605545062,0.45203858658225005
103,500,9,0.05,0.7,1.0,1.0,0.5,0.08663047572500622,0.452121727762517
104,500,9,0.05,0.7,1.0,1.0,0.0,0.08451811747670394,0.4521994751080072
105,300,7,0.05,0.9,0.9,0.5,0.0,0.10169930054596843,0.45233929045925686
106,300,5,0.1,0.9,0.9,0.5,0.5,0.12420633337335717,0.45244196701776396
107,500,7,0.05,0.9,1.0,1.0,0.0,0.08946249178613438,0.4524553395372728
108,300,7,0.05,0.9,0.9,1.0,0.5,0.10915631418487742,0.4525390590616625
109,300,5,0.1,0.7,0.9,1.0,0.5,0.13207822041979425,0.4525897662319164
110,300,5,0.1,0.7,0.9,0.5,0.5,0.12944568301617643,0.45260327842442183
111,500,7,0.05,1.0,0.7,0.5,0.5,0.09123133576619061,0.45266161636401736
112,300,9,0.05,0.7,1.0,1.0,0.0,0.08871857002431933,0.45269229501594355
113,500,5,0.05,0.9,0.9,0.5,0.5,0.13677541973806806,0.45272845825025565
114,300,7,0.05,0.7,0.9,1.0,0.0,0.10973730723895317,0.4527602567917148
115,300,9,0.05,0.7,1.0,1.0,0.5,0.09476500181109855,0.45277692293822225
116,500,5,0.05,1.0,1.0,0.5,0.5,0.1376152134541974,0.4527897590734099
117,500,5,0.1,1.0,0.9,1.0,0.0,0.09317597682443678,0.45282788021138304
118,500,7,0.1,0.7,0.7,1.0,0.5,0.086091486098202,0.4528301494165941
119,500,9,0.05,0.7,0.9,1.0,0.5,0.08685944951646296,0.4528392247780357
120,300,7,0.05,0.7,0.7,0.5,0.0,0.10841736803739835,0.4528780150596111
121,300,7,0.05,0.9,1.0,0.5,0.0,0.10163616271487877,0.45289406978806296
122,500,5,0.1,0.7,1.0,1.0,0.5,0.10309041532464848,0.4529125178833421
123,500,5,0.05,0.7,0.7,1.0,0.0,0.1436748197543422,0.45295004901994135
124,300,5,0.2,1.0,0.9,1.0,0.5,0.0933470219826837,0.45295754575380476
125,300,5,0.1,1.0,1.0,1.0,0.5,0.12478091355193414,0.45299040192816015
126,500,7,0.1,0.7,0.9,0.5,0.5,0.08542894412592607,0.453000977708843
127,300,7,0.05,0.7,0.9,0.5,0.5,0.11411918537969887,0.4530518047279952
128,500,5,0.05,1.0,0.9,0.5,0.0,0.13931176565755762,0.45305759802322476
129,500,5,0.1,0.9,1.0,0.5,0.5,0.09804208512551521,0.45306960851451294
130,500,5,0.2,1.0,0.9,1.0,0.5,0.09057846977696363,0.4530739113313317
131,500,5,0.1,0.9,0.7,1.0,0.0,0.0969411941316866,0.4530814882255194
132,500,9,0.05,0.7,1.0,0.5,0.0,0.08470995000301292,0.4531515684920699
133,300,7,0.1,0.7,0.9,0.5,0.5,0.0912612015169046,0.4531898062364925
134,500,3,0.2,0.9,1.0,0.5,0.0,0.13770382335946738,0.4531899315026404
135,300,5,0.1,1.0,0.7,0.5,0.5,0.12381118004508049,0.45323246237326453
136,300,9,0.05,0.7,0.9,1.0,0.5,0.09520253919457909,0.4532736836017416
137,300,7,0.1,0.7,0.7,1.0,0.5,0.09304574722275114,0.4532754670772783
138,500,7,0.05,0.7,0.9,1.0,0.5,0.09587488541817876,0.45330412546462384
139,500,5,0.05,0.9,0.7,0.5,0.0,0.13642711391518164,0.4533102828379287
140,500,7,0.05,1.0,0.9,0.5,0.0,0.08584905925543025,0.45332016491289906
141,500,9,0.05,0.7,0.9,1.0,0.0,0.08450285347008087,0.4533212640562251
142,500,7,0.1,0.9,1.0,1.0,0.0,0.08396862225336184,0.453434385099126
143,500,5,0.05,1.0,0.9,0.5,0.5,0.13804493909233956,0.4534371138789687
144,300,9,0.05,0.7,1.0,0.5,0.0,0.08812514684381025,0.45346238604639866
145,300,9,0.05,0.7,0.9,1.0,0.0,0.08896460707705715,0.4534628716976835
146,500,7,0.05,1.0,0.7,0.5,0.0,0.08577936092147205,0.4534679440542779
147,500,5,0.05,1.0,0.7,0.5,0.0,0.14207471958448542,0.45349430809477614
148,300,5,0.2,0.9,1.0,0.5,0.5,0.09426795696143594,0.4535097785246218
149,500,5,0.05,0.9,0.9,0.5,0.0,0.13378473498223528,0.45351358060358576
150,500,9,0.05,0.7,1.0,0.5,0.5,0.08625021354818874,0.4535159990022798
151,300,5,0.1,0.7,0.7,1.0,0.5,0.13476775268704036,0.4535875815939873
152,500,5,0.2,0.9,1.0,0.5,0.5,0.08691610419148593,0.4537149726603276
153,300,7,0.05,0.9,1.0,1.0,0.0,0.10502673638576336,0.4537721623097157
154,500,10,0.05,0.7,1.0,0.5,0.0,0.08343321500536378,0.4538427451194061
155,300,5,0.1,0.9,0.9,1.0,0.0,0.12285990093920467,0.4538489065998921
156,500,5,0.05,1.0,0.9,1.0,0.5,0.14278950790843958,0.4538975547805031
157,300,7,0.1,0.9,1.0,1.0,0.0,0.08688367299755541,0.4539183566367291
158,500,9,0.05,0.7,0.7,1.0,0.5,0.08739622091255056,0.4539352164191833
159,500,7,0.1,0.7,1.0,1.0,0.0,0.08564649641626224,0.4539511659201482
160,500,5,0.1,1.0,0.7,0.5,0.0,0.09192130652882388,0.45398937593353494
161,500,10,0.05,0.7,1.0,1.0,0.5,0.08525950811935189,0.4540359141197195
162,500,9,0.05,0.7,0.7,0.5,0.5,0.08700318840558259,0.45408514635588854
163,300,7,0.05,1.0,0.7,1.0,0.0,0.10664090039719792,0.4542002949802397
164,300,7,0.05,1.0,0.7,0.5,0.5,0.10719018549309117,0.4542376442838014
165,500,5,0.05,0.9,1.0,1.0,0.0,0.1370795491209115,0.4542427222866428
166,300,7,0.1,0.7,1.0,1.0,0.0,0.08976610235448511,0.4542784405001975
167,300,9,0.05,0.7,1.0,0.5,0.5,0.09356833112797842,0.4543200206289549
168,500,7,0.1,0.9,0.7,1.0,0.5,0.08546207175147603,0.4543957380531055
169,300,7,0.1,0.9,0.7,1.0,0.5,0.09023152602582611,0.4544307645787116
170,300,10,0.05,0.7,1.0,0.5,0.0,0.08548011459143329,0.4544385820961418
171,500,7,0.1,0.9,0.7,1.0,0.0,0.08376202559519658,0.45449103966970705
172,300,9,0.05,0.7,0.7,1.0,0.5,0.09628096252724398,0.45453589533778166
173,300,9,0.05,0.7,0.7,0.5,0.5,0.09489549668172848,0.45453770398181365
174,500,5,0.05,1.0,1.0,0.5,0.0,0.1398098118288979,0.4545557500970745
175,300,5,0.1,0.7,1.0,1.0,0.5,0.13122545744576747,0.454594420305758
176,300,10,0.05,0.7,1.0,1.0,0.5,0.09133002065342506,0.45459739225846213
177,300,7,0.1,0.9,0.7,1.0,0.0,0.08677071793757551,0.4545993451851532
178,300,5,0.1,1.0,1.0,0.5,0.0,0.12154141199974992,0.4545998943925323
179,500,7,0.1,0.9,1.0,0.5,0.5,0.0847495484397786,0.45464113324469535
180,500,7,0.05,0.9,1.0,1.0,0.5,0.09184836597785272,0.45466250460584595
181,500,7,0.05,0.7,1.0,1.0,0.5,0.09535980608161625,0.4546900877780484
182,500,5,0.1,1.0,0.7,1.0,0.5,0.09861952047004315,0.45469016152433595
183,500,9,0.05,0.9,0.7,1.0,0.5,0.08615731568992852,0.4547595540967108
184,300,7,0.1,0.9,1.0,0.5,0.5,0.08869812066597405,0.4547864622712944
185,500,5,0.05,0.7,0.9,0.5,0.0,0.1374699550602064,0.45480861773767206
186,300,7,0.05,1.0,0.9,0.5,0.0,0.10263016716238897,0.4548221233447721
187,500,5,0.1,0.7,0.9,0.5,0.0,0.09989514411333844,0.45484509473649004
188,500,5,0.2,0.9,0.9,0.5,0.0,0.0867599937846729,0.4548502369880784
189,300,5,0.2,0.9,0.7,1.0,0.5,0.09644954948918266,0.45486165172344245
190,300,7,0.1,0.9,0.9,0.5,0.0,0.08685126965604226,0.45498388308748483
191,300,5,0.2,0.9,0.9,0.5,0.0,0.09214489542338887,0.455025723665962
192,500,5,0.2,0.9,0.7,1.0,0.5,0.08777411368425662,0.4550670075136952
193,500,9,0.1,0.7,0.7,1.0,0.5,0.08324500138063703,0.4550734504400068
194,500,7,0.1,1.0,0.7,1.0,0.0,0.0815490248633519,0.45508191235034146
195,500,10,0.05,0.7,0.7,0.5,0.5,0.08558196376774946,0.4551171324918704
196,500,5,0.1,0.7,0.9,1.0,0.0,0.10044805264843888,0.45513225658866635
197,300,7,0.05,0.7,0.9,1.0,0.5,0.11679426318303104,0.4551414508398472
198,500,5,0.05,1.0,0.9,1.0,0.0,0.1439220930795768,0.45515917458100413
199,300,7,0.05,1.0,0.7,0.5,0.0,0.10237491353594089,0.45517871280782163
200,500,7,0.1,0.9,0.9,0.5,0.0,0.08403210150213629,0.45519103260314675
201,500,7,0.1,0.7,1.0,0.5,0.5,0.08531423472702887,0.4552372753391211
202,500,10,0.05,0.7,0.9,1.0,0.5,0.0854499770765824,0.4552776528820234
203,300,7,0.1,1.0,0.7,1.0,0.0,0.08398622942794576,0.4553159419721124
204,500,5,0.1,1.0,0.7,1.0,0.0,0.09385871668580162,0.4553540164496594
205,300,5,0.1,0.9,1.0,0.5,0.5,0.1222575147560451,0.45536275637077106
206,300,9,0.05,0.9,0.7,1.0,0.5,0.0915943676880729,0.4553633216907721
207,500,10,0.05,0.7,0.7,1.0,0.5,0.08592003858865406,0.4553869339976507
208,500,5,0.1,1.0,0.9,1.0,0.5,0.09787835480629863,0.45541928908984286
209,500,7,0.1,0.7,1.0,0.5,0.0,0.0859940132731126,0.45544138750361
210,300,5,0.1,0.9,0.7,1.0,0.0,0.12559381398196176,0.4554770793153516
211,300,9,0.1,0.7,0.7,1.0,0.5,0.08594478425438706,0.4555095783612306
212,300,7,0.1,0.7,1.0,0.5,0.5,0.09107901710843326,0.4555139092217217
213,500,5,0.1,0.9,1.0,0.5,0.0,0.09564330372841588,0.4556034589318895
214,500,7,0.05,1.0,1.0,1.0,0.5,0.09100358330526181,0.4556423380730878
215,500,7,0.05,1.0,0.9,1.0,0.0,0.08664839493996361,0.4556615979550247
216,500,9,0.05,0.9,0.7,0.5,0.5,0.08593284898508907,0.4557018540158568
217,500,5,0.2,0.9,0.9,0.5,0.5,0.08713272355990984,0.4557567815606695
218,300,10,0.05,0.7,0.9,1.0,0.5,0.09174458843815689,0.4557711356885069
219,300,5,0.05,0.7,1.0,1.0,0.5,0.2002115378320442,0.45581362325556973
220,500,5,0.1,0.7,1.0,0.5,0.0,0.09940344041144906,0.4558324444684727
221,500,10,0.01,0.7,0.9,0.5,0.0,0.11329256079722225,0.4558438791693951
222,300,10,0.05,0.7,0.7,1.0,0.5,0.09264046453626397,0.45586966397224704
223,300,10,0.05,0.7,0.7,0.5,0.5,0.09159466771140108,0.45589519717780674
224,500,7,0.1,0.9,0.9,1.0,0.5,0.08506673468666837,0.4558997080872057
225,500,3,0.2,0.9,0.7,0.5,0.5,0.15217225360548522,0.45597255591974867
226,500,9,0.05,0.7,0.9,0.5,0.5,0.08649732119158987,0.45603894145532226
227,300,5,0.1,1.0,0.9,1.0,0.0,0.12573796644116134,0.4560714800940079
228,300,9,0.05,0.9,0.7,0.5,0.5,0.09074272236534245,0.45608160896389816
229,500,9,0.01,0.7,1.0,0.5,0.0,0.128902035048901,0.45609443189704213
230,500,5,0.05,1.0,1.0,1.0,0.0,0.14470519426260156,0.4560949373566495
231,300,7,0.1,0.9,0.9,1.0,0.5,0.08949655053140589,0.4561120603671204
232,500,9,0.05,0.7,0.7,0.5,0.0,0.08443722139220089,0.4562069429011433
233,300,5,0.2,0.9,0.9,0.5,0.5,0.09482790177445495,0.4562122248245146
234,500,7,0.05,1.0,1.0,0.5,0.5,0.09025495903281681,0.4562192298863996
235,300,7,0.05,0.9,1.0,1.0,0.5,0.10853157053442541,0.4563094805457077
236,300,7,0.1,0.7,1.0,0.5,0.0,0.0896995511702238,0.45632804222515094
237,300,7,0.05,0.7,1.0,1.0,0.5,0.11606669769776558,0.4563482027485298
238,300,7,0.1,0.7,0.7,1.0,0.0,0.08970048928583566,0.45637309440372337
239,500,7,0.1,0.7,0.7,1.0,0.0,0.0852992406648899,0.45638371948610484
240,500,5,0.1,1.0,0.9,0.5,0.0,0.09157461574519131,0.4563942714877828
241,300,9,0.05,0.7,0.9,0.5,0.5,0.09394844322096044,0.456447585960607
242,300,7,0.1,1.0,0.9,0.5,0.0,0.08320965683698943,0.4565401022472309
243,500,7,0.1,1.0,0.9,0.5,0.0,0.08149318497501251,0.45654093315219524
244,500,5,0.1,1.0,1.0,0.5,0.5,0.0964995860143102,0.45656957895730477
245,500,3,0.2,1.0,1.0,1.0,0.5,0.14873062422528727,0.4565778116545397
246,300,5,0.3,0.9,0.9,0.5,0.5,0.0883801693913952,0.45660460495312394
247,500,5,0.1,0.9,0.9,0.5,0.0,0.09548653349692447,0.4566827250991137
248,500,10,0.01,0.7,0.7,0.5,0.0,0.11453542174828157,0.4567094330218291
249,500,7,0.05,1.0,0.9,0.5,0.5,0.09058123695782906,0.4567444730372784
250,500,7,0.1,0.9,0.7,0.5,0.0,0.08382414083983779,0.4567579685926632
251,500,9,0.05,0.9,0.7,1.0,0.0,0.08297035555336474,0.4568985465483705
252,500,10,0.05,0.7,0.9,0.5,0.0,0.08334489184469272,0.4569030874848488
253,300,5,0.2,1.0,1.0,0.5,0.5,0.09222156534115514,0.45691600645852876
254,500,5,0.2,1.0,1.0,0.5,0.5,0.09021985809929417,0.45693696752688656
255,500,9,0.01,0.7,0.9,0.5,0.0,0.12992817832273393,0.4569792089681115
256,500,5,0.3,0.9,0.9,0.5,0.5,0.08436317246072723,0.45698396236140126
257,500,7,0.1,0.7,0.9,1.0,0.0,0.08540266801670196,0.4570463163161877
258,500,9,0.1,0.7,0.9,0.5,0.5,0.08297367582132958,0.4570636889851228
259,500,9,0.01,0.7,0.7,0.5,0.0,0.13164052243415436,0.45707130452417155
260,300,9,0.05,0.7,0.7,0.5,0.0,0.08811329930463692,0.4570714280471676
261,500,9,0.05,0.9,1.0,0.5,0.5,0.08535097409911474,0.4570926285487533
262,300,5,0.1,1.0,0.7,0.5,0.0,0.12371337546599498,0.45713160927683794
263,300,7,0.1,0.9,0.7,0.5,0.0,0.08662313962846321,0.45713191443819673
264,300,9,0.1,0.7,0.9,0.5,0.5,0.08526816382688264,0.4571394386436058
265,300,5,0.05,0.9,0.7,1.0,0.5,0.20283655164435582,0.4572186390175649
266,300,5,0.1,1.0,0.7,1.0,0.5,0.1268106463604857,0.4572202973742054
267,500,5,0.05,1.0,0.7,1.0,0.0,0.14545807380221365,0.4572444373872806
268,300,5,0.05,0.9,1.0,0.5,0.5,0.19133897243104708,0.4572459007393731
269,300,7,0.05,1.0,1.0,1.0,0.5,0.10813764263809358,0.45726184047150686
270,300,5,0.1,0.7,0.9,1.0,0.0,0.12687420030710497,0.457264220387102
271,300,7,0.1,0.7,0.9,1.0,0.0,0.08955766598960362,0.4572763297188938
272,500,9,0.1,0.7,0.7,0.5,0.5,0.08315750648842704,0.4573315483988478
273,300,5,0.1,0.7,0.9,0.5,0.0,0.123740832811163,0.4573666472614779
274,300,5,0.05,0.9,1.0,1.0,0.5,0.19584996445735897,0.4574779165275151
275,500,10,0.01,0.7,0.9,1.0,0.0,0.12394620129557593,0.45748626477258014
276,300,9,0.05,0.9,0.7,1.0,0.0,0.08546019353822265,0.4574923903734766
277,300,5,0.05,0.7,0.9,0.5,0.5,0.19831419875566425,0.457496871424168
278,300,7,0.05,1.0,1.0,0.5,0.5,0.10532737188805112,0.45751912528579325
279,300,5,0.1,0.9,1.0,0.5,0.0,0.1190713007986808,0.45754936811492203
280,300,5,0.1,0.7,1.0,0.5,0.0,0.12260452193274786,0.4576023221138131
281,300,9,0.05,0.9,1.0,0.5,0.5,0.08976566005556004,0.4576049589399712
282,300,9,0.1,0.7,0.7,0.5,0.5,0.08564002596749329,0.4576362274832197
283,500,10,0.05,0.7,0.9,1.0,0.0,0.08320899696267402,0.45764257104496914
284,300,7,0.1,1.0,0.7,0.5,0.5,0.08941114851743698,0.45767025835865516
284,500,7,0.1,1.0,0.7,0.5,0.5,0.08941114851743698,0.45767025835865516
286,300,10,0.05,0.7,0.9,0.5,0.0,0.08537268733887517,0.45768539934509017
287,300,5,0.05,0.7,0.7,0.5,0.5,0.20205156083435424,0.4577604473864316
288,500,9,0.01,0.7,0.9,1.0,0.0,0.14124098440056598,0.45779986056808525
289,300,7,0.05,1.0,0.9,1.0,0.0,0.10623767867955758,0.45783879497699403
290,300,7,0.05,1.0,0.9,0.5,0.5,0.10566217691320656,0.4579274302194919
291,500,7,0.05,1.0,0.9,1.0,0.5,0.09143255626288146,0.4580208595378386
292,300,10,0.05,0.7,0.9,1.0,0.0,0.0856580359735164,0.45804631756999725
293,500,10,0.05,0.9,0.7,1.0,0.5,0.08507510349555496,0.45804874156355685
294,300,5,0.1,1.0,0.9,1.0,0.5,0.12528127464213432,0.4580749572000526
295,500,10,0.01,0.7,1.0,0.5,0.0,0.11274123923904386,0.45821194918065833
296,300,5,0.2,0.7,0.7,1.0,0.5,0.10014224536917142,0.4582502055485099
297,500,5,0.2,0.7,0.7,1.0,0.5,0.08925276702624706,0.45829683659879455
298,300,5,0.05,0.7,0.7,1.0,0.5,0.20818783248060008,0.4583201087610067
299,300,5,0.05,0.9,0.9,1.0,0.5,0.1987266646825994,0.45843143047330653
300,300,5,0.1,1.0,1.0,0.5,0.5,0.1213091978683577,0.4584415712959541
301,500,10,0.05,0.7,0.7,1.0,0.0,0.08310962987784522,0.4584608699826791
302,300,10,0.05,0.7,0.7,1.0,0.0,0.08570947697866727,0.45854215422116495
303,500,10,0.05,0.7,1.0,0.5,0.5,0.08502547581850955,0.4585513890298156
304,500,7,0.05,1.0,1.0,1.0,0.0,0.08705304003889786,0.4585847135072161
305,300,9,0.1,0.7,0.9,1.0,0.5,0.08548665128520301,0.4585976936847784
306,300,10,0.05,0.9,0.7,1.0,0.5,0.08896150991487227,0.4586233842856532
307,500,5,0.2,1.0,1.0,1.0,0.0,0.08182064322984794,0.4586246400540676
308,500,7,0.1,0.9,0.9,1.0,0.0,0.08402214642923037,0.4586269278416888
309,500,9,0.1,0.7,0.9,1.0,0.5,0.08303813604981222,0.4586505287878531
310,300,5,0.2,1.0,0.7,1.0,0.0,0.08808583367047364,0.45865753346012583
311,300,5,0.1,1.0,0.7,1.0,0.0,0.1285181067130178,0.45866627819357964
312,300,5,0.1,1.0,0.9,0.5,0.0,0.12370378502427071,0.4586812277273546
313,500,7,0.1,0.7,0.7,0.5,0.0,0.08566481211801925,0.45868584547242053
314,500,7,0.1,0.7,0.9,0.5,0.0,0.0859399558792301,0.45869801578207986
315,300,7,0.1,0.9,0.9,1.0,0.0,0.0871175586697776,0.4587376113534499
316,300,7,0.1,1.0,0.7,0.5,0.0,0.08320111673097484,0.4587600402435998
317,500,5,0.2,0.9,0.9,1.0,0.0,0.08667890804112519,0.4587610468049266
318,500,7,0.1,1.0,0.7,0.5,0.0,0.0814861717701689,0.45879620899330453
319,500,9,0.05,0.9,1.0,1.0,0.5,0.08554702064226824,0.45881665087102136
320,500,9,0.01,0.7,0.7,1.0,0.0,0.14327869611416777,0.45884152458745087
321,500,9,0.01,0.7,1.0,1.0,0.0,0.14051541334931344,0.45886082552285645
322,300,7,0.1,0.7,0.7,0.5,0.0,0.089480818844568,0.4588811101307358
323,500,10,0.01,0.7,1.0,1.0,0.0,0.12284414880187712,0.4588866835813223
324,500,10,0.05,0.7,1.0,1.0,0.0,0.08323117891730157,0.45891470266472717
325,300,5,0.2,0.9,0.9,1.0,0.0,0.09285327197227916,0.4589748833707647
326,300,7,0.1,0.7,0.9,0.5,0.0,0.08973227048965607,0.45897640470179735
327,300,5,0.2,1.0,1.0,1.0,0.0,0.0872046004322281,0.45905334137743636
328,300,5,0.05,0.7,1.0,0.5,0.0,0.19312540949457951,0.4590675186831674
329,500,5,0.2,1.0,0.7,1.0,0.0,0.08193315275555983,0.4590816610302764
330,500,7,0.1,1.0,0.9,0.5,0.5,0.08903294389753662,0.4591167731152929
330,300,7,0.1,1.0,0.9,0.5,0.5,0.08903294389753662,0.4591167731152929
332,300,5,0.1,0.9,0.9,0.5,0.0,0.11961295401083293,0.4591282716272416
333,300,10,0.05,0.7,1.0,0.5,0.5,0.09046057097514075,0.4591361944714788
334,500,10,0.05,0.7,0.9,0.5,0.5,0.08515086487519115,0.45916027203039644
335,300,9,0.05,0.9,1.0,1.0,0.5,0.0904736447150983,0.4591905970407874
336,300,5,0.05,0.7,0.7,0.5,0.0,0.19819703031200175,0.45922726149339294
337,300,10,0.05,0.7,1.0,1.0,0.0,0.0856945046182868,0.45924234091596383
338,300,5,0.05,0.9,1.0,0.5,0.0,0.18916796355441154,0.45924856022345073
339,500,7,0.1,0.7,0.7,0.5,0.5,0.08595270061067596,0.4593372819561076
340,300,7,0.1,0.7,0.9,1.0,0.5,0.09202116616180979,0.45933882360614375
341,500,7,0.1,0.7,0.9,1.0,0.5,0.08567031935751299,0.45934103186306074
342,500,7,0.1,1.0,1.0,1.0,0.0,0.0815372703036665,0.45934975495238184
343,300,7,0.05,1.0,0.9,1.0,0.5,0.1094596060279753,0.45935017083783297
344,500,9,0.1,0.9,0.7,0.5,0.5,0.08317862896641556,0.4593756913386047
345,300,7,0.1,1.0,1.0,1.0,0.0,0.08370037254232963,0.45948056168194046
346,500,9,0.05,0.9,0.9,1.0,0.5,0.0856479382976827,0.45950235025430064
347,300,9,0.1,0.9,0.7,0.5,0.5,0.0849929153793548,0.4595871636498222
348,500,9,0.05,0.7,0.7,1.0,0.0,0.08435407335393748,0.4596201421021822
349,300,5,0.05,0.9,0.7,1.0,0.0,0.1986317956152287,0.4596553327110034
350,500,9,0.01,0.9,0.7,0.5,0.0,0.11045155252935047,0.4596985955356796
351,300,9,0.05,0.9,0.9,1.0,0.5,0.0907103154856768,0.4598041884188289
352,300,10,0.05,0.7,0.9,0.5,0.5,0.09061750480693243,0.45985011340720405
353,500,10,0.01,0.7,0.7,1.0,0.0,0.12545517880793397,0.4598602279420589
354,500,3,0.2,0.9,0.7,1.0,0.5,0.15457325858134163,0.4598860482685163
355,500,5,0.2,0.7,1.0,1.0,0.5,0.08834790554961855,0.45991892817477237
356,500,9,0.05,0.9,1.0,1.0,0.0,0.08311653878683617,0.45993031728893
357,300,5,0.2,0.9,1.0,1.0,0.0,0.09250306979111134,0.4599459899822988
358,500,9,0.05,0.9,0.7,0.5,0.0,0.08285206744045517,0.4599614055744222
359,300,5,0.05,0.7,1.0,1.0,0.0,0.1979441746030535,0.4599823220761911
360,300,7,0.1,1.0,0.9,1.0,0.5,0.08933441708768892,0.4600391699091317
360,500,7,0.1,1.0,0.9,1.0,0.5,0.08933441708768892,0.4600391699091317
362,500,5,0.2,0.9,1.0,1.0,0.0,0.08670121240479067,0.4600462979010011
363,500,7,0.1,0.9,1.0,0.5,0.0,0.0841201572721629,0.46010874212492675
364,300,7,0.1,0.7,0.7,0.5,0.5,0.09242564316248014,0.4601306596065032
365,300,7,0.2,0.9,0.7,0.5,0.0,0.0834743449583399,0.46013877562785743
366,300,5,0.05,0.7,1.0,0.5,0.5,0.19752682180363917,0.4601485700908826
367,500,10,0.05,0.9,0.7,1.0,0.0,0.08218842751404538,0.4602033784840634
368,300,5,0.05,0.7,0.9,1.0,0.5,0.2017840102045378,0.4602083891261082
369,500,7,0.1,0.9,1.0,1.0,0.5,0.0849644772592888,0.4602173077056665
370,500,7,0.2,0.9,0.7,0.5,0.0,0.08265666842298294,0.46024633239217394
371,500,9,0.05,0.9,0.9,0.5,0.5,0.08550045040791579,0.46026878757744977
372,300,7,0.2,0.9,1.0,1.0,0.5,0.08414714248927857,0.4602856039047632
373,300,9,0.05,0.9,1.0,1.0,0.0,0.08554081919750811,0.4602984590265031
374,500,5,0.2,0.9,0.7,0.5,0.5,0.08758600430073023,0.46030223672454074
375,500,9,0.05,0.9,0.9,1.0,0.0,0.08306644363537971,0.4603281108023149
376,300,9,0.05,0.9,0.7,0.5,0.0,0.08480669615179585,0.46033691044614156
377,300,7,0.1,0.9,1.0,1.0,0.5,0.08928679606433944,0.4603372363342189
378,500,7,0.2,0.9,1.0,1.0,0.5,0.08263018534106449,0.4603375050877484
379,300,5,0.05,1.0,0.7,0.5,0.5,0.19998525870185088,0.46035974391985873
380,300,7,0.1,0.9,1.0,0.5,0.0,0.0868544622185509,0.4603931605736639
381,500,9,0.1,0.7,1.0,0.5,0.5,0.08290238156027276,0.4604045821123115
382,500,5,0.2,1.0,0.7,0.5,0.5,0.09059339665698893,0.4604456397508661
383,500,10,0.01,0.7,0.7,0.5,0.5,0.14559749630082097,0.46046594263825863
384,500,3,0.3,0.9,1.0,1.0,0.5,0.12286963045357482,0.4604967187522852
385,300,9,0.1,0.7,1.0,0.5,0.5,0.08506329804260299,0.4605258680507163
386,300,5,0.2,1.0,0.7,0.5,0.5,0.0935560923204126,0.4605590669316553
387,500,5,0.2,1.0,1.0,0.5,0.0,0.08168911834952851,0.4605733817603897
388,500,7,0.2,0.9,0.7,1.0,0.5,0.08286041207172061,0.4606119076791693
389,300,5,0.2,0.9,0.7,0.5,0.5,0.09568772009809787,0.46062631580642066
390,300,7,0.2,0.9,0.7,1.0,0.5,0.08462619050082527,0.4606351383385067
391,300,9,0.05,0.7,0.7,1.0,0.0,0.08902910404117338,0.4606724526894227
392,300,5,0.05,0.9,0.9,0.5,0.5,0.19376045054159158,0.4606918934743874
393,500,10,0.05,0.7,0.7,0.5,0.0,0.08323097997242532,0.46069311485912384
394,300,5,0.2,1.0,1.0,0.5,0.0,0.08588231908228006,0.46075003337299963
395,300,9,0.05,0.9,0.9,0.5,0.5,0.09003373325518929,0.46075365838612387
396,300,9,0.05,0.9,0.9,1.0,0.0,0.08556721774215535,0.4607576316089162
397,300,5,0.2,0.7,1.0,1.0,0.5,0.09830589045722377,0.46080641848108345
398,300,10,0.05,0.9,0.7,1.0,0.0,0.0833603278085662,0.46080771419609823
399,500,9,0.01,0.9,0.7,1.0,0.0,0.11999818423227233,0.46081208649005834
400,300,5,0.05,1.0,1.0,1.0,0.5,0.19940106438768165,0.4608333058073589
401,300,5,0.05,0.7,0.9,1.0,0.0,0.19852556404491434,0.46087937765517006
402,300,7,0.05,1.0,1.0,1.0,0.0,0.10679107232695428,0.4609093115767044
403,300,3,0.2,0.9,1.0,0.5,0.0,0.1916335662768839,0.460921433189408
404,500,10,0.01,0.7,0.9,0.5,0.5,0.14313001071179146,0.46093504741261343
405,500,9,0.01,0.9,0.9,0.5,0.0,0.10922268665397791,0.46094635535797
406,500,10,0.05,0.9,0.7,0.5,0.0,0.08213055514965435,0.46096543617211794
407,300,5,0.05,0.9,0.7,0.5,0.5,0.19761561274384798,0.461024276391629
408,500,9,0.1,0.9,0.7,1.0,0.5,0.08318922772227116,0.46103857805664034
409,500,9,0.01,0.7,1.0,0.5,0.5,0.15598506118773192,0.46107964591383493
410,300,10,0.05,0.7,0.7,0.5,0.0,0.08527762340518316,0.4611196306941718
411,300,7,0.1,1.0,1.0,0.5,0.0,0.08347432152296126,0.4611706815424632
412,300,5,0.05,0.9,0.9,1.0,0.0,0.19652032158660485,0.4611977772387559
413,300,9,0.1,0.9,0.7,1.0,0.5,0.08509330682847213,0.4612312119552354
414,300,10,0.1,0.9,0.7,1.0,0.5,0.08430972794756363,0.46125449309508726
415,500,7,0.1,1.0,1.0,0.5,0.0,0.0815013020515221,0.46129631651832287
416,500,10,0.1,0.9,0.7,1.0,0.5,0.08280741280219212,0.4613091098279934
417,500,9,0.01,0.9,0.7,0.5,0.5,0.13945366792055228,0.4613098248021821
418,500,3,0.2,0.7,0.7,1.0,0.0,0.14999545483110158,0.4613289743955729
419,500,9,0.05,0.9,0.9,0.5,0.0,0.08300144513048682,0.4613605614565283
420,300,5,0.05,0.9,0.9,0.5,0.0,0.19097742189015982,0.4614606432683453
421,500,5,0.3,0.9,1.0,1.0,0.5,0.08433441050780746,0.4614851757343409
422,300,5,0.3,0.9,1.0,1.0,0.5,0.08835685397804745,0.46149417790734587
423,500,3,0.2,0.9,0.9,0.5,0.0,0.1378731086400603,0.4614955888149346
424,500,3,0.1,0.7,0.7,0.5,0.5,0.2249614987020311,0.46151176815622436
425,500,3,0.2,0.9,1.0,0.5,0.5,0.14817543958417267,0.46168232904697337
426,500,10,0.05,0.9,0.7,0.5,0.5,0.08490034773720483,0.46171264195951783
427,300,9,0.1,0.7,0.7,1.0,0.0,0.083832444795306,0.46171959373783567
428,500,3,0.2,1.0,0.9,1.0,0.0,0.1429713967941625,0.46173101450669785
429,300,10,0.05,0.9,0.7,0.5,0.0,0.08302347615411558,0.4617478980909317
430,500,3,0.2,0.9,1.0,1.0,0.0,0.1417033801119352,0.46176198406641206
431,500,9,0.01,0.7,0.9,0.5,0.5,0.15724280884179506,0.4617674017525143
432,500,10,0.1,0.7,1.0,1.0,0.5,0.08258969045132329,0.46179141408851804
433,300,9,0.05,0.9,0.9,0.5,0.0,0.08493580595991923,0.46179968091217516
434,500,10,0.1,0.7,0.7,1.0,0.5,0.08279501280876138,0.46185153023054415
435,300,5,0.05,1.0,0.9,0.5,0.5,0.19724095138849052,0.4618543853150415
436,500,3,0.1,0.9,0.7,1.0,0.5,0.2250274500999449,0.46187210340297513
437,500,7,0.01,0.7,1.0,0.5,0.0,0.1999688908199783,0.46190887578550993
438,500,9,0.05,1.0,0.7,1.0,0.5,0.08818254157971324,0.46196726584037845
439,500,9,0.1,0.7,0.7,1.0,0.0,0.08269620068024951,0.4620326224114487
440,300,5,0.05,1.0,0.7,1.0,0.5,0.2060004469704751,0.4620591552559592
441,300,9,0.05,1.0,0.7,1.0,0.5,0.0899116287135321,0.46207790928777415
442,500,10,0.05,0.9,0.9,0.5,0.5,0.08453483939766551,0.4621237477597277
443,500,9,0.01,0.9,0.7,1.0,0.5,0.14574338880755414,0.46212777180916415
444,500,3,0.2,0.7,0.7,1.0,0.5,0.1617407706792327,0.4621370712103831
445,300,10,0.05,0.9,0.7,0.5,0.5,0.08847282366498836,0.462138802473695
446,300,10,0.1,0.7,1.0,1.0,0.5,0.08431836472143918,0.4622369369371034
447,300,5,0.05,0.7,0.9,0.5,0.0,0.19360950808193825,0.462261580073739
448,300,5,0.05,0.9,1.0,1.0,0.0,0.1941766642725657,0.462264383729441
449,500,3,0.2,0.7,1.0,0.5,0.5,0.1544753982831473,0.4622700599827161
450,300,7,0.1,1.0,1.0,1.0,0.5,0.08923609006789897,0.46228274235624356
451,500,7,0.1,1.0,1.0,1.0,0.5,0.08917657577871767,0.4622838368949297
452,500,7,0.1,1.0,1.0,0.5,0.5,0.0890451972169151,0.46230593068795856
452,300,7,0.1,1.0,1.0,0.5,0.5,0.0890451972169151,0.46230593068795856
454,500,10,0.05,0.9,0.9,1.0,0.5,0.08471093312169098,0.4623555488263621
455,300,10,0.05,0.9,0.9,0.5,0.5,0.08786771180665456,0.46238183508783703
456,500,10,0.01,0.9,0.7,0.5,0.0,0.09667893132941917,0.46240488958075743
457,300,5,0.05,1.0,0.9,0.5,0.0,0.19786852727748333,0.46244434302499315
458,500,3,0.1,0.7,0.7,1.0,0.5,0.22918921820151192,0.4624453783690191
459,300,10,0.1,0.7,0.7,1.0,0.5,0.0848199178952775,0.4624514306057607
460,300,5,0.05,1.0,0.7,0.5,0.0,0.2008142271889343,0.46251450942368405
461,300,5,0.2,0.9,0.9,1.0,0.5,0.09508831626282062,0.4625152741602575
462,500,10,0.01,0.7,0.9,1.0,0.5,0.1503689179539654,0.4625333591188708
463,300,7,0.2,0.9,0.7,0.5,0.5,0.0844712751987018,0.46253746068949025
464,500,7,0.2,1.0,0.7,0.5,0.5,0.08818724565508151,0.46254304827839005
464,300,7,0.2,1.0,0.7,0.5,0.5,0.08818724565508151,0.46254304827839005
466,500,7,0.2,0.9,0.7,0.5,0.5,0.08281588647019891,0.4625572597175207
467,500,9,0.01,0.7,0.7,0.5,0.5,0.15970630029277644,0.46258433431346374
468,500,3,0.2,0.9,0.9,1.0,0.5,0.1510556950512924,0.46261906709066436
469,500,3,0.2,0.7,0.9,1.0,0.5,0.1585871747123336,0.462632882850486
470,500,10,0.01,0.7,1.0,0.5,0.5,0.142096338295886,0.462646578470818
471,500,9,0.01,0.9,1.0,0.5,0.0,0.10884997254482176,0.46264815607064635
472,500,9,0.05,1.0,0.7,0.5,0.0,0.08147888188633573,0.4626516156941086
473,500,9,0.01,0.9,1.0,1.0,0.0,0.11801625550802672,0.4627020005631235
474,300,5,0.3,0.9,0.7,0.5,0.5,0.08906710151540073,0.4627133898363033
475,500,5,0.2,0.9,0.9,1.0,0.5,0.08719656329084653,0.46275372692597505
476,300,10,0.05,0.9,0.9,1.0,0.5,0.08835599582828452,0.46276954692011935
477,300,5,0.05,0.9,0.7,0.5,0.0,0.19357588009426052,0.4627731169792223
478,500,9,0.01,0.9,0.9,1.0,0.0,0.11862815536253049,0.4627917160052578
479,500,5,0.3,0.9,0.7,0.5,0.5,0.08470553909314349,0.4628326155110403
480,300,5,0.05,1.0,1.0,0.5,0.5,0.19567147686649533,0.4628704471208093
481,500,7,0.05,1.0,1.0,0.5,0.0,0.08573061494794622,0.46287871930065727
482,500,9,0.01,0.7,0.9,1.0,0.5,0.16484917583814104,0.4628866878430364
483,300,9,0.05,1.0,0.7,0.5,0.0,0.08255704153426319,0.4628899518161738
484,500,9,0.05,1.0,0.7,0.5,0.5,0.08827542329829967,0.46293727155318104
485,500,9,0.1,0.7,0.9,1.0,0.0,0.0828107835209004,0.46295601315097235
486,300,9,0.05,1.0,0.7,0.5,0.5,0.08932293927038436,0.46295899777096444
487,300,5,0.2,0.9,1.0,0.5,0.0,0.09225952417466572,0.4630049142186108
488,500,5,0.2,0.9,1.0,0.5,0.0,0.08697082808301518,0.4630171725455795
489,500,10,0.1,0.7,0.7,0.5,0.5,0.08272437744415789,0.4630522059550502
490,500,10,0.1,0.7,1.0,0.5,0.5,0.08251472371720545,0.463055317929344
491,300,3,0.3,0.9,1.0,1.0,0.5,0.16093726605747008,0.46306900641710896
492,300,9,0.1,0.7,0.9,1.0,0.0,0.08386531736757373,0.46307848935225177
493,500,5,0.2,1.0,0.7,1.0,0.5,0.09023240878687944,0.4630882165078638
494,500,10,0.01,0.9,0.7,1.0,0.0,0.10408301663169026,0.46309592938238175
495,300,3,0.2,0.9,0.7,0.5,0.5,0.20409284930571514,0.4631151883355291
496,500,3,0.2,1.0,0.9,0.5,0.5,0.1470050455940532,0.4631171121424955
497,300,10,0.1,0.7,0.7,0.5,0.5,0.08457120745579608,0.4631190015742716
498,500,10,0.1,0.9,0.7,0.5,0.5,0.08276070583327673,0.4631512903976255
499,500,7,0.1,1.0,0.9,1.0,0.0,0.0815254011537818,0.4631551979177972
500,300,5,0.2,1.0,0.7,1.0,0.5,0.09422636561075189,0.46316103873494524
501,500,5,0.1,1.0,1.0,1.0,0.0,0.09348338609597437,0.4631953813214232
502,300,10,0.1,0.7,1.0,0.5,0.5,0.08406215699312325,0.463230465991719
503,300,7,0.1,1.0,0.9,1.0,0.0,0.0838065450630963,0.46326462931891554
504,500,5,0.2,0.9,1.0,1.0,0.5,0.0869668133051426,0.46331720403863985
505,300,10,0.1,0.9,0.7,0.5,0.5,0.0841658621432301,0.4633246688790316
506,500,3,0.2,0.7,1.0,1.0,0.5,0.1557329271953824,0.46338339787428606
507,500,3,0.2,1.0,0.7,1.0,0.5,0.1510774506366896,0.4634154671246004
508,500,3,0.3,1.0,0.9,1.0,0.5,0.12074538538947893,0.4634246247519741
509,500,9,0.01,0.9,0.9,0.5,0.5,0.13736441535004612,0.4634497796958166
510,300,5,0.05,0.7,0.7,1.0,0.0,0.20318823268998762,0.46352259012503055
511,500,9,0.1,0.7,1.0,1.0,0.0,0.08283861846862821,0.46355320041540293
512,500,3,0.3,1.0,1.0,1.0,0.5,0.11935600706884794,0.4635593520234158
513,500,3,0.1,0.9,0.7,0.5,0.0,0.21660900816123546,0.46356715815867167
514,300,3,0.2,1.0,1.0,1.0,0.5,0.20246589493073014,0.46357901320415046
515,500,9,0.01,0.7,1.0,1.0,0.5,0.16387429392042965,0.4635840511519417
516,500,10,0.01,0.7,1.0,1.0,0.5,0.1491490991888069,0.4635914919590059
517,500,5,0.2,1.0,0.9,1.0,0.0,0.08184161431460399,0.4636277040981749
518,500,3,0.2,0.9,0.9,0.5,0.5,0.14813486796516043,0.46363243102533686
519,300,5,0.2,0.9,1.0,1.0,0.5,0.0946852143061581,0.4636551405247047
520,500,9,0.2,0.9,0.7,0.5,0.5,0.08207819206667712,0.4636733108309735
521,500,10,0.05,0.9,1.0,0.5,0.5,0.08440156855549302,0.4637119772975292
522,500,9,0.01,1.0,0.7,0.5,0.0,0.10416286736167168,0.46377146868635777
523,500,9,0.01,0.7,0.7,1.0,0.5,0.167775692644051,0.4637759093313267
524,300,5,0.05,1.0,1.0,0.5,0.0,0.1987071481732341,0.46379800038086144
525,300,9,0.1,0.7,1.0,1.0,0.0,0.08390137609890526,0.46379964731729906
526,500,7,0.01,0.9,0.9,0.5,0.0,0.18252115915603537,0.46381571021108425
527,300,9,0.2,0.9,0.7,0.5,0.5,0.08279526257856595,0.46384078599077483
528,500,10,0.05,0.9,1.0,1.0,0.5,0.08456573181090157,0.46389046834081266
529,300,5,0.2,1.0,0.9,1.0,0.0,0.0871630020904437,0.4639573688252891
530,500,3,0.1,0.9,0.7,1.0,0.0,0.22040630371356107,0.46398389338620355
531,500,9,0.01,0.9,1.0,1.0,0.5,0.14204272178136645,0.4639978171674096
532,300,10,0.05,0.9,1.0,0.5,0.5,0.08765456164184528,0.4641013034324238
533,500,3,0.1,0.9,1.0,1.0,0.5,0.22059864145342709,0.4641586835510318
534,500,9,0.01,0.9,0.9,1.0,0.5,0.14305953693950008,0.46418766144545504
535,500,10,0.01,0.9,0.7,1.0,0.5,0.13208536030163356,0.46423079746197454
536,300,10,0.1,0.7,1.0,1.0,0.0,0.0829739996220043,0.4642731060485909
537,500,10,0.1,0.7,1.0,1.0,0.0,0.08236336780308552,0.46427703491246025
538,500,7,0.01,0.9,1.0,0.5,0.0,0.18184259800562097,0.4642961490335152
539,500,7,0.01,0.9,0.7,0.5,0.0,0.18565315376837666,0.46430501535236873
540,300,7,0.05,1.0,1.0,0.5,0.0,0.10306930754082083,0.46432147342437413
541,300,10,0.05,0.9,1.0,1.0,0.5,0.088095558849792,0.464322934936344
542,500,3,0.1,0.7,0.9,0.5,0.0,0.21564200364167038,0.46439542896426245
543,500,10,0.1,0.7,0.7,0.5,0.0,0.08242737922049412,0.46442916788844996
544,500,5,0.3,1.0,1.0,0.5,0.5,0.08948750916757155,0.46443955070693915
544,300,5,0.3,1.0,1.0,0.5,0.5,0.08948750916757155,0.46443955070693915
546,500,3,0.1,0.9,0.7,0.5,0.5,0.2219831130903549,0.4644544764847847
547,500,9,0.1,0.9,0.7,1.0,0.0,0.08200552259351068,0.4645002488710052
548,500,3,0.2,0.9,1.0,1.0,0.5,0.15028280358355137,0.4645424450258581
549,300,10,0.1,0.7,0.7,0.5,0.0,0.0830150690870335,0.4645777842523644
550,500,7,0.01,0.7,1.0,1.0,0.0,0.20958770953101744,0.4646139913649204
551,500,7,0.2,0.9,0.7,1.0,0.0,0.08252046780188527,0.46466877825254405
552,500,9,0.05,0.9,1.0,0.5,0.0,0.08308815123207912,0.46469295808008776
553,300,5,0.05,1.0,0.9,1.0,0.5,0.20299638166604042,0.46470671842491323
554,300,7,0.2,0.9,0.7,1.0,0.0,0.08333600712262108,0.4647739467051463
555,500,7,0.01,0.7,0.9,1.0,0.0,0.21131298856758995,0.46478561435229376
556,500,3,0.1,1.0,0.7,0.5,0.5,0.2231132388655998,0.4647956351026641
557,500,3,0.2,0.9,0.7,1.0,0.0,0.14513281557147073,0.464804139937183
558,500,10,0.05,0.9,0.9,1.0,0.0,0.0822694803515936,0.46483072833815775
559,300,9,0.1,0.9,0.7,1.0,0.0,0.08263034396748001,0.4648593769187952
560,500,10,0.05,0.9,0.9,0.5,0.0,0.08220489357607767,0.46488916182858375
561,500,9,0.01,0.9,1.0,0.5,0.5,0.13614702546705051,0.46490410568690205
562,300,10,0.05,0.9,0.9,1.0,0.0,0.08346217236861049,0.46493852391061247
563,500,5,0.2,0.9,0.7,0.5,0.0,0.08668770150873124,0.4649984901207795
564,500,10,0.01,0.9,0.7,0.5,0.5,0.12660684314705645,0.46500949435235006
565,500,7,0.01,0.7,0.9,0.5,0.0,0.20128986971011606,0.46502041090104235
566,500,9,0.1,0.9,1.0,0.5,0.0,0.08217705475615693,0.46504518279099727
567,500,9,0.1,0.9,0.9,0.5,0.0,0.08212832731725199,0.46508512791951756
568,300,9,0.1,0.9,1.0,0.5,0.0,0.08276458473756429,0.46509532434511097
569,300,9,0.05,0.9,1.0,0.5,0.0,0.08503986418437566,0.4651165058203368
570,500,10,0.01,0.7,0.7,1.0,0.5,0.15285827876146127,0.46519903656637834
571,300,9,0.1,0.9,1.0,1.0,0.5,0.08459669483607533,0.46520250462877616
572,500,3,0.2,1.0,0.7,0.5,0.5,0.14911272069503728,0.46526496756543584
573,500,3,0.2,0.9,0.7,0.5,0.0,0.1416785444090097,0.46526946370348726
574,500,5,0.2,0.7,1.0,0.5,0.0,0.09025053749444827,0.46531451718270306
575,500,9,0.1,0.9,1.0,1.0,0.5,0.08293186397838374,0.4653439710066102
576,300,10,0.05,0.9,0.9,0.5,0.0,0.08307061155622131,0.4653484076349474
577,500,3,0.1,0.7,1.0,0.5,0.0,0.21201153351388963,0.4653525066599849
578,500,7,0.01,0.9,0.7,0.5,0.5,0.2029703116963967,0.46536533581944783
579,300,5,0.05,1.0,0.9,1.0,0.0,0.20333851007058742,0.4653922693204123
580,300,5,0.1,1.0,1.0,1.0,0.0,0.12646097918295884,0.46539727601361086
581,300,5,0.2,0.9,0.7,0.5,0.0,0.0924642837650288,0.465439638324096
582,500,3,0.2,1.0,0.9,1.0,0.5,0.14861018726858252,0.4654452954073522
583,300,10,0.1,0.7,0.9,0.5,0.0,0.08314166253835648,0.46547872064818135
584,500,7,0.01,0.9,0.7,1.0,0.0,0.1956415750722208,0.46548420072449287
585,300,5,0.3,0.9,0.9,1.0,0.5,0.08857154149452555,0.46549277496817154
586,500,9,0.1,0.7,0.7,0.5,0.0,0.08294074704654077,0.46550427558808477
587,500,5,0.3,0.9,0.9,1.0,0.5,0.08439868881495656,0.46557830845219966
588,300,9,0.1,0.9,0.9,0.5,0.0,0.08273154256437863,0.46558668770665546
589,300,5,0.2,0.7,1.0,0.5,0.0,0.09641085346674345,0.46559707349108825
590,500,9,0.1,1.0,0.7,0.5,0.5,0.08739055069845851,0.4656017189361359
590,300,9,0.1,1.0,0.7,0.5,0.5,0.08739055069845851,0.4656017189361359
592,500,3,0.3,1.0,0.9,0.5,0.5,0.11871361170279791,0.4656021865488177
593,300,7,0.2,0.9,1.0,0.5,0.5,0.08407396722809916,0.4656257907857087
594,500,7,0.2,0.9,1.0,0.5,0.5,0.08261615092734813,0.4657204264655521
595,500,5,0.2,1.0,0.7,0.5,0.0,0.0817479805325873,0.465740956719239
596,300,5,0.2,1.0,0.7,0.5,0.0,0.08649071140941794,0.46575439625660175
597,500,7,0.01,0.9,0.9,1.0,0.0,0.19234482407310682,0.4657960185515795
598,500,9,0.1,0.9,0.9,1.0,0.5,0.08300590790342319,0.46588275479035796
599,500,10,0.01,0.9,0.9,0.5,0.0,0.0959026452184162,0.46588592521630173
600,500,3,0.1,0.7,1.0,1.0,0.5,0.22321866614332703,0.46595525484090905
601,500,3,0.1,0.9,0.9,1.0,0.0,0.21694955944432404,0.46596069201658635
602,500,7,0.2,1.0,0.7,1.0,0.5,0.08792226223203782,0.4659607082366075
602,300,7,0.2,1.0,0.7,1.0,0.5,0.08792226223203782,0.4659607082366075
604,300,9,0.1,0.7,0.7,0.5,0.0,0.08398451170056205,0.46598612131815637
605,300,9,0.1,0.9,0.9,1.0,0.5,0.0847653355347602,0.46599250716543805
606,500,7,0.2,0.9,1.0,0.5,0.0,0.08284447766346123,0.4660218950090934
607,500,3,0.1,0.7,0.9,0.5,0.5,0.22151242152953346,0.4660708546283482
608,500,7,0.01,0.7,0.7,0.5,0.0,0.2047960280586775,0.46607251279973444
609,500,7,0.01,0.9,1.0,1.0,0.0,0.19101991944877786,0.4660920748504105
610,500,10,0.1,0.7,0.9,0.5,0.5,0.082591433269437,0.46610627711933084
611,500,3,0.2,1.0,0.7,0.5,0.0,0.14209126938197583,0.46611952610327806
612,500,7,0.01,0.9,0.9,0.5,0.5,0.20031201449465125,0.4661800138800196
613,500,3,0.2,1.0,0.9,0.5,0.0,0.13865399394264885,0.4661817564015566
614,500,5,0.2,0.7,1.0,1.0,0.0,0.08930108707007277,0.4661995538049044
615,500,10,0.01,0.9,0.9,1.0,0.5,0.1299037531843504,0.4662345999601386
616,500,7,0.2,0.7,0.7,0.5,0.5,0.0829790987448318,0.4662563927298648
617,500,10,0.1,0.7,1.0,0.5,0.0,0.08259632799236404,0.4663019338884561
618,500,3,0.1,1.0,0.7,1.0,0.0,0.22765401134568242,0.4663204543449755
619,500,10,0.01,0.9,0.9,1.0,0.0,0.10299406622996389,0.4663211268362682
620,500,9,0.2,1.0,0.9,1.0,0.0,0.0813991946705857,0.46633313286506906
621,300,9,0.2,1.0,0.9,1.0,0.0,0.08139919461501066,0.46633313314032776
622,300,7,0.2,0.9,1.0,0.5,0.0,0.08370626605458573,0.4663682089992124
623,300,5,0.05,1.0,0.7,1.0,0.0,0.20663712136314433,0.46640424098552963
624,500,7,0.01,1.0,0.7,0.5,0.0,0.18070116005860168,0.4664113550931185
625,300,10,0.1,0.7,0.9,0.5,0.5,0.08426431875848284,0.4664119406708795
626,500,5,0.2,0.9,0.7,1.0,0.0,0.08640565022773439,0.4664223396735151
627,500,9,0.1,0.7,1.0,0.5,0.0,0.08311568339864524,0.46643445236978415
628,500,7,0.01,0.7,1.0,0.5,0.5,0.2163135903467358,0.46645153941598866
629,500,3,0.1,0.9,1.0,0.5,0.5,0.21805340920677524,0.4664640648633707
630,500,10,0.1,0.7,0.9,1.0,0.0,0.08231789322987093,0.4665221951804225
631,300,5,0.2,0.7,1.0,1.0,0.0,0.09587071974232547,0.4665452462085609
632,500,3,0.2,0.7,1.0,0.5,0.0,0.14419920717360354,0.4665481359158469
633,500,7,0.2,0.7,0.7,1.0,0.0,0.08376429039898149,0.4665788568413989
634,500,9,0.05,1.0,0.9,0.5,0.0,0.08148319920571316,0.4665871766306091
635,500,10,0.1,0.7,0.9,0.5,0.0,0.0825069603509313,0.46659151910339675
636,300,7,0.2,0.7,0.7,0.5,0.5,0.0849799778274769,0.4666037340231055
637,300,10,0.1,0.7,0.9,1.0,0.0,0.08298678086656582,0.4666376484384596
638,300,7,0.2,1.0,0.7,1.0,0.0,0.08142723847345272,0.46666845370681437
639,500,7,0.2,1.0,0.7,1.0,0.0,0.08140141566938616,0.4666875526193014
640,300,9,0.1,0.7,1.0,0.5,0.0,0.0841603616566069,0.46669328030654456
641,300,5,0.05,1.0,1.0,1.0,0.0,0.2031635625852503,0.46669596012258857
642,500,10,0.05,0.9,1.0,0.5,0.0,0.08227213163564288,0.4667145365074783
643,300,9,0.05,1.0,0.9,0.5,0.0,0.08260032506481227,0.46671870937198146
644,300,7,0.2,0.9,0.9,0.5,0.5,0.08422071742215269,0.4667413241589057
645,500,7,0.2,0.9,0.9,0.5,0.5,0.08267904988676678,0.46674490375953537
646,500,3,0.1,0.9,0.9,0.5,0.5,0.21860888321106067,0.46676704325507357
647,500,10,0.1,0.7,0.9,1.0,0.5,0.08263076447073699,0.4667835488796262
648,500,10,0.05,0.9,1.0,1.0,0.0,0.0823038226659658,0.466789366831743
649,500,3,0.2,1.0,0.7,1.0,0.0,0.1443403931764066,0.46683242723595075
650,500,7,0.2,1.0,1.0,1.0,0.0,0.08140168084569067,0.4668491837990116
651,500,9,0.05,1.0,0.9,1.0,0.5,0.08756847322564826,0.4668593544438432
652,300,5,0.3,1.0,0.9,1.0,0.0,0.0821634808031062,0.46686599114381827
653,500,3,0.1,1.0,0.7,1.0,0.5,0.22666429033417407,0.4668704839732744
654,300,7,0.2,1.0,1.0,1.0,0.0,0.08142260409041148,0.4668730195579243
655,300,10,0.05,0.9,1.0,1.0,0.0,0.08346214591424075,0.46692822835069214
656,500,5,0.2,0.7,0.7,0.5,0.5,0.08899338586924602,0.46694055833119147
657,500,5,0.3,1.0,0.9,1.0,0.0,0.08141343653184438,0.466976714216211
658,500,10,0.01,0.9,1.0,0.5,0.0,0.09561524260768535,0.4669907386886089
659,500,5,0.2,0.7,0.9,0.5,0.5,0.08834552912171562,0.46705832782962015
660,300,9,0.05,1.0,0.9,1.0,0.5,0.08954367818398033,0.46706470394737204
661,300,7,0.2,1.0,1.0,1.0,0.5,0.08794924168768904,0.46708154788326584
661,500,7,0.2,1.0,1.0,1.0,0.5,0.08794924168768904,0.46708154788326584
663,500,3,0.3,1.0,0.7,1.0,0.0,0.11149082961042935,0.4670868381818403
664,500,3,0.1,1.0,1.0,0.5,0.5,0.2212694694209923,0.4671164377766907
665,300,5,0.2,0.7,0.7,0.5,0.5,0.09943225429966078,0.4671227058825366
666,300,7,0.2,0.9,1.0,1.0,0.0,0.08353112332321452,0.4671342185965184
667,300,3,0.2,0.7,0.7,1.0,0.0,0.20569408403025635,0.4671346029421202
668,300,10,0.05,0.9,1.0,0.5,0.0,0.08316813086531008,0.4671853959050735
669,500,3,0.2,0.9,0.9,1.0,0.0,0.14115016783495796,0.4672492054502357
670,500,7,0.01,1.0,0.7,1.0,0.0,0.18942572316842698,0.46725355548233244
671,300,10,0.1,0.7,0.9,1.0,0.5,0.0843811700390038,0.4672563902725958
672,500,10,0.01,0.9,0.9,0.5,0.5,0.12494147112493555,0.46727739191090917
673,300,10,0.1,0.7,1.0,0.5,0.0,0.08320521653372745,0.4673180676615543
674,500,3,0.1,0.7,0.9,1.0,0.5,0.22629814223569328,0.46734328896718147
675,500,7,0.01,0.9,1.0,0.5,0.5,0.1993807327901314,0.46737000127956413
676,300,3,0.3,1.0,0.9,1.0,0.5,0.16102456343865662,0.46737008237342215
677,500,10,0.01,0.9,1.0,1.0,0.5,0.12893370676583318,0.46740649728522565
678,500,7,0.2,0.9,1.0,1.0,0.0,0.08265184938879037,0.46743561093637076
679,300,5,0.2,0.7,0.9,0.5,0.5,0.097942003451589,0.46743846142147605
680,500,3,0.1,0.9,0.9,1.0,0.5,0.22103369705084272,0.46748439391779556
681,300,7,0.2,0.7,0.7,1.0,0.0,0.08502405795270694,0.46750231692894223
682,500,3,0.3,0.9,1.0,0.5,0.5,0.12118612829656378,0.46754858033735636
683,500,9,0.1,0.7,1.0,1.0,0.5,0.0829417953440161,0.46756607899407837
684,500,3,0.1,0.9,1.0,1.0,0.0,0.2168693635953831,0.4675944625869517
685,500,7,0.2,0.7,1.0,0.5,0.0,0.08430368244013531,0.4676029165076089
686,500,5,0.2,0.7,0.9,1.0,0.5,0.08849711104026439,0.46760477846599274
687,300,3,0.2,0.9,0.7,1.0,0.5,0.20730399494459165,0.4676672416639319
688,500,5,0.2,0.7,0.7,0.5,0.0,0.08976949373110824,0.46770427544743526
689,300,5,0.2,1.0,0.9,0.5,0.5,0.09257033471721854,0.46771692834723433
690,500,7,0.01,0.9,0.7,1.0,0.5,0.2110237842874409,0.4677471108643833
691,500,5,0.3,1.0,1.0,0.5,0.0,0.08140405416282374,0.4677558016544092
692,500,5,0.2,1.0,0.9,0.5,0.5,0.09043882369099385,0.4677799101835294
693,500,7,0.01,0.7,0.9,0.5,0.5,0.21803689589730457,0.4677827642829757
694,300,5,0.2,0.9,0.7,1.0,0.0,0.09281936472229782,0.46778695070076226
695,300,9,0.1,0.7,1.0,1.0,0.5,0.08525143076066788,0.46779514687373674
696,300,5,0.3,1.0,1.0,0.5,0.0,0.08193274918061673,0.46782050616776133
697,300,3,0.2,0.9,0.9,0.5,0.0,0.19219827516868773,0.4678418370009176
698,300,5,0.3,1.0,1.0,1.0,0.0,0.08211696386590364,0.46787841373872996
699,300,5,0.2,0.7,0.9,1.0,0.5,0.09866091558246248,0.46790097675610764
700,500,5,0.3,1.0,1.0,1.0,0.0,0.08141138642265787,0.46795536150170847
701,500,9,0.01,1.0,0.7,1.0,0.5,0.1390061028478796,0.4679785746551768
702,300,3,0.3,1.0,1.0,1.0,0.5,0.15968070767014717,0.4680043811885728
703,500,3,0.1,0.9,0.9,0.5,0.0,0.2126646798743658,0.4680475921390222
704,300,5,0.2,0.7,0.7,0.5,0.0,0.09687610267526038,0.4680592445683303
705,500,9,0.01,1.0,0.7,1.0,0.0,0.1133912731218499,0.46810015143281464
706,500,9,0.1,1.0,0.7,1.0,0.5,0.08775358570092634,0.46813908515040153
706,300,9,0.1,1.0,0.7,1.0,0.5,0.08775358570092634,0.46813908515040153
708,500,3,0.1,0.7,0.9,1.0,0.0,0.21833001709926797,0.46814160718760034
709,500,9,0.1,0.9,1.0,1.0,0.0,0.08210655646597408,0.46817308427656235
710,500,3,0.1,0.7,1.0,1.0,0.0,0.21685140870733194,0.4681780054416123
711,500,3,0.2,1.0,1.0,0.5,0.5,0.14655766835331907,0.4681827144333814
712,500,5,0.3,0.9,1.0,1.0,0.0,0.08496713797985389,0.4682131974587223
713,500,7,0.01,0.7,0.7,1.0,0.0,0.21551868873836255,0.46821640221233757
714,500,9,0.1,0.9,0.9,1.0,0.0,0.08204584317530757,0.46823371734530095
715,500,10,0.01,0.9,1.0,0.5,0.5,0.12413550431046871,0.4682911910925175
716,300,9,0.1,0.9,0.9,1.0,0.0,0.08270386780324147,0.46833036052125976
717,500,5,0.3,0.9,0.9,1.0,0.0,0.08493378671515142,0.4683737335693163
718,300,9,0.1,0.9,1.0,1.0,0.0,0.08272551904162698,0.4684582667308735
719,500,5,0.2,0.7,1.0,0.5,0.5,0.08812827159214412,0.4684590884340106
720,300,3,0.3,1.0,0.9,0.5,0.5,0.15853900588394976,0.46846333082803404
721,500,10,0.01,0.9,1.0,1.0,0.0,0.10261836373340678,0.4684669880750118
722,500,7,0.2,1.0,0.9,1.0,0.5,0.08798997070994616,0.46847205030871863
722,300,7,0.2,1.0,0.9,1.0,0.5,0.08798997070994616,0.46847205030871863
724,300,7,0.3,0.9,0.7,0.5,0.5,0.08310809851060535,0.46849919398019757
725,500,3,0.3,1.0,1.0,0.5,0.5,0.1185618832006502,0.46851194096684373
726,500,9,0.1,0.9,0.9,0.5,0.5,0.0829582474830765,0.46853216604994624
727,500,3,0.1,1.0,1.0,1.0,0.5,0.2237155628379307,0.4685529987677982
728,500,3,0.1,0.7,0.7,1.0,0.0,0.2220323011386046,0.46867202973313393
729,500,7,0.01,0.9,0.9,1.0,0.5,0.20802808548886187,0.4686823473139268
730,500,7,0.01,0.7,0.7,0.5,0.5,0.222037230755995,0.46871147288330406
731,300,7,0.2,0.7,1.0,0.5,0.0,0.0855014324448711,0.4687125978455222
732,300,9,0.1,0.9,0.9,0.5,0.5,0.08465421191841668,0.46873426851587846
733,500,3,0.1,0.7,1.0,0.5,0.5,0.21942567510841002,0.4687424031407454
734,300,5,0.3,0.9,1.0,1.0,0.0,0.08751432297604995,0.46877816080322776
735,300,5,0.2,0.7,1.0,0.5,0.5,0.0976361223719819,0.46883789857752206
736,500,7,0.3,0.9,0.7,0.5,0.5,0.0821940114880647,0.46885382205638076
737,500,9,0.1,0.9,1.0,0.5,0.5,0.08288976445278977,0.468854768823869
738,500,9,0.05,1.0,0.7,1.0,0.0,0.08155347846571268,0.46885928255137854
739,500,7,0.01,0.7,0.9,1.0,0.5,0.2261176754377788,0.46887448002272236
740,300,3,0.2,0.9,1.0,1.0,0.0,0.19713164392070903,0.46887649131356757
741,300,9,0.2,0.9,1.0,0.5,0.5,0.08258018476938617,0.4688879583724826
742,300,5,0.3,1.0,0.9,1.0,0.5,0.0893523471046364,0.46888842741602127
742,500,5,0.3,1.0,0.9,1.0,0.5,0.0893523471046364,0.46888842741602127
744,500,5,0.2,1.0,0.9,0.5,0.0,0.08172670510126562,0.4689072099217817
745,300,3,0.2,0.9,1.0,0.5,0.5,0.19893436904685766,0.46890811837669344
746,500,9,0.01,1.0,0.7,0.5,0.5,0.13358620371717822,0.4689408841218891
747,500,7,0.01,0.9,1.0,1.0,0.5,0.20621585531489345,0.4689454315023105
748,500,3,0.2,0.7,1.0,1.0,0.0,0.1468006015100151,0.4689632565436191
749,500,10,0.1,0.9,0.9,1.0,0.5,0.08267830987232731,0.46897425512282964
750,500,9,0.2,0.9,1.0,0.5,0.5,0.08195818761037162,0.4689919106236621
751,300,5,0.3,1.0,1.0,1.0,0.5,0.08930218567733006,0.46900183235095194
751,500,5,0.3,1.0,1.0,1.0,0.5,0.08930218567733006,0.46900183235095194
753,300,9,0.1,0.9,1.0,0.5,0.5,0.08446968517337396,0.469014033878435
754,300,5,0.3,0.9,0.9,1.0,0.0,0.08756885930259387,0.4690215038463102
755,300,9,0.1,1.0,0.7,1.0,0.0,0.08144999445942004,0.4691133545204182
756,300,9,0.05,1.0,0.7,1.0,0.0,0.08331788027805813,0.4691148353656277
757,500,9,0.1,1.0,0.7,1.0,0.0,0.08140199278019165,0.46912379854811936
758,500,7,0.01,0.7,1.0,1.0,0.5,0.2241841565545457,0.4691300485184317
759,300,10,0.1,0.9,0.9,1.0,0.5,0.08405115198327322,0.46915308519715065
760,500,3,0.1,0.9,1.0,0.5,0.0,0.21227610651858067,0.46917354406569817
761,500,3,0.3,0.9,1.0,1.0,0.0,0.11369765745255483,0.46918730550737636
762,500,3,0.2,0.7,0.9,0.5,0.5,0.1562586727538062,0.46918768805800265
763,300,7,0.2,0.9,0.9,0.5,0.0,0.08365154180787998,0.4692420432484439
764,300,7,0.3,1.0,0.9,0.5,0.5,0.08730691352357293,0.4692523310096388
764,500,7,0.3,1.0,0.9,0.5,0.5,0.08730691352357293,0.4692523310096388
766,500,3,0.2,0.7,0.7,0.5,0.5,0.15964573921888509,0.46927494082554705
767,500,7,0.2,1.0,1.0,0.5,0.5,0.08806366533877355,0.4692814879196532
767,300,7,0.2,1.0,1.0,0.5,0.5,0.08806366533877355,0.4692814879196532
769,500,10,0.1,0.9,1.0,1.0,0.5,0.08258212102969126,0.46938821204075915
770,300,5,0.2,1.0,0.9,0.5,0.0,0.08623747951435026,0.46940035791343304
771,500,3,0.3,0.9,0.7,0.5,0.5,0.12571612986100864,0.469451853577175
772,500,3,0.3,0.7,0.9,1.0,0.5,0.13082416979957148,0.4694518700738748
773,300,10,0.1,0.9,1.0,1.0,0.5,0.08384792362431367,0.46952782356422285
774,300,9,0.1,0.7,0.9,0.5,0.0,0.08417979186526825,0.46956638589390004
775,300,7,0.3,1.0,1.0,1.0,0.0,0.08139951739598766,0.4696099498152645
776,500,7,0.3,1.0,1.0,1.0,0.0,0.08139951739266789,0.4696099499856134
777,500,3,0.3,0.9,0.7,1.0,0.5,0.12615506449717143,0.46962602398311126
778,300,3,0.2,1.0,0.9,0.5,0.5,0.1995958875833697,0.469634618455814
779,500,9,0.2,0.7,0.7,0.5,0.5,0.08222889846696778,0.46968630091739516
780,500,7,0.2,0.9,0.9,0.5,0.0,0.08280980011889262,0.4697087786284831
781,300,3,0.2,1.0,0.7,1.0,0.5,0.20461463898335933,0.4697413281983097
782,500,10,0.1,0.9,0.7,1.0,0.0,0.0817476225071097,0.46974157616947576
783,300,3,0.2,0.7,1.0,0.5,0.5,0.20489404503626737,0.4697616435144358
784,300,3,0.2,0.9,0.7,1.0,0.0,0.20190605952497703,0.4698383619747732
785,300,3,0.2,1.0,0.9,1.0,0.0,0.2014839932564536,0.46989224173720084
786,300,3,0.3,0.9,1.0,1.0,0.0,0.15340322840766812,0.469904394627439
787,300,3,0.3,0.9,0.7,0.5,0.5,0.16532839348500938,0.4699434216638649
788,500,9,0.05,1.0,0.9,1.0,0.0,0.08157629674301552,0.4699718928784016
789,500,3,0.1,1.0,0.9,1.0,0.5,0.22414428686966018,0.4699835376630067
790,500,7,0.01,1.0,0.7,0.5,0.5,0.19924438203373185,0.4700458087807012
791,500,10,0.05,1.0,0.7,1.0,0.5,0.0872991942291902,0.47012162005428115
792,500,9,0.1,0.7,0.9,0.5,0.0,0.08309247252608146,0.47014167229735715
793,500,9,0.1,1.0,0.9,0.5,0.5,0.08738617924994697,0.4701431554195451
793,300,9,0.1,1.0,0.9,0.5,0.5,0.08738617924994697,0.4701431554195451
795,300,10,0.1,0.9,0.7,1.0,0.0,0.08206489033920963,0.4701501078677331
796,500,3,0.1,0.7,0.7,0.5,0.0,0.2193615964661114,0.47018449358759423
797,300,10,0.05,1.0,0.7,1.0,0.5,0.08807023148470539,0.4702019679285082
798,300,9,0.05,1.0,0.9,1.0,0.0,0.08354762561787549,0.4702486309667712
799,300,9,0.2,0.7,0.7,0.5,0.5,0.0828696656082106,0.4702683770977969
800,300,3,0.3,1.0,0.7,1.0,0.0,0.15816379715415552,0.4702714032902793
801,500,9,0.2,1.0,0.9,1.0,0.5,0.08695586848159766,0.4703108329798186
801,300,9,0.2,1.0,0.9,1.0,0.5,0.08695586848159766,0.4703108329798186
803,300,3,0.2,0.7,0.9,1.0,0.5,0.20928381816567657,0.4704361336848073
804,300,3,0.2,0.9,0.7,0.5,0.0,0.19941200570806286,0.47044862739226934
805,300,3,0.2,0.9,0.9,1.0,0.5,0.20277399089770043,0.47048982351625923
806,300,3,0.3,1.0,1.0,0.5,0.5,0.15697518764946372,0.4704918485728006
807,500,7,0.01,1.0,0.9,0.5,0.0,0.17862511255504188,0.4705048949727356
808,300,5,0.3,1.0,0.7,1.0,0.5,0.08942081100233898,0.47052679570820954
808,500,5,0.3,1.0,0.7,1.0,0.5,0.08942081100233898,0.47052679570820954
810,500,10,0.01,1.0,0.7,1.0,0.5,0.12574090468576746,0.47065190899109716
811,500,7,0.01,0.7,0.7,1.0,0.5,0.2301551986070846,0.4706651816553508
812,300,7,0.2,1.0,0.7,0.5,0.0,0.0814139082883717,0.47067683471551697
813,500,7,0.2,1.0,0.7,0.5,0.0,0.08140075168912919,0.470692885617936
814,500,9,0.1,0.9,0.7,0.5,0.0,0.08205729933757464,0.4706958872889781
815,300,3,0.2,1.0,0.9,0.5,0.0,0.19741681525935692,0.4707471361397034
816,300,10,0.1,1.0,0.7,0.5,0.5,0.087072764025958,0.47075044615440415
816,500,10,0.1,1.0,0.7,0.5,0.5,0.087072764025958,0.47075044615440415
818,500,7,0.01,1.0,0.7,1.0,0.5,0.20677635004929326,0.4707765735567098
819,500,10,0.1,0.9,0.9,0.5,0.5,0.08260331665512372,0.47083817039262293
820,300,7,0.2,1.0,0.9,1.0,0.0,0.08142352777289855,0.47084299846500727
821,500,7,0.2,1.0,0.9,1.0,0.0,0.08140142150506742,0.4708639215910749
822,300,3,0.3,0.9,1.0,0.5,0.5,0.15959737281744227,0.4709095852227302
823,500,7,0.2,0.7,0.9,1.0,0.0,0.08383743766559855,0.4709476441258341
824,300,7,0.2,0.7,0.9,1.0,0.0,0.08503014347491855,0.47105059213970113
825,300,5,0.3,1.0,0.7,0.5,0.5,0.0892282871168873,0.4710568174647566
825,500,5,0.3,1.0,0.7,0.5,0.5,0.0892282871168873,0.4710568174647566
827,500,3,0.3,1.0,0.7,0.5,0.0,0.10812693980530966,0.4710730390316691
828,300,10,0.1,0.9,0.9,0.5,0.5,0.0838860420027624,0.47108089473513787
829,500,7,0.2,1.0,0.9,0.5,0.5,0.0880463239911265,0.47109650463758906
829,300,7,0.2,1.0,0.9,0.5,0.5,0.0880463239911265,0.47109650463758906
831,300,3,0.2,0.7,0.7,1.0,0.5,0.21299637808107988,0.47111334121900844
832,500,3,0.2,1.0,1.0,1.0,0.0,0.14150442529933435,0.4711946326666539
833,300,9,0.2,0.9,1.0,1.0,0.5,0.08262027814937506,0.4712102315988946
834,500,9,0.05,1.0,0.9,0.5,0.5,0.0877201939786749,0.4712234954545338
835,500,3,0.3,0.9,0.9,0.5,0.5,0.12235425167983015,0.47122575840001024
836,500,9,0.2,0.9,1.0,1.0,0.5,0.08197083672400048,0.47122934003914274
837,300,9,0.1,1.0,0.9,0.5,0.0,0.08141453803687569,0.47124459808267377
838,500,9,0.1,1.0,0.9,0.5,0.0,0.08140113255595893,0.47124603658653624
839,300,5,0.3,1.0,0.9,0.5,0.0,0.08203906660351348,0.47129434970484957
840,500,5,0.3,1.0,0.9,0.5,0.0,0.08140536625303729,0.4713030991261827
841,300,9,0.1,0.9,0.7,0.5,0.0,0.08265698220453839,0.47131471920264795
842,500,10,0.05,1.0,0.7,0.5,0.5,0.0872691585851626,0.47131938044369664
843,500,3,0.3,0.9,0.9,1.0,0.5,0.12399704845239981,0.4713607175624032
844,300,10,0.05,1.0,0.7,0.5,0.5,0.08771298602436406,0.4713653146082491
845,300,3,0.2,0.9,1.0,1.0,0.5,0.20197769394366696,0.47138375283381045
846,300,9,0.05,1.0,0.9,0.5,0.5,0.08904842588200747,0.4714016143028902
847,300,10,0.1,0.7,0.7,1.0,0.0,0.08286872277338471,0.4714150882525903
848,500,10,0.01,1.0,0.7,1.0,0.0,0.0987892400055418,0.47141807133202424
849,500,10,0.1,0.9,1.0,0.5,0.0,0.08186065751958568,0.4714612847324877
850,500,5,0.2,0.7,0.9,1.0,0.0,0.08934834700417801,0.47148167863621715
851,300,10,0.01,0.7,0.9,0.5,0.0,0.17470583004323442,0.47151752537007185
852,300,3,0.3,0.7,0.9,1.0,0.5,0.1722861050372739,0.4715321096898565
853,300,3,0.2,0.9,0.9,0.5,0.5,0.19901413980548247,0.47153236119117764
854,300,10,0.1,0.9,1.0,0.5,0.0,0.08218061784734926,0.47157570927175557
855,300,9,0.2,0.7,0.9,1.0,0.5,0.08278438877150347,0.47158832152397084
856,500,10,0.1,0.7,0.7,1.0,0.0,0.0822497436788083,0.4715927229837585
857,500,3,0.1,1.0,1.0,0.5,0.0,0.2184233982592199,0.47159530363008717
858,500,3,0.1,1.0,0.7,0.5,0.0,0.22159274870257867,0.47167468805258383
859,500,3,0.3,0.9,0.9,1.0,0.0,0.11434621677735847,0.471675135302889
860,500,7,0.01,1.0,0.9,1.0,0.0,0.1873418133704922,0.47169713160075927
861,500,10,0.01,1.0,0.7,0.5,0.5,0.12118128714827645,0.47174047100969535
862,500,7,0.2,0.7,0.9,1.0,0.5,0.08283627916906593,0.47180913485243686
863,300,7,0.2,0.9,0.9,1.0,0.5,0.08419135079595991,0.4718156620453217
864,300,5,0.3,1.0,0.7,1.0,0.0,0.08226468731740076,0.47181810484169895
865,500,10,0.1,0.9,0.9,0.5,0.0,0.08183395401328375,0.4718209943265229
866,500,7,0.2,0.9,0.9,1.0,0.5,0.08265098150252825,0.4718995967515421
867,500,3,0.2,1.0,1.0,0.5,0.0,0.13798124566038283,0.4719132434241856
868,500,5,0.3,1.0,0.7,1.0,0.0,0.08141672509358895,0.47193136818135123
869,300,3,0.2,0.7,1.0,1.0,0.5,0.20646682656068732,0.4720397201560872
870,300,10,0.1,0.9,0.9,0.5,0.0,0.0821594361408436,0.4720592039100171
871,500,7,0.2,0.7,1.0,0.5,0.5,0.08280049808666873,0.47206076631687993
872,500,9,0.2,0.7,0.9,1.0,0.5,0.08214067481049361,0.4721506781978541
873,300,7,0.2,0.7,1.0,0.5,0.5,0.08450093036545687,0.47215528852567784
874,500,9,0.3,1.0,0.9,0.5,0.5,0.08602239249130106,0.47215804197282485
874,300,9,0.3,1.0,0.9,0.5,0.5,0.08602239249130106,0.47215804197282485
876,300,5,0.2,0.7,0.9,1.0,0.0,0.096531464169281,0.47217895040145186
877,300,7,0.3,1.0,0.7,1.0,0.5,0.0875121357171706,0.4722387045659778
877,500,7,0.3,1.0,0.7,1.0,0.5,0.0875121357171706,0.4722387045659778
879,300,7,0.2,0.7,0.9,1.0,0.5,0.08466588478573865,0.4722522275141449
880,300,3,0.3,0.9,0.9,1.0,0.5,0.16393528066731103,0.4722862462009769
881,500,10,0.1,1.0,0.7,0.5,0.0,0.08140030463176035,0.472311973260107
882,300,10,0.1,1.0,0.7,0.5,0.0,0.08140030416579525,0.4723119735733891
883,300,9,0.2,0.7,1.0,1.0,0.0,0.08297460834710027,0.4723166301313602
884,500,3,0.1,1.0,0.9,0.5,0.5,0.22200626916004274,0.47235229416960667
885,500,10,0.01,1.0,0.7,0.5,0.0,0.09229447518934908,0.4723952520971464
886,300,10,0.01,0.7,0.7,0.5,0.0,0.17682454561663383,0.4724624897757017
887,500,9,0.2,0.7,1.0,1.0,0.0,0.08269461681036797,0.47246743100535155
888,500,10,0.1,0.9,0.7,0.5,0.0,0.08178177711300931,0.4724784410772088
889,300,3,0.2,1.0,0.7,0.5,0.5,0.20244456740445457,0.4724804863410999
890,300,3,0.2,0.9,0.9,1.0,0.0,0.19562676133725235,0.4725173317307047
891,300,5,0.2,0.7,0.7,1.0,0.0,0.09648609604890405,0.472559246153878
892,300,5,0.3,0.9,1.0,0.5,0.0,0.08787540159499733,0.4725769952348356
893,300,9,0.2,0.9,1.0,1.0,0.0,0.08212495744686295,0.47258453068449896
894,300,7,0.2,0.9,0.9,1.0,0.0,0.08348405794621046,0.4725845585489657
895,500,7,0.2,1.0,1.0,0.5,0.0,0.0814009900370233,0.47259040153649423
896,500,3,0.1,1.0,1.0,1.0,0.0,0.22236122141920714,0.47259870092221873
897,300,7,0.2,1.0,1.0,0.5,0.0,0.08141045761119584,0.47260509175625065
898,500,3,0.3,0.9,1.0,0.5,0.0,0.11222421926777128,0.4726105635587184
899,500,3,0.2,0.7,0.9,1.0,0.0,0.1478640450025937,0.4726165910565551
900,500,7,0.2,0.9,0.9,1.0,0.0,0.0826103407349621,0.4726849404342766
901,300,3,0.3,1.0,0.7,0.5,0.0,0.1531861589964385,0.4726853508878816
902,500,9,0.1,1.0,0.9,1.0,0.0,0.0814019611209778,0.4727395037852727
903,300,3,0.2,1.0,0.9,1.0,0.5,0.20090752322971667,0.4727575964119383
904,300,9,0.1,1.0,0.9,1.0,0.0,0.08144577596718408,0.47276617759473444
905,300,3,0.2,1.0,0.7,0.5,0.0,0.20118702556053192,0.4727760147223189
906,500,5,0.2,0.7,0.7,1.0,0.0,0.08916369039877355,0.4727900946720979
907,500,9,0.2,1.0,0.9,0.5,0.5,0.0867505621558097,0.4728086880760058
907,300,9,0.2,1.0,0.9,0.5,0.5,0.0867505621558097,0.4728086880760058
909,500,5,0.2,0.7,0.9,0.5,0.0,0.08968146090678633,0.47281381160437286
910,300,9,0.2,1.0,0.7,0.5,0.0,0.08139910070984523,0.47286752740471
911,500,9,0.2,1.0,0.7,0.5,0.0,0.08139910069253103,0.47286752790386294
912,500,5,0.3,0.9,1.0,0.5,0.0,0.08535497853109267,0.47288532251366516
913,500,3,0.3,0.7,1.0,0.5,0.5,0.12848392669144953,0.47292443913621707
914,300,3,0.3,0.9,0.7,1.0,0.5,0.16712499616879456,0.47304509140264417
915,500,9,0.2,0.9,1.0,1.0,0.0,0.08187239191803523,0.47310206763765117
916,300,10,0.1,0.9,0.7,0.5,0.0,0.08206318127583438,0.47310451572439655
917,500,3,0.1,1.0,0.9,0.5,0.0,0.2203829061093492,0.4731297996135389
918,300,3,0.2,1.0,0.7,1.0,0.0,0.2033084469794398,0.4731955827480519
919,500,10,0.1,0.9,1.0,0.5,0.5,0.08253482868441776,0.47325095861365546
920,500,9,0.05,1.0,1.0,1.0,0.5,0.08799273087401985,0.4732683227798951
921,500,9,0.2,0.9,0.9,1.0,0.5,0.08198726204439677,0.4733111567609028
922,300,5,0.2,0.7,0.9,0.5,0.0,0.09628739616241815,0.4733903265790137
923,500,7,0.01,1.0,0.9,0.5,0.5,0.19631669452192735,0.4733993230917755
924,300,9,0.05,1.0,1.0,1.0,0.5,0.08924442224095788,0.47340012378922697
925,500,9,0.1,1.0,0.7,0.5,0.0,0.08140087862748771,0.4734164225925545
926,300,10,0.1,0.9,1.0,0.5,0.5,0.08378846966723212,0.4734187303526083
927,300,9,0.1,1.0,0.7,0.5,0.0,0.08141615352941647,0.4734249157397855
928,500,3,0.2,0.7,0.9,0.5,0.0,0.14458297874658219,0.4734361335015568
929,300,3,0.2,0.7,1.0,0.5,0.0,0.19769840593216134,0.4735587198038873
930,300,9,0.01,0.7,1.0,0.5,0.0,0.1939315995018037,0.47359187208692405
931,300,10,0.1,0.9,1.0,1.0,0.0,0.08217815314331822,0.47361024320337924
932,300,9,0.2,0.9,0.9,1.0,0.5,0.08265859006012906,0.4737083296658967
933,500,10,0.1,0.9,1.0,1.0,0.0,0.08181391883235144,0.4737546921246858
934,300,10,0.01,0.7,1.0,0.5,0.0,0.1739787016832296,0.47378257719882744
935,300,3,0.3,0.7,1.0,0.5,0.5,0.1692099841982081,0.4738636499662362
936,500,3,0.2,0.7,0.7,0.5,0.0,0.14796915454351048,0.47389424867412644
937,300,5,0.3,0.9,0.7,0.5,0.0,0.08771873923757853,0.47389846751097736
938,500,9,0.1,1.0,0.9,1.0,0.5,0.08768789512440989,0.4739404117859208
938,300,9,0.1,1.0,0.9,1.0,0.5,0.08768789512440989,0.4739404117859208
940,300,9,0.2,0.9,0.9,0.5,0.0,0.08218676699484945,0.47394330954932945
941,500,9,0.01,1.0,0.9,1.0,0.5,0.13798886514589684,0.474045159358364
942,300,9,0.2,0.9,0.9,0.5,0.5,0.08263032912973023,0.47417016461556105
943,500,9,0.2,0.9,0.9,0.5,0.5,0.08198862656012086,0.4741775907572638
944,300,3,0.3,0.9,0.9,1.0,0.0,0.1542074688205886,0.47428118142725983
945,500,10,0.1,0.9,0.9,1.0,0.0,0.08178389550166587,0.4743782931344164
946,500,9,0.05,1.0,1.0,0.5,0.0,0.08149129212621072,0.4743989333821815
947,300,9,0.01,0.7,0.9,0.5,0.0,0.19503520692923207,0.47442796622557604
948,300,7,0.2,0.7,0.7,1.0,0.5,0.08505033830076035,0.47443241468181735
949,300,10,0.2,0.7,1.0,0.5,0.5,0.08247858343899274,0.4744631170009052
950,300,5,0.3,1.0,0.9,0.5,0.5,0.0891178164889022,0.47448562363912494
950,500,5,0.3,1.0,0.9,0.5,0.5,0.0891178164889022,0.47448562363912494
952,500,10,0.2,0.7,1.0,1.0,0.5,0.08206381200937692,0.4744908685284478
953,300,9,0.05,1.0,1.0,0.5,0.0,0.0826736425536942,0.4745007227732148
954,500,10,0.2,0.7,1.0,0.5,0.5,0.08205598442843184,0.4745120036136998
955,500,3,0.3,1.0,0.7,1.0,0.5,0.12281426654162735,0.47454118846305815
956,500,10,0.05,1.0,0.7,0.5,0.0,0.08140293087411014,0.47454797615005323
957,500,9,0.01,1.0,0.9,0.5,0.0,0.10455342454242553,0.4745507036562805
958,300,10,0.05,1.0,0.7,0.5,0.0,0.08161211125161005,0.4746050409876655
959,500,5,0.3,0.9,0.7,0.5,0.0,0.08501339062869014,0.4746131677491537
960,300,3,0.2,1.0,1.0,0.5,0.5,0.1997735760171505,0.4746616882993823
961,300,10,0.1,0.9,0.9,1.0,0.0,0.08213389385843829,0.4746800119674563
962,300,10,0.1,1.0,0.7,1.0,0.0,0.08140062719025087,0.4746972295287708
963,500,10,0.1,1.0,0.7,1.0,0.0,0.08140056917520354,0.47469744897502936
964,300,10,0.2,0.7,1.0,1.0,0.5,0.082455003762217,0.4746984312929136
965,300,5,0.3,0.9,0.9,0.5,0.0,0.08776676045947468,0.4747625894423783
966,300,3,0.3,0.9,1.0,0.5,0.0,0.14915398862722523,0.4747770050897784
967,300,7,0.2,0.7,1.0,1.0,0.5,0.08458082667390027,0.47481219807307684
968,500,7,0.2,0.7,0.7,1.0,0.5,0.08295664891626299,0.47482163922494025
969,300,9,0.1,1.0,1.0,1.0,0.5,0.08733409998147937,0.47487235102921393
969,500,9,0.1,1.0,1.0,1.0,0.5,0.08733409998147937,0.47487235102921393
971,500,7,0.2,0.7,1.0,1.0,0.5,0.0827834045050935,0.4749362836619144
972,500,3,0.3,1.0,0.9,1.0,0.0,0.1091986281504193,0.47495389602093346
973,300,3,0.2,0.7,1.0,1.0,0.0,0.19983005423059413,0.47497762879381566
974,500,10,0.05,1.0,0.9,1.0,0.5,0.08720448597375573,0.47500788368269026
975,500,3,0.3,1.0,1.0,0.5,0.0,0.1048385252451276,0.4750159415647355
976,500,9,0.2,0.9,0.9,0.5,0.0,0.08196705152704935,0.47504785874211597
977,300,9,0.01,0.9,0.7,0.5,0.0,0.17218725003696078,0.47505704672098265
978,300,10,0.05,1.0,0.9,1.0,0.5,0.08760642318578027,0.4750650899008294
979,300,10,0.2,0.7,0.9,1.0,0.5,0.08247302260135586,0.47508094807110735
980,500,10,0.05,1.0,0.7,1.0,0.0,0.0814181445817587,0.4750959866777652
981,500,7,0.01,1.0,0.9,1.0,0.5,0.20567652870166345,0.4752585824630335
982,300,10,0.05,1.0,0.7,1.0,0.0,0.08186537175081376,0.47527952839168186
983,500,10,0.2,0.7,0.9,1.0,0.5,0.08202704256211862,0.47528848852466504
984,300,10,0.01,0.9,0.7,0.5,0.0,0.1505058688159232,0.4753966253791906
985,500,3,0.1,1.0,0.9,1.0,0.0,0.2235489344697874,0.47542911323594045
986,500,5,0.3,0.7,0.7,1.0,0.5,0.08566136606680066,0.4754793398523546
987,500,9,0.2,0.9,1.0,0.5,0.0,0.08199017124817175,0.47549519213672825
988,300,5,0.3,0.7,0.7,1.0,0.5,0.09169190850171594,0.47551653500094715
989,500,9,0.2,0.7,0.7,1.0,0.5,0.08220869855605176,0.47552638338908343
990,300,9,0.01,0.7,0.7,0.5,0.0,0.19822634416501256,0.4755464560499339
991,300,9,0.01,0.9,0.9,0.5,0.0,0.16994683181716713,0.47557582144802485
992,300,10,0.2,0.9,0.7,0.5,0.5,0.08247927150388998,0.475696642142379
993,500,3,0.3,0.7,1.0,1.0,0.5,0.1297299733753568,0.47569774973744666
994,500,7,0.01,1.0,1.0,0.5,0.0,0.18021702423069605,0.4757015533990858
995,500,7,0.3,0.9,0.7,1.0,0.5,0.08222844157684192,0.47573196534209505
996,300,7,0.3,0.9,0.7,1.0,0.5,0.08317458481788868,0.4757522107795114
997,500,7,0.2,1.0,0.9,0.5,0.0,0.08140070506844284,0.4757570036736457
998,300,7,0.2,1.0,0.9,0.5,0.0,0.08141283263532956,0.4757713662521541
999,300,9,0.2,0.9,1.0,0.5,0.0,0.08222111284301804,0.4757769713839149
1000,500,5,0.3,0.9,0.9,0.5,0.0,0.0851054954800219,0.4758219434725159
1001,500,10,0.2,0.9,0.7,0.5,0.5,0.08193731811406521,0.47582322480677575
1002,300,3,0.2,1.0,1.0,1.0,0.0,0.19875409457281767,0.4758598368867755
1003,300,3,0.3,0.9,0.9,0.5,0.5,0.16121355505303137,0.47586053298782693
1004,500,9,0.2,1.0,0.7,0.5,0.5,0.08674039408835343,0.47601598529620914
1004,300,9,0.2,1.0,0.7,0.5,0.5,0.08674039408835343,0.47601598529620914
1006,300,9,0.2,0.7,0.7,1.0,0.5,0.0828535904219571,0.47601706968555385
1007,500,9,0.01,1.0,0.9,1.0,0.0,0.1123567435895948,0.47624685174549564
1008,500,10,0.2,0.9,0.9,1.0,0.5,0.08188071118376318,0.47624972912992125
1009,300,10,0.01,0.7,0.9,1.0,0.0,0.19083111232877875,0.4762506535887087
1010,500,9,0.05,1.0,1.0,0.5,0.5,0.0879743985644641,0.47642403334235467
1011,300,10,0.2,0.9,0.9,1.0,0.5,0.08240266326195583,0.47644416517939536
1012,300,9,0.05,1.0,1.0,0.5,0.5,0.08880094609621754,0.47653493382217493
1013,300,10,0.2,0.7,0.7,0.5,0.5,0.08257879558407555,0.4765736566436508
1014,300,9,0.2,1.0,0.7,1.0,0.5,0.08670460553902551,0.4765863247508367
1014,500,9,0.2,1.0,0.7,1.0,0.5,0.08670460553902551,0.4765863247508367
1016,300,9,0.2,1.0,1.0,1.0,0.5,0.08677297991579087,0.4766113974971547
1016,500,9,0.2,1.0,1.0,1.0,0.5,0.08677297991579087,0.4766113974971547
1018,500,10,0.1,1.0,0.7,1.0,0.5,0.08707659426645206,0.4767147838214092
1018,300,10,0.1,1.0,0.7,1.0,0.5,0.08707659426645206,0.4767147838214092
1020,500,10,0.2,0.7,0.7,0.5,0.5,0.08213184258627254,0.4767628594203594
1021,500,9,0.01,1.0,0.9,0.5,0.5,0.13260228679633962,0.4768010207182345
1022,300,7,0.3,0.9,1.0,1.0,0.5,0.08293231209147142,0.4768302248283808
1023,500,9,0.2,0.9,0.9,1.0,0.0,0.0818497521286377,0.4768420090232014
1024,300,10,0.2,0.9,0.9,0.5,0.5,0.08237750255355215,0.4768437372594843
1025,300,3,0.3,0.9,0.9,0.5,0.0,0.1523347632676788,0.47690466371788576
1026,300,9,0.2,1.0,0.9,0.5,0.0,0.08139875490504793,0.47691706334812434
1027,500,9,0.2,1.0,0.9,0.5,0.0,0.0813987548845943,0.4769170637550824
1028,500,7,0.3,0.9,1.0,1.0,0.5,0.08210373078809424,0.47694273644235485
1029,500,10,0.2,0.9,0.9,0.5,0.5,0.08188409604203309,0.4769437096866053
1030,500,3,0.3,0.9,0.9,0.5,0.0,0.11341372140083968,0.47697415317331693
1031,300,3,0.2,0.7,0.9,0.5,0.5,0.20676637338520554,0.47699355471752575
1032,300,5,0.3,0.9,0.7,1.0,0.5,0.089332284006765,0.47700139918919815
1033,300,3,0.2,1.0,1.0,0.5,0.0,0.19638628765297633,0.4770225609413019
1034,500,3,0.3,1.0,0.7,0.5,0.5,0.12085661352451631,0.4770282848345429
1035,300,9,0.2,0.9,0.7,1.0,0.5,0.08285532687577868,0.47704690326197097
1036,300,3,0.3,1.0,1.0,0.5,0.0,0.1476282361587014,0.47707738254546955
1037,500,9,0.2,0.9,0.7,1.0,0.5,0.08208665778187052,0.47717875903389034
1038,300,10,0.2,0.9,0.9,0.5,0.0,0.0819320062619755,0.47719234768105984
1039,300,7,0.2,0.7,0.7,0.5,0.0,0.0853111457647256,0.4772274967911512
1040,300,9,0.2,0.9,0.9,1.0,0.0,0.08207345959618685,0.47722774271767954
1041,300,10,0.01,0.7,1.0,1.0,0.0,0.19004996076389824,0.4772379273016285
1042,500,9,0.1,1.0,1.0,1.0,0.0,0.08140275933356161,0.4772905578788304
1043,300,9,0.1,1.0,1.0,1.0,0.0,0.08143834405964558,0.4773006020496955
1044,500,3,0.3,0.7,0.7,1.0,0.0,0.12446947747065688,0.4773093583776414
1045,500,7,0.01,1.0,1.0,1.0,0.0,0.1886349649910999,0.4773823918432884
1046,300,9,0.01,0.9,1.0,0.5,0.0,0.16909158361242374,0.47738546100481954
1047,500,9,0.2,0.7,1.0,1.0,0.5,0.0821331240533628,0.47744335621558875
1048,300,3,0.3,1.0,0.7,1.0,0.5,0.16451004009582537,0.4774662789193098
1049,500,5,0.3,0.9,0.7,1.0,0.5,0.08475111336407262,0.47748227627529144
1050,300,9,0.2,0.9,0.7,0.5,0.0,0.08210179071910795,0.4775277205328886
1051,300,9,0.2,0.7,1.0,1.0,0.5,0.08273529693337235,0.47763263485236496
1052,300,3,0.2,0.7,0.9,0.5,0.0,0.198523554338891,0.47765313773998846
1053,500,7,0.01,1.0,1.0,0.5,0.5,0.1964820842472239,0.47768969634460695
1054,500,10,0.2,0.9,0.9,0.5,0.0,0.08185286588770826,0.4777218454214763
1055,500,10,0.2,0.7,0.7,1.0,0.5,0.08209498713066711,0.47772318240555006
1056,500,9,0.2,0.7,0.9,0.5,0.5,0.08215472801521147,0.47773114137237643
1057,300,9,0.01,1.0,0.7,0.5,0.0,0.1642630510391166,0.4777374712730618
1058,300,3,0.3,0.7,0.7,1.0,0.0,0.16648647477115722,0.47774632884924195
1059,500,7,0.2,0.7,0.7,0.5,0.0,0.0840664979648633,0.47775186369641587
1060,500,9,0.2,0.9,0.7,1.0,0.0,0.08181673210549345,0.4777610660018402
1061,500,10,0.05,1.0,0.9,0.5,0.5,0.08713750743184388,0.47778246700757854
1062,300,10,0.05,1.0,0.9,0.5,0.5,0.0873194071682088,0.4778045628987138
1063,300,10,0.01,0.9,0.7,1.0,0.0,0.1649504627178032,0.47788402758447757
1064,300,9,0.01,0.7,0.9,1.0,0.0,0.2101964836645496,0.47800685957710004
1065,300,9,0.2,0.7,0.9,0.5,0.5,0.08274539914677143,0.47803979910258004
1066,300,3,0.3,1.0,0.9,1.0,0.0,0.1556451267182635,0.4781385074428189
1067,300,9,0.01,0.9,0.7,1.0,0.0,0.1864822080913511,0.4782178847733541
1068,500,9,0.1,1.0,1.0,0.5,0.0,0.08140127105164618,0.47822348297976175
1069,500,7,0.01,1.0,1.0,1.0,0.5,0.2044654497977158,0.47822448342402796
1070,300,9,0.1,1.0,1.0,0.5,0.0,0.08141495737039227,0.4782263581072614
1071,300,3,0.2,0.7,0.9,1.0,0.0,0.2014168305417531,0.4782527219639061
1072,500,9,0.3,1.0,0.7,0.5,0.5,0.08636118165115861,0.4782841733507053
1072,300,9,0.3,1.0,0.7,0.5,0.5,0.08636118165115861,0.4782841733507053
1074,300,7,0.3,0.7,0.7,0.5,0.0,0.08466487055581987,0.4783053291434169
1075,300,10,0.01,0.9,0.9,0.5,0.0,0.1484853519915056,0.4783140613076992
1076,300,10,0.2,0.7,0.9,1.0,0.0,0.08252530708309358,0.47835813293153034
1077,300,7,0.2,0.7,0.9,0.5,0.5,0.08455446890841456,0.47837211895048043
1078,300,10,0.01,0.7,0.7,1.0,0.0,0.19328382034439542,0.4784133607301288
1079,300,10,0.2,0.7,0.7,1.0,0.5,0.08265152172841593,0.4785856689589626
1080,300,3,0.2,0.7,0.7,0.5,0.5,0.21189002457596737,0.478597172327012
1081,500,7,0.3,0.7,0.7,1.0,0.5,0.08255010527623526,0.478635499108291
1082,500,7,0.2,0.7,0.9,0.5,0.5,0.08279728138222965,0.4786368993951876
1083,500,9,0.2,0.9,0.7,0.5,0.0,0.08191753883736834,0.47864328469865713
1084,300,9,0.2,0.9,0.7,1.0,0.0,0.08202283085964104,0.47865567662930303
1085,500,9,0.05,1.0,1.0,1.0,0.0,0.08156848959292541,0.47881661530738306
1086,300,7,0.3,1.0,1.0,1.0,0.5,0.08715019705284067,0.47887004403763866
1086,500,7,0.3,1.0,1.0,1.0,0.5,0.08715019705284067,0.47887004403763866
1088,500,9,0.2,1.0,0.7,1.0,0.0,0.08139929322683198,0.47895230285766593
1089,300,9,0.2,1.0,0.7,1.0,0.0,0.08139929314025686,0.4789523029671158
1090,500,5,0.3,0.9,1.0,0.5,0.5,0.08420733805151964,0.4790155323897649
1091,300,5,0.3,0.9,1.0,0.5,0.5,0.08814812313216976,0.47902861312805006
1092,300,9,0.01,0.9,1.0,1.0,0.0,0.1827190087244337,0.4791209936904427
1093,300,10,0.01,0.9,1.0,0.5,0.0,0.1477051692617904,0.47921949910325157
1094,500,3,0.3,0.7,0.7,1.0,0.5,0.1343826297399065,0.47922060125098837
1095,300,9,0.05,1.0,1.0,1.0,0.0,0.08348366534037814,0.47925864219252706
1096,300,3,0.1,0.9,0.7,1.0,0.5,0.2894929286553718,0.4792827044915533
1097,500,10,0.2,0.9,1.0,1.0,0.5,0.08185673466700535,0.47931825451397964
1098,300,3,0.3,1.0,0.7,0.5,0.5,0.1608161973221111,0.47932430061259007
1099,500,9,0.3,0.9,0.7,0.5,0.5,0.08182603337097154,0.47935294765528014
1100,300,9,0.01,0.7,1.0,1.0,0.0,0.20914963414316312,0.47942234053295035
1101,300,9,0.3,0.9,0.7,0.5,0.5,0.08217912426367377,0.4794784081751488
1102,300,9,0.01,0.9,0.9,1.0,0.0,0.18368547240750321,0.47948607586147496
1103,300,9,0.01,0.7,0.7,1.0,0.0,0.21342080167743924,0.4794979236787574
1104,500,10,0.2,1.0,0.7,1.0,0.5,0.08652165081632394,0.4795270773895696
1104,300,10,0.2,1.0,0.7,1.0,0.5,0.08652165081632394,0.4795270773895696
1106,300,7,0.3,0.7,0.7,1.0,0.5,0.08346128023297984,0.4795644365925367
1107,500,3,0.3,0.9,0.7,0.5,0.0,0.11422895454403437,0.47959133832816336
1108,500,10,0.2,0.9,0.7,1.0,0.5,0.08193899812890434,0.47959272161483263
1109,500,7,0.3,1.0,0.7,0.5,0.0,0.0813983163871362,0.4796032570523741
1110,300,7,0.3,1.0,0.7,0.5,0.0,0.08139831635200996,0.4796032573851278
1111,300,5,0.3,1.0,0.7,0.5,0.0,0.08206925825410658,0.47960984679202545
1112,300,10,0.2,0.9,1.0,1.0,0.5,0.08232881160910602,0.4796102879437623
1113,300,7,0.3,0.9,0.9,1.0,0.5,0.08301211699866885,0.4796243988338628
1114,500,7,0.3,0.9,0.9,1.0,0.5,0.08215261281601434,0.47963897266515904
1115,500,5,0.3,1.0,0.7,0.5,0.0,0.08140615075712468,0.47967419774448034
1116,300,3,0.3,0.7,1.0,1.0,0.5,0.1705472211606632,0.4796921052162429
1117,500,10,0.01,1.0,0.9,1.0,0.5,0.12473011186383157,0.4797921046840326
1118,500,10,0.2,1.0,0.7,1.0,0.0,0.08139851839060908,0.47986616622463096
1119,300,10,0.2,1.0,0.7,1.0,0.0,0.08139851830435199,0.4798661664761048
1120,500,10,0.1,1.0,0.9,0.5,0.5,0.08692728595126499,0.47990720591583513
1120,300,10,0.1,1.0,0.9,0.5,0.5,0.08692728595126499,0.47990720591583513
1122,300,10,0.2,0.9,0.7,1.0,0.5,0.08249887629297857,0.4799125039164061
1123,500,9,0.3,1.0,0.9,1.0,0.5,0.08615839738669534,0.47992014928198584
1123,300,9,0.3,1.0,0.9,1.0,0.5,0.08615839738669534,0.47992014928198584
1125,300,7,0.3,1.0,0.7,1.0,0.0,0.08139948287591045,0.4799437933220843
1126,500,7,0.3,1.0,0.7,1.0,0.0,0.08139948286878719,0.4799437947331269
1127,500,10,0.2,0.9,0.7,1.0,0.0,0.0817276031757956,0.47995580312587827
1128,500,3,0.3,1.0,0.9,0.5,0.0,0.10655132948182976,0.4799752986061771
1129,300,7,0.3,1.0,0.7,0.5,0.5,0.08734288283649617,0.47997623453513255
1129,500,7,0.3,1.0,0.7,0.5,0.5,0.08734288283649617,0.47997623453513255
1131,500,10,0.2,0.7,0.9,1.0,0.0,0.08238344461512787,0.4800435096680827
1132,300,3,0.1,0.7,0.7,1.0,0.5,0.2916197496978005,0.4800776456399385
1133,300,10,0.2,0.7,0.7,0.5,0.0,0.08273139651584843,0.48013440259565415
1134,500,9,0.01,1.0,1.0,1.0,0.5,0.13830026904119147,0.48024391849705544
1135,300,9,0.3,1.0,0.7,1.0,0.5,0.08622996157381851,0.48026581171649346
1135,500,9,0.3,1.0,0.7,1.0,0.5,0.08622996157381851,0.48026581171649346
1137,300,3,0.1,0.7,0.7,0.5,0.5,0.2881065097701584,0.4803229491825307
1138,300,10,0.2,0.9,0.7,1.0,0.0,0.08183253781963934,0.4803396158706597
1139,500,10,0.1,1.0,1.0,1.0,0.5,0.08715531273200396,0.4804321002201071
1139,300,10,0.1,1.0,1.0,1.0,0.5,0.08715531273200396,0.4804321002201071
1141,300,7,0.2,0.7,1.0,1.0,0.0,0.08509779851827715,0.4805043969183636
1142,500,7,0.3,0.7,0.7,0.5,0.0,0.08400160401231953,0.4805120879612094
1143,300,7,0.3,0.9,0.7,1.0,0.0,0.08279047625123377,0.4805185714567672
1144,500,3,0.3,0.7,1.0,1.0,0.0,0.12079146473037426,0.4805404345236989
1145,500,3,0.3,1.0,1.0,1.0,0.0,0.1085911540188022,0.4805820340390438
1146,300,3,0.2,0.7,0.7,0.5,0.0,0.20246158474931103,0.4806023031958752
1147,300,9,0.01,0.9,0.7,0.5,0.5,0.20668745100653743,0.480633659809365
1148,300,10,0.3,1.0,0.7,0.5,0.5,0.08594066200928671,0.4806918515113972
1148,500,10,0.3,1.0,0.7,0.5,0.5,0.08594066200928671,0.4806918515113972
1150,300,3,0.1,0.9,0.7,0.5,0.5,0.2866514108396498,0.480723845904476
1151,300,10,0.01,0.9,0.9,1.0,0.0,0.1626925542118622,0.48081011723895384
1152,300,7,0.3,0.9,1.0,1.0,0.0,0.08290125914269321,0.48087275775722554
1153,500,10,0.2,1.0,1.0,1.0,0.5,0.08614595954205014,0.4809145803397251
1153,300,10,0.2,1.0,1.0,1.0,0.5,0.08614595954205014,0.4809145803397251
1155,300,7,0.3,1.0,0.9,1.0,0.5,0.08702411605634847,0.4809405134821367
1155,500,7,0.3,1.0,0.9,1.0,0.5,0.08702411605634847,0.4809405134821367
1157,500,7,0.3,0.9,0.7,1.0,0.0,0.08233845700938773,0.4809737820394492
1158,300,3,0.1,0.7,0.9,0.5,0.0,0.2816358816268543,0.48105798298608277
1159,300,9,0.1,1.0,1.0,0.5,0.5,0.08749111328949037,0.48110221484474236
1159,500,9,0.1,1.0,1.0,0.5,0.5,0.08749111328949037,0.48110221484474236
1161,500,7,0.3,0.9,1.0,1.0,0.0,0.08245265403588123,0.48110672528825915
1162,300,3,0.1,0.9,1.0,0.5,0.5,0.283578199921094,0.4811305131950931
1163,500,5,0.3,0.9,0.7,1.0,0.0,0.08467725314889621,0.48114994848360154
1164,300,3,0.1,0.9,0.7,1.0,0.0,0.28804598596570685,0.48117668383572104
1165,300,3,0.1,0.9,0.7,0.5,0.0,0.28514856680581624,0.4811966356356278
1166,300,3,0.1,0.7,0.9,0.5,0.5,0.28425670055514957,0.48125313765869654
1167,500,10,0.2,1.0,0.9,1.0,0.5,0.08633641272439925,0.48134916314968607
1167,300,10,0.2,1.0,0.9,1.0,0.5,0.08633641272439925,0.48134916314968607
1169,300,10,0.01,0.7,0.9,0.5,0.5,0.21292065345945171,0.48141775361114636
1170,500,7,0.2,0.7,1.0,1.0,0.0,0.08385977764393589,0.4816247167304894
1171,300,10,0.2,1.0,1.0,1.0,0.0,0.08139850531732024,0.48163122234572264
1172,500,10,0.2,1.0,1.0,1.0,0.0,0.08139850531661537,0.48163122241509787
1173,300,10,0.1,1.0,0.9,1.0,0.5,0.08685721737400869,0.48172546500132024
1173,500,10,0.1,1.0,0.9,1.0,0.5,0.08685721737400869,0.48172546500132024
1175,300,5,0.3,0.9,0.7,1.0,0.0,0.08752960732214264,0.4817666486823403
1176,300,10,0.01,0.7,0.7,0.5,0.5,0.21589314408723784,0.4818501921809991
1177,500,7,0.3,0.9,0.9,0.5,0.0,0.0826062027919682,0.48189215330704144
1178,500,10,0.2,0.7,0.7,0.5,0.0,0.08258872700534768,0.48194251530590265
1179,500,9,0.01,1.0,1.0,0.5,0.5,0.13227621158542055,0.4819797980887165
1180,300,7,0.3,0.9,0.9,0.5,0.5,0.08296000420671518,0.48200810014737816
1181,500,7,0.3,0.9,0.9,0.5,0.5,0.08213457016022342,0.48203796274778626
1182,500,10,0.2,1.0,0.7,0.5,0.0,0.08139802951376743,0.4820462063879689
1183,300,10,0.2,1.0,0.7,0.5,0.0,0.08139802945041005,0.482046206880123
1184,300,9,0.01,0.9,0.9,0.5,0.5,0.20386277254576193,0.4820545320940986
1185,300,3,0.3,0.7,0.7,1.0,0.5,0.1772199082073372,0.48206132657030354
1186,300,3,0.1,1.0,0.7,0.5,0.5,0.2903402907404184,0.4821934861508577
1187,500,9,0.2,0.7,0.7,0.5,0.0,0.08277617322083411,0.48219632218308944
1188,500,5,0.3,0.7,0.9,0.5,0.5,0.0854137394792165,0.4822840825936009
1189,300,3,0.1,0.7,1.0,0.5,0.5,0.2828182044563211,0.4822866601200438
1190,300,10,0.2,0.7,1.0,0.5,0.0,0.08288553651988194,0.4823181928376356
1191,300,9,0.2,0.7,0.7,0.5,0.0,0.08317299705769185,0.4823923869040126
1192,300,5,0.3,0.7,0.7,0.5,0.5,0.09148206363840516,0.48243179067712355
1193,500,3,0.05,0.7,1.0,1.0,0.5,0.30768688653335796,0.48244233267118836
1194,300,9,0.2,0.7,0.9,1.0,0.0,0.08291293831531088,0.48245491853699773
1195,300,5,0.3,0.7,0.9,0.5,0.5,0.09074793652438128,0.48246494045558974
1196,300,9,0.01,0.9,0.7,1.0,0.5,0.21602657000028105,0.4824861187750658
1197,500,5,0.3,0.7,0.7,1.0,0.0,0.08709746011066818,0.48258019837370586
1198,300,3,0.1,0.7,1.0,0.5,0.0,0.27874257419316256,0.48258783847673825
1199,500,9,0.2,0.7,0.9,1.0,0.0,0.08261917175176907,0.4826129955579426
1200,300,3,0.1,0.7,1.0,1.0,0.5,0.28620504977639943,0.48262126761374785
1201,300,10,0.01,0.9,1.0,1.0,0.0,0.1619134407659774,0.48267026167819016
1202,300,10,0.01,0.9,0.7,0.5,0.5,0.18990349375406196,0.48268067736385395
1203,300,9,0.2,1.0,1.0,1.0,0.0,0.08139894089961436,0.4827176091435364
1204,500,9,0.2,1.0,1.0,1.0,0.0,0.08139894093030131,0.48271760932802243
1205,500,10,0.05,1.0,1.0,1.0,0.5,0.08713194883337327,0.4827222052521787
1206,300,9,0.01,0.7,1.0,0.5,0.5,0.22678281184316487,0.48273443660658066
1207,300,7,0.3,0.9,0.9,0.5,0.0,0.08309477103957287,0.4827504545493768
1208,300,10,0.05,1.0,1.0,1.0,0.5,0.08751106763846489,0.48275679208169836
1209,300,3,0.1,1.0,0.7,1.0,0.5,0.2908221790536267,0.48291682462731134
1210,500,5,0.3,0.7,0.7,0.5,0.5,0.08564088235233853,0.48293522928630145
1211,300,10,0.01,0.7,1.0,0.5,0.5,0.21187158311371673,0.4829385267442918
1212,500,9,0.2,1.0,1.0,0.5,0.0,0.08139857172174937,0.4829568417538793
1213,300,9,0.2,1.0,1.0,0.5,0.0,0.08139857171912522,0.4829568421945693
1214,300,9,0.3,0.9,0.9,0.5,0.5,0.08212052596217378,0.4831012160175231
1215,500,9,0.2,0.7,1.0,0.5,0.5,0.08215079505262429,0.4831050948739523
1216,300,3,0.1,0.7,0.9,1.0,0.5,0.2895243450277005,0.4831264078758208
1217,300,3,0.1,1.0,0.7,1.0,0.0,0.2943038668112917,0.48314378294228283
1218,500,3,0.3,0.9,0.7,1.0,0.0,0.11748396433659059,0.48315548017831134
1219,300,3,0.3,1.0,1.0,1.0,0.0,0.1531402460587548,0.4831952178685446
1220,300,10,0.01,0.9,0.7,1.0,0.5,0.19979083917697976,0.4832075517800784
1221,300,10,0.01,1.0,0.7,0.5,0.0,0.14288433370775608,0.483253114087282
1222,300,10,0.1,1.0,0.9,1.0,0.0,0.08140036189400539,0.4832774783122062
1223,300,3,0.1,0.9,1.0,1.0,0.5,0.2861700577225908,0.48327759424182754
1224,500,10,0.1,1.0,0.9,1.0,0.0,0.08140030329192173,0.4832777700139831
1225,300,9,0.01,0.7,0.9,0.5,0.5,0.22826915564196737,0.4833080220735858
1226,500,9,0.3,0.9,0.9,0.5,0.5,0.08179095816681586,0.4833133213301892
1227,300,5,0.3,0.7,0.7,1.0,0.0,0.09114924721179707,0.4833229972402608
1228,300,3,0.1,1.0,1.0,0.5,0.5,0.28634177556567336,0.48332458513310683
1229,500,10,0.01,1.0,0.9,1.0,0.0,0.09891165254847815,0.4833911753530368
1230,500,10,0.05,1.0,0.9,1.0,0.0,0.0814181259234249,0.4834040142980643
1231,300,9,0.01,1.0,0.7,1.0,0.0,0.17799096294411032,0.48344424777919426
1232,300,3,0.3,0.9,0.7,0.5,0.0,0.15535752481212847,0.4834804767604915
1233,300,10,0.2,0.7,0.7,1.0,0.0,0.08252127659240678,0.48350440714663995
1234,300,3,0.1,0.7,0.9,1.0,0.0,0.2855532901625272,0.48353357062971497
1235,500,7,0.3,0.9,0.7,0.5,0.0,0.08259387627791022,0.4835454668228091
1236,300,9,0.2,0.7,1.0,0.5,0.5,0.08275158628545097,0.48355295964311185
1237,300,10,0.05,1.0,0.9,1.0,0.0,0.08191531698348377,0.4835547762668529
1238,300,3,0.3,1.0,0.9,0.5,0.0,0.15160152656322204,0.48363456493904794
1239,300,3,0.1,0.9,1.0,1.0,0.0,0.2840900691831702,0.4836489053525486
1240,300,9,0.01,0.9,1.0,0.5,0.5,0.20255225517970293,0.48365929361033055
1241,300,3,0.1,0.9,0.9,1.0,0.0,0.28406126215843797,0.48367193813283255
1242,500,3,0.3,0.7,0.7,0.5,0.5,0.13198000137986382,0.4836888940867677
1243,300,3,0.1,0.9,0.9,1.0,0.5,0.28668130712096074,0.48369226073688676
1244,300,9,0.01,0.9,1.0,1.0,0.5,0.21183597460455694,0.48369610384159484
1245,500,3,0.3,0.7,0.9,1.0,0.0,0.1223217685186593,0.4837319564395783
1246,300,7,0.3,1.0,0.9,1.0,0.0,0.08139899714369797,0.48383929744408094
1247,500,7,0.3,1.0,0.9,1.0,0.0,0.08139899712307425,0.4838392975822565
1248,300,9,0.01,0.9,0.9,1.0,0.5,0.21278863425360148,0.4838568351254419
1249,300,10,0.2,1.0,0.9,0.5,0.5,0.08612402232495618,0.48401256884781163
1249,500,10,0.2,1.0,0.9,0.5,0.5,0.08612402232495618,0.48401256884781163
1251,500,10,0.2,0.7,0.7,1.0,0.0,0.08232943373447592,0.4840509880434227
1252,500,3,0.05,0.7,0.9,1.0,0.5,0.3099169292773007,0.48405341649787004
1253,500,10,0.01,1.0,0.9,0.5,0.5,0.12022788726870134,0.484057519468496
1254,300,10,0.2,1.0,0.9,0.5,0.0,0.08139767559277851,0.4841002176826598
1255,500,10,0.2,1.0,0.9,0.5,0.0,0.08139767560516369,0.4841002182990684
1256,500,10,0.01,1.0,0.9,0.5,0.0,0.09272768595588779,0.4841368189106666
1257,500,10,0.2,0.7,1.0,0.5,0.0,0.0826894173554746,0.4842024262877165
1258,300,10,0.01,0.9,0.9,0.5,0.5,0.1875480609642632,0.4842497595171084
1259,500,10,0.3,0.9,1.0,0.5,0.5,0.0817412265064026,0.4843250610858753
1260,300,7,0.3,0.9,0.7,0.5,0.0,0.08304040318219524,0.4843389586692305
1261,300,3,0.1,0.9,1.0,0.5,0.0,0.2799711958977062,0.48434681513827926
1262,300,10,0.3,0.9,1.0,0.5,0.5,0.08197344729880482,0.4843602558430149
1263,300,10,0.3,1.0,0.9,1.0,0.5,0.08585853140731117,0.4844098733141948
1263,500,10,0.3,1.0,0.9,1.0,0.5,0.08585853140731117,0.4844098733141948
1265,300,7,0.3,1.0,0.9,0.5,0.0,0.08139824911587346,0.4844570878614988
1266,500,7,0.3,1.0,0.9,0.5,0.0,0.08139824910102404,0.4844570894484607
1267,300,3,0.3,0.7,0.7,0.5,0.5,0.17329859561373112,0.4845003285101991
1268,300,3,0.1,0.9,0.9,0.5,0.5,0.2842619308593684,0.48452131062269943
1269,300,10,0.01,0.9,1.0,1.0,0.5,0.19570476853009436,0.48454585575547476
1270,300,3,0.1,0.7,1.0,1.0,0.0,0.28251997316337435,0.48459007864948167
1271,300,10,0.01,0.9,0.9,1.0,0.5,0.19687221706599406,0.4846117415851775
1272,300,3,0.3,0.9,0.7,1.0,0.0,0.15935454585453332,0.4846351885468709
1273,300,5,0.3,0.7,0.7,0.5,0.0,0.09142311261365459,0.4846761538216548
1274,500,10,0.01,1.0,1.0,1.0,0.5,0.12493564018383702,0.48472163302398774
1275,300,10,0.2,0.9,1.0,0.5,0.0,0.08197760001937543,0.4847257664073548
1276,300,9,0.3,0.9,1.0,1.0,0.5,0.0821132119747926,0.48474674676064156
1277,500,3,0.05,0.7,0.9,0.5,0.0,0.30331126961620636,0.48476323226762164
1278,500,9,0.01,1.0,1.0,1.0,0.0,0.11365654858558957,0.48477610885435235
1279,300,10,0.01,1.0,0.7,1.0,0.0,0.15681873133988342,0.48479052805554845
1280,500,9,0.01,1.0,1.0,0.5,0.0,0.10483799665944579,0.4848665672882109
1281,300,10,0.1,1.0,1.0,0.5,0.5,0.08680300399840356,0.4849273970335191
1281,500,10,0.1,1.0,1.0,0.5,0.5,0.08680300399840356,0.4849273970335191
1283,300,10,0.01,0.9,1.0,0.5,0.5,0.18655474543004194,0.4849277207824561
1284,300,7,0.2,0.7,0.9,0.5,0.0,0.08534608961354813,0.4849446650529987
1285,500,9,0.2,1.0,1.0,0.5,0.5,0.08680340335881277,0.48494731075517633
1285,300,9,0.2,1.0,1.0,0.5,0.5,0.08680340335881277,0.48494731075517633
1287,500,10,0.2,0.9,1.0,0.5,0.0,0.08183188853305852,0.4849697614061068
1288,300,9,0.3,1.0,0.9,1.0,0.0,0.08139786240864332,0.485056334218179
1289,500,9,0.3,1.0,0.9,1.0,0.0,0.08139786238724607,0.48505633443035884
1290,300,3,0.1,1.0,0.7,0.5,0.0,0.290314901775603,0.48505636623594556
1291,300,7,0.3,0.7,0.7,0.5,0.5,0.08347497770616799,0.485057987066392
1292,500,9,0.3,0.9,1.0,1.0,0.5,0.08177865684882119,0.4850985008466391
1293,500,9,0.3,0.9,1.0,0.5,0.5,0.08178780911055668,0.485101314925552
1294,300,10,0.01,0.7,0.9,1.0,0.5,0.2241088900922051,0.48510367464027354
1295,300,9,0.3,0.9,1.0,0.5,0.5,0.08210312082254272,0.48510952986257955
1296,300,3,0.1,0.9,0.9,0.5,0.0,0.28024367474461415,0.48512996621890564
1297,300,9,0.01,0.7,0.7,0.5,0.5,0.23160364183291107,0.48517544316763306
1298,300,9,0.3,1.0,0.7,0.5,0.0,0.08139695541913271,0.4852126513554931
1299,500,9,0.3,1.0,0.7,0.5,0.0,0.08139695542640471,0.4852126515089298
1300,500,9,0.2,0.7,0.7,1.0,0.0,0.082568784651259,0.4853484370587015
1301,500,3,0.05,0.9,0.9,0.5,0.5,0.3081883526666297,0.4854095993660579
1302,300,10,0.3,1.0,0.7,1.0,0.5,0.08603886610003292,0.4854806511613219
1302,500,10,0.3,1.0,0.7,1.0,0.5,0.08603886610003292,0.4854806511613219
1304,500,10,0.2,0.9,0.7,0.5,0.0,0.08180479797637409,0.48548832420498245
1305,300,3,0.3,0.7,1.0,1.0,0.0,0.16162513204887408,0.48555142258263045
1306,500,10,0.1,1.0,0.9,0.5,0.0,0.08140019083349612,0.4855641374726849
1307,300,10,0.1,1.0,0.9,0.5,0.0,0.08140019051868785,0.48556413776789603
1308,500,7,0.3,0.7,0.7,0.5,0.5,0.08253730567639615,0.4855693330598899
1309,500,3,0.05,0.7,1.0,0.5,0.5,0.30550017480167985,0.48558292814713266
1310,300,3,0.1,1.0,1.0,1.0,0.5,0.2895034059369671,0.48558673010278947
1311,300,9,0.2,0.7,0.9,0.5,0.0,0.0832242304502223,0.4856711599407924
1312,500,3,0.05,0.7,0.7,1.0,0.5,0.3137779375761757,0.48569604437716846
1313,300,9,0.2,0.7,0.7,1.0,0.0,0.08285745718353409,0.4857568797947646
1314,500,7,0.3,1.0,1.0,0.5,0.5,0.08725339148807532,0.48579359610898093
1314,300,7,0.3,1.0,1.0,0.5,0.5,0.08725339148807532,0.48579359610898093
1316,500,3,0.05,0.9,1.0,0.5,0.0,0.30272943719327766,0.4858073374534701
1317,500,5,0.3,0.7,0.7,0.5,0.0,0.08771900125767756,0.48582906433554124
1318,500,10,0.2,0.9,1.0,0.5,0.5,0.08185579406327266,0.4858510315226043
1319,300,10,0.2,0.7,1.0,1.0,0.0,0.08257394869447918,0.4858761783519106
1320,300,10,0.01,0.7,1.0,1.0,0.5,0.22251202491620733,0.48591156593757867
1321,500,3,0.05,0.7,1.0,0.5,0.0,0.30269498211198964,0.48592954607786054
1322,500,9,0.3,1.0,1.0,1.0,0.0,0.08139713306711902,0.485969075999189
1323,300,9,0.3,1.0,1.0,1.0,0.0,0.0813971330110619,0.48596907630770414
1324,500,10,0.05,1.0,1.0,0.5,0.5,0.08713018525308787,0.48606817511543043
1325,300,10,0.05,1.0,1.0,0.5,0.5,0.08723533306766373,0.486071794969674
1326,300,10,0.2,0.9,1.0,0.5,0.5,0.08231075464863656,0.48608411072900215
1327,500,3,0.05,0.7,0.9,0.5,0.5,0.30700606031944183,0.4861426843022758
1328,500,7,0.2,0.7,0.9,0.5,0.0,0.08420782752362953,0.48617194701580146
1329,300,3,0.1,1.0,0.9,1.0,0.5,0.2894578819205452,0.48620319529873124
1330,300,3,0.1,0.7,0.7,0.5,0.0,0.2857488317209048,0.4862097484036576
1331,300,9,0.01,0.7,0.9,1.0,0.5,0.23875246279140935,0.4862318747504631
1332,300,9,0.2,0.7,1.0,0.5,0.0,0.08327700274730997,0.4862390630563484
1333,300,9,0.01,1.0,0.7,1.0,0.5,0.20763054931130334,0.48625949057244355
1334,500,3,0.05,0.9,0.9,1.0,0.5,0.31107419403854336,0.48627778175577074
1335,300,9,0.3,1.0,0.9,0.5,0.0,0.08139700443948253,0.48630749284001407
1336,500,9,0.3,1.0,0.9,0.5,0.0,0.08139700443959297,0.4863074928996474
1337,500,9,0.2,0.7,0.9,0.5,0.0,0.08291624341161581,0.48630766104223605
1338,300,9,0.3,0.7,0.7,1.0,0.0,0.08302264480821714,0.48631166130285014
1339,500,10,0.05,1.0,0.9,0.5,0.0,0.0814032570685127,0.4863405758510832
1340,300,7,0.3,0.9,1.0,0.5,0.5,0.08291672717197124,0.4863464271069304
1341,300,10,0.05,1.0,0.9,0.5,0.0,0.08161768784097213,0.4863956916842741
1342,300,10,0.2,0.9,0.7,0.5,0.0,0.08190134306093609,0.48642956469036197
1343,500,5,0.3,0.7,1.0,0.5,0.5,0.08515810236846397,0.4864326436099905
1344,300,5,0.3,0.7,1.0,0.5,0.5,0.09016663751762594,0.48646420840978793
1345,500,7,0.3,0.9,1.0,0.5,0.5,0.08210471454699707,0.4864791093629009
1346,300,3,0.1,0.7,0.7,1.0,0.0,0.2874219803913679,0.48657013623505385
1347,300,10,0.3,0.9,0.9,1.0,0.5,0.08199818627945726,0.48658556009625914
1348,500,3,0.05,0.7,0.9,1.0,0.0,0.3069249209597882,0.4866805263250038
1349,300,9,0.01,1.0,0.7,0.5,0.5,0.19867196576935592,0.48672151465848
1350,300,3,0.1,1.0,1.0,1.0,0.0,0.2897633806942474,0.4867607512067939
1351,300,7,0.01,0.9,0.7,0.5,0.0,0.2581871910714037,0.4868639941285792
1352,300,3,0.1,1.0,0.9,0.5,0.0,0.2863926866155096,0.48690000126323696
1353,500,10,0.3,0.9,0.7,0.5,0.0,0.0819506657140155,0.4869811268546222
1354,500,3,0.05,0.9,0.7,0.5,0.5,0.3101888229037349,0.48699943022469305
1355,500,3,0.3,0.7,0.9,0.5,0.5,0.12951511099076143,0.48701515584459426
1356,300,9,0.01,0.7,1.0,1.0,0.5,0.2375112943703829,0.4870413691711502
1357,300,10,0.3,1.0,0.9,1.0,0.0,0.08139779255679094,0.48706281978025784
1358,500,10,0.3,1.0,0.9,1.0,0.0,0.08139779258785358,0.48706281980779464
1359,500,10,0.3,0.9,0.9,1.0,0.5,0.08175368920188883,0.4870852856386681
1360,300,3,0.1,1.0,1.0,0.5,0.0,0.285899729871059,0.48709931767307496
1361,300,10,0.3,0.9,0.7,0.5,0.0,0.08199805245260648,0.48714200311322015
1362,500,10,0.2,1.0,0.7,0.5,0.5,0.0861682495319678,0.48715867120297596
1362,300,10,0.2,1.0,0.7,0.5,0.5,0.0861682495319678,0.48715867120297596
1364,500,9,0.3,0.7,0.7,1.0,0.0,0.08291963893966137,0.48717900038885437
1365,300,7,0.01,0.9,0.9,0.5,0.0,0.2549219612869042,0.48724185964857825
1366,300,10,0.01,1.0,0.7,0.5,0.5,0.1816772344981014,0.4872771103953915
1367,500,10,0.3,1.0,0.9,0.5,0.5,0.08559302836339928,0.48730174196051823
1367,300,10,0.3,1.0,0.9,0.5,0.5,0.08559302836339928,0.48730174196051823
1369,500,3,0.05,0.9,1.0,0.5,0.5,0.30617504200506146,0.4873584534027274
1370,500,10,0.2,0.7,1.0,1.0,0.0,0.08239228280394822,0.48736629102594925
1371,300,7,0.01,0.9,1.0,0.5,0.0,0.25392727394588244,0.48747423393851663
1372,300,10,0.3,0.9,0.9,0.5,0.5,0.08199142554688595,0.4875540850653577
1373,500,9,0.2,0.7,1.0,0.5,0.0,0.0829187755743672,0.4875757309979398
1374,300,10,0.01,1.0,0.7,1.0,0.5,0.19064472292397514,0.4876174670182828
1375,500,3,0.05,0.7,1.0,1.0,0.0,0.30523055252393877,0.4876720541014397
1376,500,3,0.05,0.7,0.7,0.5,0.0,0.3078279064474839,0.487682891516914
1377,500,10,0.3,0.9,0.9,0.5,0.5,0.08173890894585167,0.48770787564843227
1378,300,9,0.01,0.7,0.7,1.0,0.5,0.24228364344192857,0.4877352797742935
1379,300,5,0.3,0.7,1.0,1.0,0.0,0.09084359687890993,0.4877426525275511
1380,300,10,0.2,0.9,0.9,1.0,0.0,0.08185304861215763,0.48790349298876995
1381,500,3,0.05,0.9,1.0,1.0,0.5,0.30959184758810554,0.48791025140840166
1382,300,10,0.01,0.7,0.7,1.0,0.5,0.22696321473537284,0.48794149758679
1383,300,9,0.3,0.7,1.0,1.0,0.0,0.08302368908187671,0.4880127887126119
1384,500,3,0.05,0.9,0.7,0.5,0.0,0.3083472307066469,0.48804239052336584
1385,300,9,0.01,1.0,0.9,0.5,0.0,0.16451095986504918,0.4880815031208029
1386,300,7,0.01,0.7,1.0,0.5,0.0,0.2725786446127346,0.48808928261463924
1387,300,3,0.1,1.0,0.9,0.5,0.5,0.28749184407493494,0.4881260982378154
1388,500,7,0.3,1.0,1.0,0.5,0.0,0.08139830292267568,0.4882743896466931
1389,300,7,0.3,1.0,1.0,0.5,0.0,0.0813983028705447,0.4882743902280583
1390,300,3,0.3,0.7,0.9,1.0,0.0,0.16288771152072926,0.4883080925293639
1391,500,10,0.2,0.9,0.9,1.0,0.0,0.08174195208117122,0.48837495981824364
1392,500,10,0.3,0.9,0.7,0.5,0.5,0.08177790555893838,0.48841855763457853
1393,300,7,0.01,1.0,0.7,0.5,0.0,0.25101419155030635,0.4884388246375737
1394,500,3,0.05,0.9,0.7,1.0,0.5,0.31441505061690306,0.4884716201711577
1395,500,3,0.05,0.7,0.7,0.5,0.5,0.3111852156601205,0.48855145594835303
1396,500,7,0.3,0.7,1.0,0.5,0.0,0.08423642886354267,0.48856840368660664
1397,300,9,0.3,0.7,1.0,1.0,0.5,0.08238691406980848,0.4886868201056285
1398,300,5,0.3,0.7,0.9,1.0,0.5,0.0907753968012191,0.4886984532911734
1399,300,3,0.3,0.7,0.9,0.5,0.5,0.16918687150044173,0.48878448780747114
1400,300,7,0.3,0.7,1.0,0.5,0.0,0.08495765336417407,0.4888156567458166
1401,300,7,0.3,0.7,0.7,1.0,0.0,0.08436450638660056,0.48886305746062125
1402,500,7,0.3,0.7,0.7,1.0,0.0,0.08356214188380098,0.48896527443478827
1403,500,9,0.3,1.0,0.7,1.0,0.0,0.08139809212297575,0.4889896097428662
1404,300,9,0.3,1.0,0.7,1.0,0.0,0.08139809210388498,0.4889896111126854
1405,300,9,0.3,0.9,0.7,1.0,0.0,0.08197988989702348,0.4889976421553692
1406,500,9,0.3,0.7,1.0,1.0,0.5,0.08217105459948994,0.48900859501820726
1407,500,10,0.2,0.7,0.9,0.5,0.5,0.08204277846940215,0.48905107398148573
1408,300,10,0.3,0.9,0.7,0.5,0.5,0.08206140329241426,0.4890586456737906
1409,300,10,0.2,0.7,0.9,0.5,0.5,0.08247425166740269,0.4890711580341928
1410,500,10,0.3,0.7,1.0,1.0,0.5,0.08216104851574038,0.4891044930627407
1411,300,7,0.3,0.7,1.0,1.0,0.5,0.08325216594396616,0.48914774002916056
1412,500,9,0.3,0.9,0.7,1.0,0.0,0.08191954087950672,0.48915464131531117
1413,500,5,0.3,0.7,0.9,1.0,0.5,0.08532979286695319,0.4891936655903997
1414,300,10,0.2,0.9,1.0,1.0,0.0,0.08187702949518665,0.4891992113591008
1415,500,7,0.3,0.7,1.0,1.0,0.5,0.08248775964457598,0.48925499351987384
1416,500,3,0.05,0.9,1.0,1.0,0.0,0.30615958048602476,0.48925788567126344
1417,500,3,0.3,0.7,0.7,0.5,0.0,0.12286263645735766,0.4893079280830504
1418,500,10,0.01,1.0,1.0,0.5,0.5,0.12049923740688706,0.4893919871141264
1419,300,7,0.01,0.9,0.7,1.0,0.0,0.26868566072169214,0.48940489482206745
1420,300,10,0.3,1.0,0.7,0.5,0.0,0.08139671576680328,0.4895129131106739
1421,500,10,0.3,1.0,0.7,0.5,0.0,0.08139671578029571,0.48951291323206364
1422,300,10,0.3,0.7,0.7,0.5,0.5,0.08235577372674739,0.4895265974909769
1423,300,10,0.3,0.7,0.7,1.0,0.0,0.08271922361165132,0.48956202046562086
1424,500,3,0.05,0.9,0.9,1.0,0.0,0.30879916031386656,0.48961504395121686
1425,300,10,0.3,0.7,1.0,1.0,0.5,0.08228405829653763,0.48963589556951725
1426,500,10,0.2,0.9,1.0,1.0,0.0,0.08176771449584413,0.4896650937903703
1427,500,3,0.05,1.0,0.7,1.0,0.5,0.31803937969879476,0.48966699074453696
1428,500,3,0.05,1.0,1.0,0.5,0.5,0.3120833562357168,0.4897673936083486
1429,500,5,0.3,0.7,1.0,1.0,0.5,0.08516688985914243,0.4898961677346017
1430,300,9,0.3,0.9,1.0,1.0,0.0,0.08206749296286488,0.4900295497490771
1431,300,7,0.01,1.0,0.7,1.0,0.0,0.2609720144152541,0.4900855233431438
1432,500,3,0.05,0.9,0.9,0.5,0.0,0.3043883657996057,0.49018606756048627
1433,500,9,0.3,0.9,1.0,1.0,0.0,0.0819363485162501,0.4901882392823957
1434,300,7,0.01,0.7,0.9,0.5,0.0,0.27431146362655884,0.4902060088636319
1435,300,7,0.01,0.9,0.9,1.0,0.0,0.26484934122830883,0.49025276780745203
1436,300,7,0.3,0.7,0.9,1.0,0.5,0.08342414059011852,0.4903382098358833
1437,500,5,0.3,0.7,1.0,1.0,0.0,0.08734587943471091,0.4903841850407156
1438,500,10,0.05,1.0,1.0,1.0,0.0,0.08141768565140184,0.49042144156572137
1439,500,10,0.3,0.7,0.7,0.5,0.5,0.08220475893786573,0.49043017180395565
1440,500,3,0.05,0.9,0.7,1.0,0.0,0.31187736606716854,0.4904354979696371
1441,300,10,0.3,0.7,0.7,1.0,0.5,0.08234424608495917,0.4904490741519256
1442,300,10,0.2,1.0,1.0,0.5,0.5,0.08600788685577349,0.49045281807513297
1442,500,10,0.2,1.0,1.0,0.5,0.5,0.08600788685577349,0.49045281807513297
1444,500,3,0.05,1.0,0.9,0.5,0.0,0.31169128280436725,0.49045388363891523
1445,500,7,0.3,0.7,0.9,1.0,0.5,0.08249959602246884,0.4904992385417345
1446,300,10,0.05,1.0,1.0,1.0,0.0,0.0818648260856884,0.49050063693073576
1447,300,5,0.3,0.7,1.0,1.0,0.5,0.09044639989288607,0.49051796174265094
1448,300,7,0.01,0.9,1.0,1.0,0.0,0.2638050208018374,0.4905625346991077
1449,500,10,0.3,0.7,0.7,1.0,0.0,0.08273059653226078,0.4905637292139586
1450,500,10,0.3,0.7,0.7,1.0,0.5,0.08215186836505338,0.49064113205488563
1451,500,9,0.3,0.7,1.0,1.0,0.0,0.08289221076476476,0.49069890852067216
1452,500,7,0.3,0.9,1.0,0.5,0.0,0.08266815769763311,0.49072883857874533
1453,500,9,0.3,1.0,1.0,1.0,0.5,0.08625806765415786,0.49090047910889456
1453,300,9,0.3,1.0,1.0,1.0,0.5,0.08625806765415786,0.49090047910889456
1455,300,7,0.01,0.9,0.7,0.5,0.5,0.27648729529580135,0.4909479684870775
1456,500,10,0.3,0.7,0.9,1.0,0.5,0.08213453714843251,0.4910236261468362
1457,300,7,0.3,0.9,1.0,0.5,0.0,0.08312592469620574,0.49103269582928827
1458,300,7,0.3,0.9,0.9,1.0,0.0,0.08287627448006794,0.4910798861327645
1459,300,9,0.3,0.7,1.0,0.5,0.0,0.0835292401163131,0.491119321287872
1460,500,3,0.05,1.0,0.7,0.5,0.0,0.31528546939071767,0.49112598636342975
1461,500,9,0.3,0.7,1.0,0.5,0.0,0.08332765991817015,0.4912299421690082
1462,500,3,0.05,1.0,0.7,0.5,0.5,0.3152544445385015,0.49126363825474767
1463,500,3,0.05,0.7,0.7,1.0,0.0,0.3116544005328432,0.4912716102543689
1464,300,9,0.3,0.7,0.7,0.5,0.5,0.0824673903992128,0.49129435013856204
1465,500,7,0.3,0.9,0.9,1.0,0.0,0.08242444485443196,0.4914208037224147
1466,300,10,0.3,1.0,0.7,1.0,0.0,0.08139780286222575,0.49142485313984624
1467,500,10,0.3,1.0,0.7,1.0,0.0,0.08139780284047274,0.49142485334909264
1468,300,10,0.3,0.7,0.9,1.0,0.5,0.08226763231470016,0.4914285008648508
1469,300,9,0.01,1.0,0.9,1.0,0.0,0.17652217697518124,0.49147448321849857
1470,300,3,0.1,1.0,0.9,1.0,0.0,0.29055497874413116,0.49152777492506194
1471,300,9,0.3,0.9,1.0,0.5,0.0,0.08217763098851295,0.4915396005508215
1472,500,3,0.05,1.0,0.9,1.0,0.5,0.3146198425336435,0.4915618615034866
1473,500,9,0.3,0.7,0.7,0.5,0.5,0.08221203817358537,0.49169271402494835
1474,500,9,0.3,0.9,1.0,0.5,0.0,0.0820547632242735,0.4917253910718391
1475,300,7,0.01,0.9,0.9,0.5,0.5,0.27338284717658023,0.4918404028873015
1476,300,7,0.01,1.0,0.9,0.5,0.0,0.24998328518010768,0.4919902077023867
1477,500,9,0.3,0.7,0.9,1.0,0.5,0.0821512725184999,0.4920116120154099
1478,300,10,0.2,0.7,0.9,0.5,0.0,0.08278031470973131,0.492047414814742
1479,300,7,0.01,0.7,1.0,1.0,0.0,0.2827265918771175,0.492057870541795
1480,300,9,0.3,0.9,0.7,0.5,0.0,0.08213838438232945,0.49221805489152437
1481,500,10,0.2,0.7,0.9,0.5,0.0,0.0826478919443699,0.49225229477145377
1482,300,3,0.3,0.7,0.7,0.5,0.0,0.16480952768990703,0.4923883848128666
1483,500,9,0.3,0.9,0.9,1.0,0.5,0.08180333061481865,0.4924009467584484
1484,300,9,0.01,1.0,0.9,1.0,0.5,0.20717300633046215,0.4925101813117229
1485,300,7,0.01,0.7,0.9,1.0,0.0,0.28476387478454296,0.4925253466150408
1486,300,10,0.3,0.9,0.9,0.5,0.0,0.0820122454247404,0.49254882384943816
1487,300,7,0.01,0.9,1.0,0.5,0.5,0.2718946095896261,0.49254919469116876
1488,300,10,0.3,0.7,1.0,1.0,0.0,0.08279218633109979,0.49261816951834814
1489,300,10,0.2,1.0,0.9,1.0,0.0,0.08139871498045732,0.49270675610077885
1490,500,10,0.2,1.0,0.9,1.0,0.0,0.0813987149830262,0.4927067564274876
1491,300,9,0.3,0.9,0.9,1.0,0.5,0.08217401906198196,0.4927217528344324
1492,500,10,0.1,1.0,1.0,1.0,0.0,0.08140084016133126,0.4928236370925848
1493,300,10,0.1,1.0,1.0,1.0,0.0,0.08140152465350611,0.4928266565689657
1494,300,10,0.3,0.9,1.0,1.0,0.0,0.08189709034473351,0.49307184397921844
1495,300,9,0.3,0.7,0.9,1.0,0.5,0.08240723167218116,0.49317891320672114
1496,300,7,0.01,0.7,0.7,0.5,0.0,0.278760574840739,0.4932579993070017
1497,500,3,0.05,1.0,0.9,0.5,0.5,0.3120765723593681,0.4935655600995314
1498,500,3,0.3,0.7,1.0,0.5,0.0,0.11998377448697595,0.4936782791228903
1499,500,10,0.3,1.0,1.0,1.0,0.0,0.08139700354554846,0.4937579920647249
1500,300,10,0.3,1.0,1.0,1.0,0.0,0.08139700352746503,0.4937579923489839
1501,500,10,0.3,0.9,1.0,1.0,0.5,0.08172972328965536,0.4938029448148862
1502,300,7,0.01,1.0,0.7,0.5,0.5,0.26943940743487044,0.49393975091324244
1503,500,3,0.05,1.0,0.7,1.0,0.0,0.31854490309705685,0.4939717096995909
1504,300,10,0.3,0.9,1.0,1.0,0.5,0.08197887279997124,0.493992660133751
1505,300,9,0.3,0.7,1.0,0.5,0.5,0.08239507334975078,0.494132301161143
1506,500,3,0.05,1.0,1.0,1.0,0.5,0.31549110379245077,0.49414135289391037
1507,500,9,0.3,0.9,0.7,0.5,0.0,0.08201522055123281,0.49415536901232043
1508,300,7,0.01,0.9,0.7,1.0,0.5,0.28468673230980324,0.4942086459940662
1509,300,7,0.01,1.0,0.9,1.0,0.0,0.259157214425689,0.49425614380865623
1510,500,10,0.3,0.9,1.0,1.0,0.0,0.08185204486722902,0.4943879463041973
1511,300,10,0.01,1.0,0.9,0.5,0.0,0.14289458300049676,0.49440768678108604
1512,300,9,0.01,1.0,0.9,0.5,0.5,0.19852427627285724,0.49442042619964477
1513,500,10,0.01,1.0,1.0,1.0,0.0,0.09963397568603267,0.49443886006350124
1514,300,7,0.01,0.7,1.0,0.5,0.5,0.2896665162240065,0.49458162596361643
1515,500,10,0.3,0.9,0.9,0.5,0.0,0.08196919679756749,0.49467604926491826
1516,300,5,0.3,0.7,1.0,0.5,0.0,0.0914663930062043,0.4950630559748095
1517,300,9,0.3,1.0,1.0,0.5,0.5,0.08599057466768882,0.49517316940146733
1517,500,9,0.3,1.0,1.0,0.5,0.5,0.08599057466768882,0.49517316940146733
1519,300,9,0.3,0.9,0.9,1.0,0.0,0.08203120840630468,0.49517328984067427
1520,300,7,0.01,1.0,0.7,1.0,0.5,0.27780476838862905,0.49534206363010336
1521,500,10,0.3,0.7,1.0,1.0,0.0,0.08275533905526862,0.4953716405614698
1522,300,7,0.01,0.9,1.0,1.0,0.5,0.27936688425511774,0.4953879676002441
1523,300,7,0.01,0.9,0.9,1.0,0.5,0.2815399082821872,0.4954094376970938
1524,500,9,0.3,0.9,0.9,1.0,0.0,0.08191251539993209,0.49550008775992743
1525,500,7,0.3,0.7,1.0,0.5,0.5,0.08250849564625891,0.4955235406826328
1526,300,7,0.01,0.7,0.7,1.0,0.0,0.28972353591683453,0.49552412793967754
1527,500,3,0.05,1.0,0.9,1.0,0.0,0.31737041684283357,0.49557882233571654
1528,500,10,0.3,1.0,0.9,0.5,0.0,0.08139636461239277,0.4956293094701733
1529,300,10,0.3,1.0,0.9,0.5,0.0,0.0813963645798135,0.4956293095757145
1530,500,3,0.05,1.0,1.0,0.5,0.0,0.3130693957364529,0.4956387648104482
1531,300,10,0.3,0.9,1.0,0.5,0.0,0.08203942596478124,0.49564436221840974
1532,500,10,0.1,1.0,1.0,0.5,0.0,0.08140044357834393,0.49579091172776113
1533,300,10,0.1,1.0,1.0,0.5,0.0,0.08140044335955218,0.4957909132483929
1534,500,9,0.3,0.7,1.0,0.5,0.5,0.08218534675321719,0.495884288754537
1535,300,7,0.3,0.7,1.0,0.5,0.5,0.08324573744656623,0.49594520689360616
1536,300,3,0.3,0.7,1.0,0.5,0.0,0.1569747684697265,0.4960404872773471
1537,300,10,0.01,1.0,0.9,1.0,0.0,0.15658851844193847,0.49605453568060626
1538,300,7,0.01,0.7,0.9,0.5,0.5,0.2918228701638476,0.4961159765731196
1539,500,5,0.3,0.7,1.0,0.5,0.0,0.08802553162451225,0.4962262931285479
1540,300,9,0.3,0.9,0.7,1.0,0.5,0.08223567720636371,0.49624059384161
1541,500,9,0.3,0.9,0.7,1.0,0.5,0.08184579304719437,0.4962496233196444
1542,500,3,0.05,1.0,1.0,1.0,0.0,0.3151496798901847,0.49635820273850245
1543,500,10,0.3,0.9,1.0,0.5,0.0,0.08197025860836402,0.49643573910733496
1544,300,9,0.3,0.7,0.9,0.5,0.5,0.08243904601754759,0.4964778384909566
1545,300,7,0.01,1.0,1.0,0.5,0.0,0.2503882200263805,0.4966822615259035
1546,300,10,0.01,1.0,0.9,1.0,0.5,0.1896427557917458,0.4968216593026628
1547,300,7,0.3,0.7,1.0,1.0,0.0,0.08443881955333152,0.4970887197628313
1548,500,7,0.3,0.7,1.0,1.0,0.0,0.08371764047081681,0.49712505347621844
1549,500,10,0.05,1.0,1.0,0.5,0.0,0.08140293494420499,0.4972448315349432
1550,500,9,0.3,0.7,0.9,0.5,0.5,0.08219855119853821,0.4972655790403958
1551,300,10,0.05,1.0,1.0,0.5,0.0,0.08162346145628765,0.4972683999840902
1552,300,7,0.01,1.0,0.9,0.5,0.5,0.2671148107091905,0.4974548409849317
1553,300,10,0.3,0.9,0.7,1.0,0.0,0.0818779450974241,0.4975343598751091
1554,300,7,0.01,0.7,0.7,0.5,0.5,0.29634968387675975,0.49763036589832493
1555,500,10,0.3,0.9,0.7,1.0,0.0,0.08182447875379904,0.4977098926465212
1556,300,7,0.01,0.7,1.0,1.0,0.5,0.29853157805603203,0.49809140262637647
1557,500,10,0.3,1.0,1.0,1.0,0.5,0.08568108236943699,0.49820748100096546
1557,300,10,0.3,1.0,1.0,1.0,0.5,0.08568108236943699,0.49820748100096546
1559,300,10,0.3,0.9,0.9,1.0,0.0,0.0818725686684036,0.49823495823490416
1560,500,10,0.01,1.0,1.0,0.5,0.0,0.09272065430562063,0.4982390212572545
1561,300,7,0.01,0.7,0.9,1.0,0.5,0.30014612158938486,0.4983543746865804
1562,300,9,0.01,1.0,1.0,0.5,0.0,0.165740357640016,0.4984770751598399
1563,300,9,0.01,1.0,1.0,1.0,0.5,0.2074093339702941,0.4989139743569001
1564,300,10,0.3,0.9,0.7,1.0,0.5,0.08206114774043516,0.498914954857921
1565,300,9,0.3,0.9,0.9,0.5,0.0,0.08220073732350812,0.49902102770287365
1566,500,10,0.3,0.9,0.9,1.0,0.0,0.08184685313086619,0.49905678469245673
1567,500,10,0.3,0.9,0.7,1.0,0.5,0.08177414025095686,0.4991074300721163
1568,300,9,0.3,0.7,0.7,0.5,0.0,0.08330267977199035,0.4992691841863847
1569,300,7,0.3,0.7,0.9,0.5,0.5,0.08335174556608077,0.49929320728509496
1570,500,10,0.2,1.0,1.0,0.5,0.0,0.08139807100770498,0.4994280779254685
1571,300,10,0.2,1.0,1.0,0.5,0.0,0.08139807087787478,0.4994280790842136
1572,500,7,0.3,0.7,0.9,0.5,0.5,0.0824966212741196,0.49943081040842724
1573,300,7,0.3,0.7,0.9,0.5,0.0,0.08481973312547376,0.4994807194730653
1574,300,7,0.01,1.0,1.0,1.0,0.0,0.2607585027125569,0.49948291896192126
1575,300,10,0.01,1.0,0.9,0.5,0.5,0.18087666143892836,0.4998522542098832
1576,500,5,0.3,0.7,0.9,0.5,0.0,0.08773736891673038,0.4998672335712046
1577,300,9,0.01,1.0,1.0,0.5,0.5,0.19760116473724082,0.5000187227197924
1578,500,9,0.3,0.9,0.9,0.5,0.0,0.08206356967861785,0.5001447919108307
1579,300,5,0.3,0.7,0.9,0.5,0.0,0.09127775718488404,0.5001802826763034
1580,300,9,0.3,0.7,0.9,1.0,0.0,0.08301237190928538,0.5002418630250386
1581,500,9,0.3,0.7,0.9,1.0,0.0,0.08294418823959314,0.5003983592219344
1582,300,7,0.01,0.7,0.7,1.0,0.5,0.30475888715612687,0.5004353344811551
1583,300,7,0.01,1.0,0.9,1.0,0.5,0.27698510795259607,0.5004758504454755
1584,500,9,0.3,1.0,1.0,0.5,0.0,0.08139774488383691,0.5005446596059977
1585,300,9,0.3,1.0,1.0,0.5,0.0,0.08139774485501347,0.5005446598597021
1586,300,9,0.01,1.0,1.0,1.0,0.0,0.17806244452340603,0.5006993606301819
1587,500,5,0.01,0.9,0.7,0.5,0.0,0.33109153196289703,0.5008228916999912
1588,500,7,0.3,0.7,0.9,1.0,0.0,0.08377158577924051,0.500994506767596
1589,300,10,0.3,0.7,1.0,0.5,0.0,0.08310620842179187,0.5010056994273104
1590,500,5,0.01,0.9,0.9,0.5,0.0,0.32846394917084626,0.5010137234504467
1591,300,5,0.3,0.7,0.9,1.0,0.0,0.09084349765788008,0.5012859969743745
1592,300,10,0.3,0.7,0.7,0.5,0.0,0.08302758523747517,0.501512493459999
1593,500,10,0.3,0.7,1.0,0.5,0.0,0.08308900018307182,0.5016300806539642
1594,500,5,0.01,1.0,1.0,0.5,0.0,0.3297154798626215,0.5016372716512106
1595,300,10,0.01,1.0,1.0,1.0,0.5,0.19019107621787612,0.501637940441188
1596,300,7,0.01,1.0,1.0,0.5,0.5,0.26906267837783243,0.5017766115644372
1597,500,5,0.01,0.7,1.0,0.5,0.0,0.33414292344569413,0.5018634758027324
1598,500,9,0.3,0.7,0.7,1.0,0.5,0.08218781249116165,0.5019208029646929
1599,500,5,0.01,0.9,1.0,0.5,0.0,0.32742633537275473,0.5019544855273822
1600,300,9,0.3,0.7,0.7,1.0,0.5,0.08245953649595412,0.5019800156654961
1601,500,5,0.01,0.9,0.7,0.5,0.5,0.3391850946811591,0.5020675657693088
1602,500,5,0.01,0.9,1.0,0.5,0.5,0.33503410548248547,0.5022251270526135
1603,300,7,0.3,0.7,0.9,1.0,0.0,0.08437923716335755,0.502243480547637
1604,500,5,0.01,1.0,0.7,0.5,0.0,0.3328679961061328,0.5022586963398848
1605,300,10,0.3,1.0,1.0,0.5,0.5,0.08563489575235811,0.5023161974775763
1605,500,10,0.3,1.0,1.0,0.5,0.5,0.08563489575235811,0.5023161974775763
1607,500,5,0.01,1.0,0.9,0.5,0.0,0.33101957855204817,0.5024489600321523
1608,500,5,0.01,0.9,1.0,1.0,0.0,0.33299290198664266,0.5024870577558268
1609,500,10,0.3,1.0,1.0,0.5,0.0,0.08139698456520941,0.5025096291674398
1610,300,10,0.3,1.0,1.0,0.5,0.0,0.08139698453787689,0.5025096292189358
1611,500,5,0.01,0.7,1.0,0.5,0.5,0.3402668611369413,0.5025332586948936
1612,500,5,0.3,0.7,0.9,1.0,0.0,0.08725642422126403,0.5025785795406343
1613,500,7,0.3,0.7,0.9,0.5,0.0,0.0841754257276225,0.5026340206496706
1614,500,9,0.3,0.7,0.7,0.5,0.0,0.08321518094017392,0.5030613263174104
1615,500,5,0.01,0.9,0.7,1.0,0.0,0.33726306515625554,0.5031576245880623
1616,500,5,0.01,0.7,0.7,0.5,0.0,0.3391599920463856,0.5031844029911239
1617,500,5,0.01,0.9,0.9,0.5,0.5,0.3363679671739629,0.5032011749486168
1618,500,5,0.01,0.7,1.0,1.0,0.0,0.33975091184177625,0.50326994867202
1619,500,5,0.01,0.9,0.9,1.0,0.0,0.33455408393976577,0.5034296657571742
1620,300,7,0.01,1.0,1.0,1.0,0.5,0.27815874811461583,0.5036126073437536
1621,500,10,0.3,0.7,0.7,0.5,0.0,0.08305433040526312,0.5037113270733826
1622,300,10,0.3,0.7,0.9,0.5,0.5,0.08228516386977783,0.5037553153990705
1623,500,5,0.01,1.0,0.7,1.0,0.0,0.3386169660598564,0.5038791687068653
1624,500,5,0.01,0.7,0.9,0.5,0.5,0.3424419412806063,0.5039018413043873
1625,500,5,0.01,0.7,0.9,0.5,0.0,0.336016792136153,0.5040290800064089
1626,300,10,0.3,0.7,1.0,0.5,0.5,0.08232750930035848,0.5042178067555598
1627,500,5,0.01,0.7,1.0,1.0,0.5,0.34525219646815597,0.5043862477258851
1628,500,3,0.3,0.7,0.9,0.5,0.0,0.12059756216678306,0.5043895001622718
1629,500,10,0.3,0.7,0.9,0.5,0.5,0.08217451420078165,0.5044994814412734
1630,500,5,0.01,0.7,0.7,0.5,0.5,0.3462085702905735,0.5045566979189199
1631,500,5,0.01,0.7,0.7,1.0,0.0,0.34535987938531365,0.5046583266899559
1632,500,5,0.01,0.9,0.9,1.0,0.5,0.3413955133331353,0.5046672543721423
1633,500,5,0.01,0.9,0.7,1.0,0.5,0.34388927772573646,0.5047720052275347
1634,500,5,0.01,1.0,0.9,1.0,0.0,0.3386424499453583,0.5048252519379608
1635,500,5,0.01,0.7,0.9,1.0,0.0,0.3418987408723584,0.5048857156846702
1636,500,10,0.3,0.7,1.0,0.5,0.5,0.0821613942364905,0.5049196127067356
1637,500,5,0.01,1.0,0.7,0.5,0.5,0.3418662183091795,0.5050192603514692
1638,500,5,0.01,0.9,1.0,1.0,0.5,0.33975733397080815,0.5054589254915032
1639,500,5,0.01,1.0,0.9,0.5,0.5,0.3400537368449906,0.5055573602429787
1640,500,5,0.01,0.7,0.9,1.0,0.5,0.34724545996962103,0.5056528620209507
1641,300,10,0.01,1.0,1.0,0.5,0.5,0.18146224555690124,0.5056980781504886
1642,500,5,0.01,1.0,1.0,1.0,0.0,0.33868245528871843,0.5057974804692013
1643,500,5,0.01,1.0,1.0,0.5,0.5,0.3413893198839632,0.5058694571786826
1644,500,5,0.01,1.0,0.9,1.0,0.5,0.34505105859540935,0.5063563446719288
1645,300,10,0.01,1.0,1.0,1.0,0.0,0.15703868945544194,0.5065487080015617
1646,300,3,0.3,0.7,0.9,0.5,0.0,0.1592282672045227,0.5067645276491499
1647,500,5,0.01,1.0,1.0,1.0,0.5,0.3448937205555997,0.5069895007139779
1648,500,5,0.01,1.0,0.7,1.0,0.5,0.34637668625957424,0.5070125295831528
1649,500,5,0.01,0.7,0.7,1.0,0.5,0.3511638358464425,0.5071885985373424
1650,300,10,0.01,1.0,1.0,0.5,0.0,0.14249377873966101,0.5085624274320866
1651,300,9,0.3,0.7,0.9,0.5,0.0,0.08341841364785384,0.5092516597627799
1652,300,10,0.3,0.7,0.9,1.0,0.0,0.08275317310250777,0.5098356468074766
1653,500,9,0.3,0.7,0.9,0.5,0.0,0.08335767834526789,0.5105361675203689
1654,300,3,0.05,0.7,0.9,0.5,0.0,0.37120817708482545,0.5109976904326102
1655,300,3,0.05,0.7,0.9,1.0,0.5,0.3768889479394333,0.5110599592380753
1656,300,3,0.05,0.7,1.0,1.0,0.5,0.37426434185954544,0.5113663196847088
1657,500,10,0.3,0.7,0.9,1.0,0.0,0.08279089589930014,0.5116740983712081
1658,300,3,0.05,0.9,0.7,0.5,0.5,0.3763291080944825,0.5130965109824189
1659,300,3,0.05,0.7,0.9,1.0,0.0,0.37414178481636845,0.513108752984794
1660,300,3,0.05,0.7,0.9,0.5,0.5,0.3745101549597533,0.5133330579987927
1661,300,3,0.05,0.9,0.9,0.5,0.5,0.3755750987821955,0.5133881854390162
1662,300,3,0.05,0.9,1.0,0.5,0.0,0.37062850740252673,0.5134630417394417
1663,300,10,0.3,0.7,0.9,0.5,0.0,0.08307835227269603,0.5136623985401244
1664,300,3,0.05,0.7,1.0,0.5,0.5,0.37244867086942224,0.5136950988983688
1665,300,3,0.05,0.9,0.9,1.0,0.5,0.37786868002114776,0.5142077712112408
1666,300,3,0.05,0.7,1.0,1.0,0.0,0.37266873214053725,0.5147070870006807
1667,300,3,0.05,0.9,0.7,1.0,0.5,0.380380125352249,0.5147930364612373
1668,300,3,0.05,0.9,0.9,1.0,0.0,0.3749681217323173,0.5147992767078419
1669,300,3,0.05,0.7,0.7,1.0,0.5,0.3799775699680812,0.5149852364884592
1670,300,3,0.05,0.9,1.0,0.5,0.5,0.37376658969537907,0.5151543853459364
1671,300,3,0.05,0.7,1.0,0.5,0.0,0.3709079657607244,0.5151578975565219
1672,300,3,0.05,0.9,0.7,0.5,0.0,0.37534328160456787,0.5153410502051754
1673,300,3,0.05,0.9,1.0,1.0,0.5,0.37627936783981064,0.5158613323265993
1674,300,3,0.05,0.9,1.0,1.0,0.0,0.3739825310293215,0.5163939435712691
1675,300,3,0.05,0.7,0.7,0.5,0.0,0.3755570088025938,0.5164005597865567
1676,300,3,0.05,0.9,0.9,0.5,0.0,0.37187125633907747,0.5165328260714247
1677,300,3,0.05,1.0,1.0,0.5,0.5,0.37982311806077956,0.5166982345758215
1678,500,10,0.3,0.7,0.9,0.5,0.0,0.08306157555599385,0.5172203755611541
1679,300,3,0.05,1.0,0.7,1.0,0.5,0.38481345513680487,0.5175778829274728
1680,300,3,0.05,0.7,0.7,0.5,0.5,0.3772393645805874,0.5176034563447693
1681,300,3,0.05,1.0,0.7,0.5,0.0,0.381796936891043,0.518015494172586
1682,300,3,0.05,1.0,0.9,0.5,0.0,0.37717491845854473,0.518059656865799
1683,300,3,0.05,0.9,0.7,1.0,0.0,0.3784991148737398,0.5180948631715435
1684,300,3,0.05,0.7,0.7,1.0,0.0,0.3788049861343368,0.5187454919603148
1685,300,3,0.05,1.0,0.9,1.0,0.5,0.3823419637936883,0.5188114199668159
1686,300,3,0.05,1.0,0.7,0.5,0.5,0.3831190783980924,0.5192292350079358
1687,300,3,0.05,1.0,0.9,0.5,0.5,0.3790297839590641,0.5204041080912316
1688,300,3,0.05,1.0,1.0,1.0,0.5,0.38254621114700743,0.5204913067786736
1689,300,3,0.05,1.0,0.7,1.0,0.0,0.3848955332204561,0.5209609451281388
1690,300,3,0.05,1.0,1.0,0.5,0.0,0.37804252939220506,0.5213889657764819
1691,300,3,0.05,1.0,1.0,1.0,0.0,0.38117659951231625,0.5217044657278631
1692,300,3,0.05,1.0,0.9,1.0,0.0,0.3825579647007914,0.5220594982329135
1693,300,5,0.01,1.0,0.9,0.5,0.0,0.40339690320073457,0.5385121859176286
1694,300,5,0.01,1.0,1.0,0.5,0.0,0.4029460478360084,0.5386960213422698
1695,300,5,0.01,1.0,0.7,0.5,0.0,0.40469247372115147,0.5388517095166282
1696,300,5,0.01,0.9,0.7,0.5,0.0,0.40703869261945114,0.5401600136183721
1697,300,5,0.01,0.7,1.0,0.5,0.0,0.40934252174143315,0.5406819208710697
1698,300,5,0.01,0.9,1.0,0.5,0.0,0.4029159797500398,0.5407753195176733
1699,300,5,0.01,1.0,0.7,1.0,0.0,0.40864817615138954,0.5408186464961724
1700,300,5,0.01,0.9,0.9,0.5,0.0,0.4042172161888627,0.5409927762441089
1701,300,5,0.01,1.0,0.9,1.0,0.0,0.4095181639699288,0.5411805202244037
1702,300,5,0.01,1.0,0.9,0.5,0.5,0.4090045355278674,0.5415143206902138
1703,300,5,0.01,1.0,0.7,0.5,0.5,0.41027246900337677,0.5417251186755818
1704,300,5,0.01,0.9,1.0,1.0,0.0,0.40755377216292354,0.5417784534826501
1705,300,5,0.01,0.9,0.7,0.5,0.5,0.41290085472186583,0.5419527548803421
1706,300,5,0.01,0.9,1.0,0.5,0.5,0.40886030111517974,0.5421968848104037
1707,300,5,0.01,0.9,0.9,1.0,0.0,0.40917748640609325,0.542403673047346
1708,300,5,0.01,1.0,1.0,0.5,0.5,0.4100080174427694,0.5425626350443833
1709,300,5,0.01,0.9,0.9,0.5,0.5,0.4101070024541243,0.542689777026
1710,300,5,0.01,0.7,0.9,0.5,0.0,0.41103248660517916,0.542745416367354
1711,300,5,0.01,1.0,1.0,1.0,0.0,0.4087527077521043,0.5428479265154531
1712,300,5,0.01,0.9,0.7,1.0,0.0,0.4120873264090273,0.5429413757494503
1713,300,5,0.01,0.7,1.0,0.5,0.5,0.4149756743573687,0.5431082036284983
1714,300,5,0.01,1.0,0.9,1.0,0.5,0.41295615831638466,0.5433170806780059
1715,300,5,0.01,0.7,1.0,1.0,0.0,0.4145647994795998,0.543379575058974
1716,300,5,0.01,1.0,0.7,1.0,0.5,0.41391331715999463,0.5433909237774058
1717,300,5,0.01,0.7,0.7,0.5,0.0,0.4148117353881613,0.5435208928705786
1718,300,5,0.01,0.9,0.9,1.0,0.5,0.414163021245287,0.5442885928156304
1719,300,5,0.01,0.9,0.7,1.0,0.5,0.41673521086738047,0.5443683412040579
1720,300,5,0.01,0.9,1.0,1.0,0.5,0.4125431810850001,0.544384494756294
1721,300,5,0.01,1.0,1.0,1.0,0.5,0.4132861474475404,0.5443926675690398
1722,300,5,0.01,0.7,0.9,0.5,0.5,0.4169640890159878,0.5446309310627181
1723,300,5,0.01,0.7,0.9,1.0,0.0,0.41662653701963165,0.5448329928400912
1724,300,5,0.01,0.7,0.7,1.0,0.0,0.4197410307649507,0.5449685834069241
1725,300,5,0.01,0.7,0.7,0.5,0.5,0.42068356188103373,0.5452492390638527
1726,300,5,0.01,0.7,1.0,1.0,0.5,0.41983170389511515,0.5455149264451714
1727,300,5,0.01,0.7,0.9,1.0,0.5,0.42153331041175,0.5468362999312129
1728,300,5,0.01,0.7,0.7,1.0,0.5,0.42510908600417097,0.5481529568420598
1729,500,3,0.01,0.7,1.0,0.5,0.0,0.5104048938026566,0.5904981918288058
1730,500,3,0.01,0.7,0.7,0.5,0.0,0.5136301283730966,0.5915101207636683
1731,500,3,0.01,0.7,1.0,0.5,0.5,0.5133026149904165,0.5915742625766215
1732,500,3,0.01,0.7,1.0,1.0,0.0,0.5128761825151054,0.5917602450495162
1733,500,3,0.01,0.7,0.9,0.5,0.0,0.5118540898281203,0.5921479666200599
1734,500,3,0.01,0.7,0.9,1.0,0.0,0.5142058906577951,0.5922301580602733
1735,500,3,0.01,0.7,0.7,0.5,0.5,0.5161404836070606,0.5923967311546469
1736,500,3,0.01,0.9,1.0,0.5,0.0,0.5117601595025025,0.5924429643892392
1737,500,3,0.01,0.7,0.9,0.5,0.5,0.5145226151264916,0.5926102261469427
1738,500,3,0.01,0.7,1.0,1.0,0.5,0.515425616058434,0.5926369990535316
1739,500,3,0.01,0.9,0.9,0.5,0.0,0.5123795076844176,0.5929820906933648
1740,500,3,0.01,0.7,0.7,1.0,0.0,0.5161724944990859,0.593017634620196
1741,500,3,0.01,0.9,0.9,0.5,0.5,0.5150659065433598,0.5935336019367703
1742,500,3,0.01,0.7,0.7,1.0,0.5,0.5182493501616134,0.5935380664430361
1743,500,3,0.01,0.9,0.7,0.5,0.0,0.5141643972390595,0.5935763138074889
1744,500,3,0.01,0.7,0.9,1.0,0.5,0.5163724406545828,0.5937109986427415
1745,500,3,0.01,0.9,1.0,1.0,0.0,0.5142834913660397,0.5938156670265052
1746,500,3,0.01,0.9,1.0,0.5,0.5,0.5145572041195435,0.5938634276168077
1747,500,3,0.01,0.9,0.7,1.0,0.0,0.516435780310429,0.5940877474232693
1748,500,3,0.01,0.9,0.9,1.0,0.0,0.5149418668223673,0.5941623968088907
1749,500,3,0.01,0.9,0.7,0.5,0.5,0.5169610440977848,0.5944547122131306
1750,500,3,0.01,0.9,1.0,1.0,0.5,0.5167085649476238,0.5947323458979192
1751,500,3,0.01,0.9,0.9,1.0,0.5,0.5177056969896817,0.5955361164317312
1752,500,3,0.01,0.9,0.7,1.0,0.5,0.5195079605613246,0.5964510401804158
1753,500,3,0.01,1.0,0.7,0.5,0.0,0.5180039512736321,0.597927803607617
1754,500,3,0.01,1.0,1.0,0.5,0.0,0.5151314179296367,0.5986813178646266
1755,500,3,0.01,1.0,0.7,0.5,0.5,0.5201327656330071,0.5991303950552466
1756,500,3,0.01,1.0,0.9,0.5,0.5,0.5184917478041189,0.5991961850564367
1757,500,3,0.01,1.0,1.0,0.5,0.5,0.5178094873049336,0.599877483716856
1758,500,3,0.01,1.0,0.9,0.5,0.0,0.5168149479713011,0.599899674215973
1759,500,3,0.01,1.0,0.9,1.0,0.0,0.5184809815351695,0.5999849518754937
1760,500,3,0.01,1.0,0.7,1.0,0.0,0.5204395681974476,0.600169076068355
1761,500,3,0.01,1.0,1.0,1.0,0.0,0.5179233879175974,0.6005997235107324
1762,500,3,0.01,1.0,0.9,1.0,0.5,0.5208257045171456,0.6011396584828452
1763,500,3,0.01,1.0,0.7,1.0,0.5,0.5226247384029822,0.6014513891973717
1764,500,3,0.01,1.0,1.0,1.0,0.5,0.5207404337884856,0.6014799786927678
1765,300,3,0.01,0.7,0.7,0.5,0.0,0.5872500592675963,0.645598824361555
1766,300,3,0.01,0.7,1.0,0.5,0.0,0.5840666492299725,0.6456784904306507
1767,300,3,0.01,0.7,1.0,0.5,0.5,0.5863187177597673,0.6461180794154764
1768,300,3,0.01,0.7,0.9,1.0,0.0,0.5872088300828596,0.6463725163000476
1769,300,3,0.01,0.7,0.9,0.5,0.5,0.5871629686443017,0.6464407815412793
1770,300,3,0.01,0.7,0.9,0.5,0.0,0.5855176786847573,0.646542630294135
1771,300,3,0.01,0.7,0.7,0.5,0.5,0.5894897716906392,0.6466398849750264
1772,300,3,0.01,0.7,1.0,1.0,0.0,0.5860199505437597,0.6466963837748441
1773,300,3,0.01,0.7,0.7,1.0,0.0,0.5895852780929998,0.6472188612654121
1774,300,3,0.01,0.7,1.0,1.0,0.5,0.588084071465197,0.6472557008475155
1775,300,3,0.01,0.9,0.9,0.5,0.0,0.5861368200133968,0.6475848158143771
1776,300,3,0.01,0.9,1.0,0.5,0.0,0.5858381859181223,0.6476227694325007
1777,300,3,0.01,0.7,0.9,1.0,0.5,0.5890832457181336,0.6478491384897028
1778,300,3,0.01,0.7,0.7,1.0,0.5,0.5910401843077197,0.647928433697713
1779,300,3,0.01,0.9,0.9,0.5,0.5,0.5878976706942254,0.6479679897825175
1780,300,3,0.01,0.9,1.0,1.0,0.0,0.5873926490064654,0.6482552183518848
1781,300,3,0.01,0.9,0.7,0.5,0.0,0.5882407043868189,0.6484295352768673
1782,300,3,0.01,0.9,0.7,1.0,0.0,0.5895371198765843,0.6485550919575788
1783,300,3,0.01,0.9,1.0,0.5,0.5,0.5878954033689492,0.6488132306965937
1784,300,3,0.01,0.9,1.0,1.0,0.5,0.5891423858228269,0.6491461629291909
1785,300,3,0.01,0.9,0.9,1.0,0.0,0.5880957723775556,0.6491761705017149
1786,300,3,0.01,0.9,0.7,0.5,0.5,0.590103457076623,0.6494428239310164
1787,300,3,0.01,0.9,0.9,1.0,0.5,0.5899131438860651,0.6498701028303394
1788,300,3,0.01,1.0,1.0,0.5,0.0,0.5865753918803704,0.6501952893022461
1789,300,3,0.01,1.0,0.7,0.5,0.0,0.5892198203229275,0.6504836043504842
1790,300,3,0.01,0.9,0.7,1.0,0.5,0.5919499327729477,0.6505471859420823
1791,300,3,0.01,1.0,0.9,0.5,0.0,0.5875157033591119,0.65102602604027
1792,300,3,0.01,1.0,0.9,0.5,0.5,0.5892360611216453,0.6517734278055771
1793,300,3,0.01,1.0,1.0,1.0,0.0,0.5886030249326433,0.6518603578086575
1794,300,3,0.01,1.0,0.7,1.0,0.0,0.590860476081348,0.6519748861815531
1795,300,3,0.01,1.0,0.7,0.5,0.5,0.5905895257352907,0.6520138184774349
1796,300,3,0.01,1.0,1.0,0.5,0.5,0.5887908436102735,0.6520923489068798
1797,300,3,0.01,1.0,0.9,1.0,0.0,0.5895291773084697,0.6522461687744192
1798,300,3,0.01,1.0,1.0,1.0,0.5,0.5904234460857484,0.6525312752509355
1799,300,3,0.01,1.0,0.7,1.0,0.5,0.59191378665475,0.6527267332665196
1800,300,3,0.01,1.0,0.9,1.0,0.5,0.591282772746814,0.6532037847135115
