Model,Train_set,Test_set,R²,RMSE,MAE
ElasticNet,dft,dft,0.36822642686248663,1.1748794687019575,0.952469333660293
ElasticNet,dft,exp,0.29613216555213584,1.0543152791914836,0.8108104714261987
ElasticNet,exp,exp,0.6310090073927813,0.7633660183666682,0.5778305725128648
ElasticNet,exp,dft,-0.03681793224755325,1.50509473537375,1.1910754592838524
