Model,Train_set,Test_set,R²,RMSE,MAE
GBR,dft,dft,0.6474678723498954,0.8776309648294585,0.6692307826396038
GBR,dft,exp,0.34369197469458157,1.0180727149743938,0.8084126012115954
GBR,exp,exp,0.7916029445267787,0.573681348014307,0.4084933288267026
GBR,exp,dft,0.046973091799511035,1.4429961358977232,1.1143224317579623
