Model,Train_set,Test_set,R²,RMSE,MAE
KernelRidge,dft,dft,0.6317420377870007,0.896992185427153,0.6769665205454414
KernelRidge,dft,exp,0.36153808110054997,1.004135774974984,0.7884288459353529
KernelRidge,exp,exp,0.7201121055727604,0.6648397818162999,0.47553023259069277
KernelRidge,exp,dft,0.07865188388306488,1.4188107252161712,1.1184196841986567
