Model,Train_set,Test_set,R²,RMSE,MAE
ExtraRandomTrees,dft,dft,0.7594103934639362,0.7250217206619745,0.4504951794121363
ExtraRandomTrees,dft,exp,0.4279596380169499,0.9504697014161074,0.758713276806883
ExtraRandomTrees,exp,exp,0.7695667226064914,0.6032502897465847,0.39769834710743807
ExtraRandomTrees,exp,dft,0.0625080881411334,1.4311868970261488,1.1296617512858902
