Train,Test,R^2,RMSE,MAE
dft,dft,0.43179215084618716,1.1142078170296497,0.8947256721162276
dft,exp,0.22486391399915073,1.1064044622208322,0.8697895926534487
exp,exp,0.6685904476648503,0.72344821904967,0.5330211102070425
exp,dft,-0.13780802203547848,1.576692792653132,1.2100023599830487
