Model,Train_set,Test_set,R²,RMSE,MAE
Lasso,dft,dft,0.3351105655462425,1.2052782029738494,0.9805781203747554
Lasso,dft,exp,0.3162105220365663,1.0391689163744142,0.79726873457196
Lasso,exp,exp,0.5956857414713473,0.799069344142618,0.6140656178763675
Lasso,exp,dft,-0.06909345428847824,1.5283415563197185,1.2178370293181848
