Model,Train_set,Test_set,R²,RMSE,MAE
LightGBM,dft,dft,0.731649649165877,0.7657088565720512,0.5612165251936724
LightGBM,dft,exp,0.38946538137199294,0.9819290033323813,0.7831744159238104
LightGBM,exp,exp,0.796710973593236,0.5666069650156331,0.38711761040712656
LightGBM,exp,dft,-0.02502419085646035,1.4965100721675442,1.1669069806866068
