Model,Train_set,Test_set,R²,RMSE,MAE
KNN,dft,dft,0.6195086688616924,0.9117693102600171,0.6585853722040815
KNN,dft,exp,0.37648608332767586,0.9923114816619821,0.7722439205077034
KNN,exp,exp,0.6221175004657304,0.7725086134479277,0.5382809917355372
KNN,exp,dft,0.06435866507880905,1.4297736422844822,1.123907245589857
