rank_test_score,param_lgbm__learning_rate,param_lgbm__max_depth,param_lgbm__n_estimators,param_lgbm__subsample,param_lgbm__colsample_bytree,param_lgbm__reg_alpha,param_lgbm__reg_lambda,train_rmse,test_rmse
1,0.1,-1,300,1.0,0.7,0.0,0.0,0.10469621134971262,0.44584174332757515
1,0.1,-1,300,0.7,0.7,0.0,0.0,0.10469621134971262,0.44584174332757515
3,0.1,-1,300,1.0,0.7,0.0,0.3,0.10540834146313914,0.44754373316773755
3,0.1,-1,300,0.7,0.7,0.0,0.3,0.10540834146313914,0.44754373316773755
5,0.1,7,300,0.7,0.7,0.3,0.3,0.1295152430014922,0.44762109858098253
5,0.1,7,300,1.0,0.7,0.3,0.3,0.1295152430014922,0.44762109858098253
7,0.1,-1,200,0.7,0.7,0.0,0.0,0.1328958369167015,0.44803871596750544
7,0.1,-1,200,1.0,0.7,0.0,0.0,0.1328958369167015,0.44803871596750544
9,0.1,-1,300,0.7,0.7,0.1,0.1,0.1051908187004608,0.44805950287379326
9,0.1,-1,300,1.0,0.7,0.1,0.1,0.1051908187004608,0.44805950287379326
11,0.1,-1,300,1.0,1.0,0.3,0.1,0.10496904372572698,0.44808802558301064
11,0.1,-1,300,0.7,1.0,0.3,0.1,0.10496904372572698,0.44808802558301064
13,0.1,7,300,0.7,0.7,0.3,0.1,0.12868476886583874,0.44839380189540234
13,0.1,7,300,1.0,0.7,0.3,0.1,0.12868476886583874,0.44839380189540234
15,0.1,9,300,0.7,1.0,0.3,0.1,0.11184108886034683,0.4485812319212273
15,0.1,9,300,1.0,1.0,0.3,0.1,0.11184108886034683,0.4485812319212273
17,0.1,9,300,1.0,0.7,0.3,0.3,0.11500916277555863,0.4492293152386454
17,0.1,9,300,0.7,0.7,0.3,0.3,0.11500916277555863,0.4492293152386454
19,0.1,-1,300,1.0,0.7,0.3,0.1,0.10783862605977323,0.4492412436005554
19,0.1,-1,300,0.7,0.7,0.3,0.1,0.10783862605977323,0.4492412436005554
21,0.1,-1,300,1.0,0.7,0.1,0.3,0.10536167314662526,0.4492628701203652
21,0.1,-1,300,0.7,0.7,0.1,0.3,0.10536167314662526,0.4492628701203652
23,0.1,9,300,0.7,1.0,0.1,0.1,0.11417760505495574,0.44949901286693195
23,0.1,9,300,1.0,1.0,0.1,0.1,0.11417760505495574,0.44949901286693195
25,0.1,7,300,0.7,0.7,0.0,0.3,0.13830480380210844,0.44950875336504525
25,0.1,7,300,1.0,0.7,0.0,0.3,0.13830480380210844,0.44950875336504525
27,0.1,9,300,1.0,0.7,0.3,0.0,0.11434986269368634,0.4498162514892534
27,0.1,9,300,0.7,0.7,0.3,0.0,0.11434986269368634,0.4498162514892534
29,0.1,-1,200,0.7,0.7,0.0,0.3,0.13388160242837716,0.45018256539591056
29,0.1,-1,200,1.0,0.7,0.0,0.3,0.13388160242837716,0.45018256539591056
31,0.1,-1,200,0.7,1.0,0.3,0.1,0.1317816165150846,0.45022618994690683
31,0.1,-1,200,1.0,1.0,0.3,0.1,0.1317816165150846,0.45022618994690683
33,0.1,7,300,1.0,0.7,0.0,0.0,0.13719360967014016,0.4504269089235506
33,0.1,7,300,0.7,0.7,0.0,0.0,0.13719360967014016,0.4504269089235506
35,0.1,-1,300,0.7,1.0,0.0,0.3,0.10325245671106668,0.4506404716455624
35,0.1,-1,300,1.0,1.0,0.0,0.3,0.10325245671106668,0.4506404716455624
37,0.1,-1,200,0.7,0.7,0.1,0.1,0.13345110592853932,0.45068836671614265
37,0.1,-1,200,1.0,0.7,0.1,0.1,0.13345110592853932,0.45068836671614265
39,0.05,-1,300,0.7,0.7,0.3,0.1,0.16191635493539938,0.4508495263853976
39,0.05,-1,300,1.0,0.7,0.3,0.1,0.16191635493539938,0.4508495263853976
41,0.1,9,300,0.7,1.0,0.0,0.1,0.11745109018070995,0.4509665707845741
41,0.1,9,300,1.0,1.0,0.0,0.1,0.11745109018070995,0.4509665707845741
43,0.1,-1,300,1.0,0.7,0.1,0.0,0.10552307403280663,0.4512528646508392
43,0.1,-1,300,0.7,0.7,0.1,0.0,0.10552307403280663,0.4512528646508392
45,0.1,9,300,1.0,0.7,0.0,0.0,0.12116255903021353,0.4513835914171943
45,0.1,9,300,0.7,0.7,0.0,0.0,0.12116255903021353,0.4513835914171943
47,0.1,9,300,1.0,0.7,0.3,0.1,0.11389047502303945,0.45141203820346715
47,0.1,9,300,0.7,0.7,0.3,0.1,0.11389047502303945,0.45141203820346715
49,0.1,-1,200,1.0,0.7,0.1,0.3,0.13344934681626,0.45149858410571025
49,0.1,-1,200,0.7,0.7,0.1,0.3,0.13344934681626,0.45149858410571025
51,0.05,-1,300,1.0,0.7,0.1,0.0,0.16013388706445458,0.4516774966805895
51,0.05,-1,300,0.7,0.7,0.1,0.0,0.16013388706445458,0.4516774966805895
53,0.1,7,200,1.0,0.7,0.3,0.3,0.16774668563913647,0.45167828359866646
53,0.1,7,200,0.7,0.7,0.3,0.3,0.16774668563913647,0.45167828359866646
55,0.1,7,300,1.0,0.7,0.3,0.0,0.12927573418427013,0.45183307228533715
55,0.1,7,300,0.7,0.7,0.3,0.0,0.12927573418427013,0.45183307228533715
57,0.1,7,300,0.7,1.0,0.3,0.3,0.12642067514520386,0.4518460161119112
57,0.1,7,300,1.0,1.0,0.3,0.3,0.12642067514520386,0.4518460161119112
59,0.1,9,200,0.7,1.0,0.3,0.1,0.1455311323421619,0.45190509274715757
59,0.1,9,200,1.0,1.0,0.3,0.1,0.1455311323421619,0.45190509274715757
61,0.1,-1,200,1.0,0.7,0.3,0.1,0.1361553000452461,0.45197116587145486
61,0.1,-1,200,0.7,0.7,0.3,0.1,0.1361553000452461,0.45197116587145486
63,0.1,-1,200,0.7,1.0,0.0,0.3,0.1307959635784187,0.452247131383739
63,0.1,-1,200,1.0,1.0,0.0,0.3,0.1307959635784187,0.452247131383739
65,0.05,-1,300,1.0,0.7,0.3,0.0,0.16105860169496683,0.452359606978422
65,0.05,-1,300,0.7,0.7,0.3,0.0,0.16105860169496683,0.452359606978422
67,0.1,7,300,0.7,1.0,0.1,0.3,0.1331934613974713,0.45239638024623446
67,0.1,7,300,1.0,1.0,0.1,0.3,0.1331934613974713,0.45239638024623446
69,0.2,9,200,0.7,0.7,0.0,0.3,0.10129872083466275,0.4525082048764266
69,0.2,9,200,1.0,0.7,0.0,0.3,0.10129872083466275,0.4525082048764266
71,0.2,9,300,0.7,0.7,0.0,0.3,0.08742101986378964,0.452540460216397
71,0.2,9,300,1.0,0.7,0.0,0.3,0.08742101986378964,0.452540460216397
73,0.1,-1,300,0.7,1.0,0.1,0.1,0.1029587561636328,0.45257558266897663
73,0.1,-1,300,1.0,1.0,0.1,0.1,0.1029587561636328,0.45257558266897663
75,0.1,7,300,1.0,0.7,0.1,0.1,0.13292820332308067,0.4525760648602925
75,0.1,7,300,0.7,0.7,0.1,0.1,0.13292820332308067,0.4525760648602925
77,0.1,9,300,0.7,0.7,0.1,0.3,0.11835188993405725,0.4525766513592341
77,0.1,9,300,1.0,0.7,0.1,0.3,0.11835188993405725,0.4525766513592341
79,0.1,9,300,1.0,1.0,0.1,0.0,0.1142866414657876,0.45261244132610723
79,0.1,9,300,0.7,1.0,0.1,0.0,0.1142866414657876,0.45261244132610723
81,0.05,-1,300,0.7,1.0,0.0,0.1,0.15665026970505655,0.45269192216076537
81,0.05,-1,300,1.0,1.0,0.0,0.1,0.15665026970505655,0.45269192216076537
83,0.1,7,300,1.0,1.0,0.3,0.0,0.12519691420492998,0.4526993392186932
83,0.1,7,300,0.7,1.0,0.3,0.0,0.12519691420492998,0.4526993392186932
85,0.2,-1,300,1.0,1.0,0.3,0.1,0.08622388055054873,0.45279059588536297
85,0.2,-1,300,0.7,1.0,0.3,0.1,0.08622388055054873,0.45279059588536297
87,0.1,9,200,1.0,1.0,0.1,0.1,0.14730970358283943,0.45282662504255977
87,0.1,9,200,0.7,1.0,0.1,0.1,0.14730970358283943,0.45282662504255977
89,0.05,-1,300,0.7,0.7,0.0,0.3,0.1611044268995489,0.45283907036345483
89,0.05,-1,300,1.0,0.7,0.0,0.3,0.1611044268995489,0.45283907036345483
91,0.25,5,300,0.7,0.7,0.1,0.0,0.10407957409975924,0.45284659362354407
91,0.25,5,300,1.0,0.7,0.1,0.0,0.10407957409975924,0.45284659362354407
93,0.1,9,200,0.7,0.7,0.3,0.3,0.14882533552613567,0.4528874264480793
93,0.1,9,200,1.0,0.7,0.3,0.3,0.14882533552613567,0.4528874264480793
95,0.1,9,300,0.7,0.7,0.0,0.3,0.12068503467914393,0.45298454161297147
95,0.1,9,300,1.0,0.7,0.0,0.3,0.12068503467914393,0.45298454161297147
97,0.1,7,200,0.7,0.7,0.3,0.1,0.16813549328031668,0.4529909091368359
97,0.1,7,200,1.0,0.7,0.3,0.1,0.16813549328031668,0.4529909091368359
99,0.1,9,300,1.0,1.0,0.3,0.3,0.11229263536062227,0.4530108775471905
99,0.1,9,300,0.7,1.0,0.3,0.3,0.11229263536062227,0.4530108775471905
101,0.05,9,300,1.0,0.7,0.0,0.3,0.18381912902623557,0.4530780628400849
101,0.05,9,300,0.7,0.7,0.0,0.3,0.18381912902623557,0.4530780628400849
103,0.05,9,300,1.0,0.7,0.1,0.0,0.18045491805518113,0.45312814223775716
103,0.05,9,300,0.7,0.7,0.1,0.0,0.18045491805518113,0.45312814223775716
105,0.1,-1,300,0.7,1.0,0.1,0.0,0.10313154238811502,0.4531409938155504
105,0.1,-1,300,1.0,1.0,0.1,0.0,0.10313154238811502,0.4531409938155504
107,0.2,-1,200,0.7,1.0,0.3,0.1,0.09362869483785001,0.4531665565916594
107,0.2,-1,200,1.0,1.0,0.3,0.1,0.09362869483785001,0.4531665565916594
109,0.1,9,200,0.7,0.7,0.3,0.0,0.14838061275492684,0.4531744098064073
109,0.1,9,200,1.0,0.7,0.3,0.0,0.14838061275492684,0.4531744098064073
111,0.1,9,300,0.7,1.0,0.0,0.3,0.11762601874519105,0.4533021455506504
111,0.1,9,300,1.0,1.0,0.0,0.3,0.11762601874519105,0.4533021455506504
113,0.05,9,300,0.7,1.0,0.3,0.1,0.17492186920310876,0.45333555704526457
113,0.05,9,300,1.0,1.0,0.3,0.1,0.17492186920310876,0.45333555704526457
115,0.1,-1,200,0.7,0.7,0.1,0.0,0.1335311729870663,0.4533563047158747
115,0.1,-1,200,1.0,0.7,0.1,0.0,0.1335311729870663,0.4533563047158747
117,0.05,9,300,0.7,0.7,0.3,0.0,0.17745158437272818,0.45338032250972204
117,0.05,9,300,1.0,0.7,0.3,0.0,0.17745158437272818,0.45338032250972204
119,0.2,9,300,0.7,1.0,0.3,0.1,0.0869643695957658,0.4534379413159508
119,0.2,9,300,1.0,1.0,0.3,0.1,0.0869643695957658,0.4534379413159508
121,0.1,-1,300,0.7,1.0,0.3,0.0,0.10459847831049307,0.4534633590679699
121,0.1,-1,300,1.0,1.0,0.3,0.0,0.10459847831049307,0.4534633590679699
123,0.05,-1,300,1.0,0.7,0.1,0.3,0.16062914312365378,0.4534833616324266
123,0.05,-1,300,0.7,0.7,0.1,0.3,0.16062914312365378,0.4534833616324266
125,0.1,-1,300,1.0,0.7,0.3,0.3,0.10798457269807962,0.4535121438616648
125,0.1,-1,300,0.7,0.7,0.3,0.3,0.10798457269807962,0.4535121438616648
127,0.1,7,300,1.0,0.7,0.1,0.0,0.13445970526253048,0.45355794338908434
127,0.1,7,300,0.7,0.7,0.1,0.0,0.13445970526253048,0.45355794338908434
129,0.05,-1,300,0.7,0.7,0.0,0.0,0.15945948846786315,0.453613240264683
129,0.05,-1,300,1.0,0.7,0.0,0.0,0.15945948846786315,0.453613240264683
131,0.2,9,200,1.0,1.0,0.3,0.1,0.09671916879961238,0.4536846781055512
131,0.2,9,200,0.7,1.0,0.3,0.1,0.09671916879961238,0.4536846781055512
133,0.1,7,200,1.0,0.7,0.0,0.3,0.1756704987402034,0.45370947337198786
133,0.1,7,200,0.7,0.7,0.0,0.3,0.1756704987402034,0.45370947337198786
135,0.1,7,300,1.0,0.7,0.1,0.3,0.13466321955833824,0.45374129814884273
135,0.1,7,300,0.7,0.7,0.1,0.3,0.13466321955833824,0.45374129814884273
137,0.1,7,300,1.0,1.0,0.3,0.1,0.12484319261464047,0.4537903438075103
137,0.1,7,300,0.7,1.0,0.3,0.1,0.12484319261464047,0.4537903438075103
139,0.05,-1,300,0.7,0.7,0.1,0.1,0.1597700813325516,0.4539109451509778
139,0.05,-1,300,1.0,0.7,0.1,0.1,0.1597700813325516,0.4539109451509778
141,0.1,9,200,0.7,0.7,0.3,0.1,0.1475761283782073,0.45392147131868893
141,0.1,9,200,1.0,0.7,0.3,0.1,0.1475761283782073,0.45392147131868893
143,0.1,9,200,0.7,1.0,0.0,0.1,0.14985001989430002,0.4539611877713616
143,0.1,9,200,1.0,1.0,0.0,0.1,0.14985001989430002,0.4539611877713616
145,0.05,-1,300,1.0,1.0,0.1,0.0,0.15618598571006898,0.454053662817657
145,0.05,-1,300,0.7,1.0,0.1,0.0,0.15618598571006898,0.454053662817657
147,0.1,7,300,0.7,1.0,0.0,0.0,0.13541992009823614,0.4541391751720523
147,0.1,7,300,1.0,1.0,0.0,0.0,0.13541992009823614,0.4541391751720523
149,0.1,9,300,1.0,0.7,0.1,0.1,0.11622675530754417,0.4541583393115439
149,0.1,9,300,0.7,0.7,0.1,0.1,0.11622675530754417,0.4541583393115439
151,0.1,9,300,0.7,0.7,0.1,0.0,0.11711320714227588,0.45417578259265506
151,0.1,9,300,1.0,0.7,0.1,0.0,0.11711320714227588,0.45417578259265506
153,0.1,-1,300,0.7,1.0,0.0,0.0,0.10296985468858558,0.4543326024669689
153,0.1,-1,300,1.0,1.0,0.0,0.0,0.10296985468858558,0.4543326024669689
155,0.1,-1,200,0.7,1.0,0.1,0.1,0.1302028368664143,0.45449771500626773
155,0.1,-1,200,1.0,1.0,0.1,0.1,0.1302028368664143,0.45449771500626773
157,0.1,7,200,1.0,0.7,0.0,0.0,0.1740842111504479,0.454618304572916
157,0.1,7,200,0.7,0.7,0.0,0.0,0.1740842111504479,0.454618304572916
159,0.1,9,300,1.0,1.0,0.3,0.0,0.11155945983090891,0.454675235118429
159,0.1,9,300,0.7,1.0,0.3,0.0,0.11155945983090891,0.454675235118429
161,0.1,9,200,0.7,0.7,0.0,0.0,0.15449028595432235,0.4546981860132709
161,0.1,9,200,1.0,0.7,0.0,0.0,0.15449028595432235,0.4546981860132709
163,0.1,9,200,1.0,0.7,0.1,0.3,0.15313557547099818,0.45478035397110017
163,0.1,9,200,0.7,0.7,0.1,0.3,0.15313557547099818,0.45478035397110017
165,0.05,9,300,1.0,0.7,0.1,0.1,0.18133752765987135,0.4548832429908293
165,0.05,9,300,0.7,0.7,0.1,0.1,0.18133752765987135,0.4548832429908293
167,0.05,-1,300,1.0,1.0,0.3,0.1,0.1574664405730011,0.4548856847124813
167,0.05,-1,300,0.7,1.0,0.3,0.1,0.1574664405730011,0.4548856847124813
169,0.25,5,200,0.7,0.7,0.1,0.0,0.13362324896411387,0.4549881364731922
169,0.25,5,200,1.0,0.7,0.1,0.0,0.13362324896411387,0.4549881364731922
171,0.1,9,300,1.0,0.7,0.0,0.1,0.12007186964890806,0.45506915560661426
171,0.1,9,300,0.7,0.7,0.0,0.1,0.12007186964890806,0.45506915560661426
173,0.1,-1,200,0.7,1.0,0.1,0.0,0.1301911367220829,0.4551797104748847
173,0.1,-1,200,1.0,1.0,0.1,0.0,0.1301911367220829,0.4551797104748847
175,0.05,9,300,1.0,1.0,0.0,0.0,0.17928555255397532,0.4551846830259845
175,0.05,9,300,0.7,1.0,0.0,0.0,0.17928555255397532,0.4551846830259845
177,0.05,9,300,0.7,0.7,0.0,0.0,0.18344682660715772,0.45520212429043433
177,0.05,9,300,1.0,0.7,0.0,0.0,0.18344682660715772,0.45520212429043433
179,0.1,7,300,0.7,1.0,0.1,0.0,0.13076501772490262,0.4552784769570146
179,0.1,7,300,1.0,1.0,0.1,0.0,0.13076501772490262,0.4552784769570146
181,0.1,-1,300,1.0,0.7,0.0,0.1,0.10513605280989718,0.45529882877139477
181,0.1,-1,300,0.7,0.7,0.0,0.1,0.10513605280989718,0.45529882877139477
183,0.1,-1,300,0.7,1.0,0.1,0.3,0.10303485552898486,0.4553657520740298
183,0.1,-1,300,1.0,1.0,0.1,0.3,0.10303485552898486,0.4553657520740298
185,0.05,-1,300,1.0,1.0,0.0,0.3,0.15742661340545253,0.4553713455114928
185,0.05,-1,300,0.7,1.0,0.0,0.3,0.15742661340545253,0.4553713455114928
187,0.1,-1,300,1.0,0.7,0.3,0.0,0.10728313114458347,0.45539682510239454
187,0.1,-1,300,0.7,0.7,0.3,0.0,0.10728313114458347,0.45539682510239454
189,0.1,7,200,1.0,1.0,0.3,0.3,0.16578468549746425,0.4553995571225476
189,0.1,7,200,0.7,1.0,0.3,0.3,0.16578468549746425,0.4553995571225476
191,0.1,9,200,0.7,1.0,0.3,0.3,0.14561849059793744,0.45542686842017394
191,0.1,9,200,1.0,1.0,0.3,0.3,0.14561849059793744,0.45542686842017394
193,0.05,-1,300,1.0,1.0,0.3,0.0,0.15703874119462585,0.4554865156182903
193,0.05,-1,300,0.7,1.0,0.3,0.0,0.15703874119462585,0.4554865156182903
195,0.05,-1,300,1.0,1.0,0.1,0.3,0.15649338365097903,0.4555008158827935
195,0.05,-1,300,0.7,1.0,0.1,0.3,0.15649338365097903,0.4555008158827935
197,0.05,-1,300,0.7,0.7,0.0,0.1,0.16001214216638024,0.4555123409645353
197,0.05,-1,300,1.0,0.7,0.0,0.1,0.16001214216638024,0.4555123409645353
199,0.1,-1,300,0.7,1.0,0.3,0.3,0.10521950998543068,0.4555880790352678
199,0.1,-1,300,1.0,1.0,0.3,0.3,0.10521950998543068,0.4555880790352678
201,0.1,5,300,1.0,0.7,0.3,0.0,0.17764655268694576,0.45560587259176416
201,0.1,5,300,0.7,0.7,0.3,0.0,0.17764655268694576,0.45560587259176416
203,0.1,-1,200,0.7,1.0,0.3,0.0,0.13124915766515008,0.45564378692014224
203,0.1,-1,200,1.0,1.0,0.3,0.0,0.13124915766515008,0.45564378692014224
205,0.05,-1,300,0.7,0.7,0.3,0.3,0.16244032552883259,0.4557448498993024
205,0.05,-1,300,1.0,0.7,0.3,0.3,0.16244032552883259,0.4557448498993024
207,0.2,-1,200,0.7,0.7,0.1,0.0,0.09268202576703649,0.455790330164333
207,0.2,-1,200,1.0,0.7,0.1,0.0,0.09268202576703649,0.455790330164333
209,0.2,-1,300,0.7,1.0,0.3,0.3,0.08632329383176707,0.45583548436268445
209,0.2,-1,300,1.0,1.0,0.3,0.3,0.08632329383176707,0.45583548436268445
211,0.2,-1,300,0.7,0.7,0.1,0.0,0.08465101297985873,0.4558440684159002
211,0.2,-1,300,1.0,0.7,0.1,0.0,0.08465101297985873,0.4558440684159002
213,0.1,9,300,0.7,1.0,0.1,0.3,0.11407764263666649,0.4559242619521441
213,0.1,9,300,1.0,1.0,0.1,0.3,0.11407764263666649,0.4559242619521441
215,0.1,-1,200,0.7,1.0,0.0,0.0,0.12989732624329306,0.45595766519453446
215,0.1,-1,200,1.0,1.0,0.0,0.0,0.12989732624329306,0.45595766519453446
217,0.05,9,300,0.7,1.0,0.3,0.3,0.17484752969803363,0.45597520009066983
217,0.05,9,300,1.0,1.0,0.3,0.3,0.17484752969803363,0.45597520009066983
219,0.2,9,300,1.0,0.7,0.3,0.3,0.08801023396530697,0.45602834811828075
219,0.2,9,300,0.7,0.7,0.3,0.3,0.08801023396530697,0.45602834811828075
221,0.1,7,200,0.7,1.0,0.3,0.0,0.16338213032138402,0.4560485546186016
221,0.1,7,200,1.0,1.0,0.3,0.0,0.16338213032138402,0.4560485546186016
223,0.1,9,200,0.7,1.0,0.0,0.3,0.15222183707158748,0.4560922330359492
223,0.1,9,200,1.0,1.0,0.0,0.3,0.15222183707158748,0.4560922330359492
225,0.2,-1,200,0.7,1.0,0.0,0.1,0.0910185062132595,0.4561076024596242
225,0.2,-1,200,1.0,1.0,0.0,0.1,0.0910185062132595,0.4561076024596242
227,0.1,9,200,0.7,1.0,0.1,0.0,0.14829712213508195,0.4561191797322509
227,0.1,9,200,1.0,1.0,0.1,0.0,0.14829712213508195,0.4561191797322509
229,0.2,9,200,0.7,0.7,0.3,0.3,0.09908158436464189,0.4561273228042963
229,0.2,9,200,1.0,0.7,0.3,0.3,0.09908158436464189,0.4561273228042963
231,0.2,-1,300,0.7,0.7,0.3,0.3,0.08709749470249051,0.45616980087952563
231,0.2,-1,300,1.0,0.7,0.3,0.3,0.08709749470249051,0.45616980087952563
233,0.2,9,300,1.0,1.0,0.3,0.3,0.08714825079584014,0.456220526818436
233,0.2,9,300,0.7,1.0,0.3,0.3,0.08714825079584014,0.456220526818436
235,0.2,7,300,1.0,0.7,0.0,0.0,0.0940640961351365,0.45622154853282526
235,0.2,7,300,0.7,0.7,0.0,0.0,0.0940640961351365,0.45622154853282526
237,0.1,9,200,0.7,0.7,0.1,0.1,0.15087456929638662,0.4562272455837546
237,0.1,9,200,1.0,0.7,0.1,0.1,0.15087456929638662,0.4562272455837546
239,0.1,7,200,0.7,0.7,0.3,0.0,0.16940583376604335,0.4562432942102326
239,0.1,7,200,1.0,0.7,0.3,0.0,0.16940583376604335,0.4562432942102326
241,0.2,-1,200,1.0,1.0,0.3,0.3,0.09397692274878679,0.4563029055195612
241,0.2,-1,200,0.7,1.0,0.3,0.3,0.09397692274878679,0.4563029055195612
243,0.2,7,200,1.0,0.7,0.0,0.0,0.11381198828775209,0.45633844138911733
243,0.2,7,200,0.7,0.7,0.0,0.0,0.11381198828775209,0.45633844138911733
245,0.3,9,200,1.0,1.0,0.1,0.3,0.0857016704067967,0.4563490467260619
245,0.3,9,200,0.7,1.0,0.1,0.3,0.0857016704067967,0.4563490467260619
247,0.1,-1,200,0.7,0.7,0.3,0.3,0.13618394680184923,0.4563625130944058
247,0.1,-1,200,1.0,0.7,0.3,0.3,0.13618394680184923,0.4563625130944058
249,0.2,9,300,0.7,1.0,0.3,0.0,0.08708288834260872,0.4563694312345751
249,0.2,9,300,1.0,1.0,0.3,0.0,0.08708288834260872,0.4563694312345751
251,0.2,-1,300,1.0,1.0,0.0,0.1,0.08373685014969345,0.45638947100119054
251,0.2,-1,300,0.7,1.0,0.0,0.1,0.08373685014969345,0.45638947100119054
253,0.3,9,300,1.0,1.0,0.1,0.3,0.08237854003604837,0.4564172515474578
253,0.3,9,300,0.7,1.0,0.1,0.3,0.08237854003604837,0.4564172515474578
255,0.3,7,300,0.7,1.0,0.3,0.0,0.08476601627349685,0.45648720625188416
255,0.3,7,300,1.0,1.0,0.3,0.0,0.08476601627349685,0.45648720625188416
257,0.05,9,300,1.0,0.7,0.3,0.3,0.17840134270770105,0.4564874524351648
257,0.05,9,300,0.7,0.7,0.3,0.3,0.17840134270770105,0.4564874524351648
259,0.1,7,200,1.0,1.0,0.1,0.3,0.17182682949810804,0.4565127461334088
259,0.1,7,200,0.7,1.0,0.1,0.3,0.17182682949810804,0.4565127461334088
261,0.2,9,200,0.7,1.0,0.3,0.0,0.09718682585683763,0.4565724418624908
261,0.2,9,200,1.0,1.0,0.3,0.0,0.09718682585683763,0.4565724418624908
263,0.05,9,300,0.7,0.7,0.3,0.1,0.17940365052150256,0.45659050431343495
263,0.05,9,300,1.0,0.7,0.3,0.1,0.17940365052150256,0.45659050431343495
265,0.1,9,200,0.7,0.7,0.0,0.3,0.15512997407740306,0.45659535576697907
265,0.1,9,200,1.0,0.7,0.0,0.3,0.15512997407740306,0.45659535576697907
267,0.2,-1,200,0.7,0.7,0.3,0.3,0.09562136487070944,0.4566022263534139
267,0.2,-1,200,1.0,0.7,0.3,0.3,0.09562136487070944,0.4566022263534139
269,0.2,9,200,0.7,1.0,0.3,0.3,0.09700834398366073,0.45667622387789236
269,0.2,9,200,1.0,1.0,0.3,0.3,0.09700834398366073,0.45667622387789236
271,0.2,9,300,0.7,0.7,0.1,0.3,0.0863915707570194,0.4567234872418445
271,0.2,9,300,1.0,0.7,0.1,0.3,0.0863915707570194,0.4567234872418445
273,0.25,-1,200,1.0,0.7,0.0,0.0,0.08693388900552114,0.45675209357689234
273,0.25,-1,200,0.7,0.7,0.0,0.0,0.08693388900552114,0.45675209357689234
275,0.3,7,200,0.7,1.0,0.3,0.0,0.08940614364987885,0.4567687197930246
275,0.3,7,200,1.0,1.0,0.3,0.0,0.08940614364987885,0.4567687197930246
277,0.2,5,300,1.0,0.7,0.3,0.3,0.11607201603151987,0.45689352949117285
277,0.2,5,300,0.7,0.7,0.3,0.3,0.11607201603151987,0.45689352949117285
279,0.2,9,200,0.7,0.7,0.1,0.3,0.09914629562009021,0.45692651798874767
279,0.2,9,200,1.0,0.7,0.1,0.3,0.09914629562009021,0.45692651798874767
281,0.25,-1,300,1.0,0.7,0.0,0.0,0.0824978724775669,0.4569372460775862
281,0.25,-1,300,0.7,0.7,0.0,0.0,0.0824978724775669,0.4569372460775862
283,0.05,9,300,0.7,1.0,0.1,0.3,0.17871688493946036,0.4569403788745762
283,0.05,9,300,1.0,1.0,0.1,0.3,0.17871688493946036,0.4569403788745762
285,0.1,-1,300,1.0,1.0,0.0,0.1,0.10258295760662979,0.4569773714575829
285,0.1,-1,300,0.7,1.0,0.0,0.1,0.10258295760662979,0.4569773714575829
287,0.1,-1,200,1.0,0.7,0.0,0.1,0.1333617405349622,0.45698816740753706
287,0.1,-1,200,0.7,0.7,0.0,0.1,0.1333617405349622,0.45698816740753706
289,0.05,-1,300,0.7,1.0,0.0,0.0,0.15623408397746605,0.4569984680271825
289,0.05,-1,300,1.0,1.0,0.0,0.0,0.15623408397746605,0.4569984680271825
291,0.05,-1,300,1.0,1.0,0.3,0.3,0.15824902842430952,0.4571178267156052
291,0.05,-1,300,0.7,1.0,0.3,0.3,0.15824902842430952,0.4571178267156052
293,0.2,-1,300,1.0,1.0,0.3,0.0,0.08620859193976806,0.4571197898655786
293,0.2,-1,300,0.7,1.0,0.3,0.0,0.08620859193976806,0.4571197898655786
295,0.1,7,200,0.7,0.7,0.1,0.1,0.1716962829024266,0.457134645153814
295,0.1,7,200,1.0,0.7,0.1,0.1,0.1716962829024266,0.457134645153814
297,0.05,7,300,1.0,0.7,0.1,0.0,0.20230736450900225,0.4572681212962067
297,0.05,7,300,0.7,0.7,0.1,0.0,0.20230736450900225,0.4572681212962067
299,0.1,-1,200,0.7,1.0,0.1,0.3,0.13060692678804095,0.4572752304905706
299,0.1,-1,200,1.0,1.0,0.1,0.3,0.13060692678804095,0.4572752304905706
301,0.2,-1,200,1.0,1.0,0.3,0.0,0.093697254605004,0.45727941719490756
301,0.2,-1,200,0.7,1.0,0.3,0.0,0.093697254605004,0.45727941719490756
303,0.1,-1,200,0.7,0.7,0.3,0.0,0.13479025152604907,0.45728456344880203
303,0.1,-1,200,1.0,0.7,0.3,0.0,0.13479025152604907,0.45728456344880203
305,0.1,7,200,1.0,1.0,0.3,0.1,0.16430252297533612,0.4573051357681854
305,0.1,7,200,0.7,1.0,0.3,0.1,0.16430252297533612,0.4573051357681854
307,0.1,5,300,1.0,0.7,0.3,0.1,0.17826435907175536,0.4573122689594933
307,0.1,5,300,0.7,0.7,0.3,0.1,0.17826435907175536,0.4573122689594933
309,0.25,7,300,1.0,0.7,0.1,0.1,0.08564865048390649,0.45739661074978816
309,0.25,7,300,0.7,0.7,0.1,0.1,0.08564865048390649,0.45739661074978816
311,0.1,7,300,0.7,1.0,0.0,0.3,0.13471986672695443,0.457420560217495
311,0.1,7,300,1.0,1.0,0.0,0.3,0.13471986672695443,0.457420560217495
313,0.1,5,300,0.7,0.7,0.1,0.0,0.18254736948203026,0.45753780137024397
313,0.1,5,300,1.0,0.7,0.1,0.0,0.18254736948203026,0.45753780137024397
315,0.25,7,200,1.0,0.7,0.1,0.1,0.09813288414846089,0.45756134149426003
315,0.25,7,200,0.7,0.7,0.1,0.1,0.09813288414846089,0.45756134149426003
317,0.2,7,300,0.7,1.0,0.0,0.3,0.09311248604423437,0.4576154296752282
317,0.2,7,300,1.0,1.0,0.0,0.3,0.09311248604423437,0.4576154296752282
319,0.2,-1,300,0.7,0.7,0.3,0.0,0.08689918442086919,0.4576543773422299
319,0.2,-1,300,1.0,0.7,0.3,0.0,0.08689918442086919,0.4576543773422299
321,0.1,9,200,1.0,1.0,0.3,0.0,0.1445069052222461,0.4576598620243732
321,0.1,9,200,0.7,1.0,0.3,0.0,0.1445069052222461,0.4576598620243732
323,0.25,5,300,1.0,0.7,0.0,0.0,0.10794373048382837,0.45773637691564256
323,0.25,5,300,0.7,0.7,0.0,0.0,0.10794373048382837,0.45773637691564256
325,0.1,7,200,0.7,0.7,0.1,0.0,0.17471976342606996,0.45775407180294836
325,0.1,7,200,1.0,0.7,0.1,0.0,0.17471976342606996,0.45775407180294836
327,0.2,7,200,0.7,1.0,0.1,0.3,0.10827379447739628,0.45777120364803325
327,0.2,7,200,1.0,1.0,0.1,0.3,0.10827379447739628,0.45777120364803325
329,0.2,7,300,0.7,0.7,0.3,0.3,0.09071434674945583,0.45777785224999773
329,0.2,7,300,1.0,0.7,0.3,0.3,0.09071434674945583,0.45777785224999773
331,0.2,-1,200,0.7,0.7,0.3,0.0,0.09508983864129195,0.45778414037900933
331,0.2,-1,200,1.0,0.7,0.3,0.0,0.09508983864129195,0.45778414037900933
333,0.2,7,300,1.0,1.0,0.1,0.3,0.08965699411361354,0.4578969309625631
333,0.2,7,300,0.7,1.0,0.1,0.3,0.08965699411361354,0.4578969309625631
335,0.2,7,200,1.0,1.0,0.0,0.3,0.1125592170083263,0.45798674935730654
335,0.2,7,200,0.7,1.0,0.0,0.3,0.1125592170083263,0.45798674935730654
337,0.05,9,300,1.0,0.7,0.1,0.3,0.18139989079890967,0.4580119866491862
337,0.05,9,300,0.7,0.7,0.1,0.3,0.18139989079890967,0.4580119866491862
339,0.1,-1,200,0.7,1.0,0.3,0.3,0.1319799428103264,0.4581407374661155
339,0.1,-1,200,1.0,1.0,0.3,0.3,0.1319799428103264,0.4581407374661155
341,0.1,9,200,1.0,0.7,0.1,0.0,0.1522483702281227,0.45814303892186087
341,0.1,9,200,0.7,0.7,0.1,0.0,0.1522483702281227,0.45814303892186087
343,0.1,5,300,0.7,1.0,0.3,0.3,0.17476781927614285,0.4581561030102403
343,0.1,5,300,1.0,1.0,0.3,0.3,0.17476781927614285,0.4581561030102403
345,0.2,-1,300,1.0,1.0,0.0,0.3,0.08388415592746667,0.45820742975909845
345,0.2,-1,300,0.7,1.0,0.0,0.3,0.08388415592746667,0.45820742975909845
347,0.1,9,300,1.0,1.0,0.0,0.0,0.11767572035224265,0.45821693706010924
347,0.1,9,300,0.7,1.0,0.0,0.0,0.11767572035224265,0.45821693706010924
349,0.05,7,300,1.0,0.7,0.3,0.0,0.20013627267533127,0.45827886340672536
349,0.05,7,300,0.7,0.7,0.3,0.0,0.20013627267533127,0.45827886340672536
351,0.2,7,200,1.0,0.7,0.3,0.3,0.10761832553080457,0.4583545186930101
351,0.2,7,200,0.7,0.7,0.3,0.3,0.10761832553080457,0.4583545186930101
353,0.1,9,200,1.0,0.7,0.0,0.1,0.15391667708942613,0.45841604903379257
353,0.1,9,200,0.7,0.7,0.0,0.1,0.15391667708942613,0.45841604903379257
355,0.05,9,300,0.7,0.7,0.0,0.1,0.18400794964921408,0.4584191180231031
355,0.05,9,300,1.0,0.7,0.0,0.1,0.18400794964921408,0.4584191180231031
357,0.2,-1,200,1.0,1.0,0.0,0.3,0.09144988890013875,0.4585130155611297
357,0.2,-1,200,0.7,1.0,0.0,0.3,0.09144988890013875,0.4585130155611297
359,0.2,9,200,1.0,0.7,0.1,0.0,0.09909157012636888,0.45860855587121396
359,0.2,9,200,0.7,0.7,0.1,0.0,0.09909157012636888,0.45860855587121396
361,0.05,9,300,0.7,1.0,0.1,0.1,0.17595043005211058,0.4586130946495642
361,0.05,9,300,1.0,1.0,0.1,0.1,0.17595043005211058,0.4586130946495642
363,0.2,-1,200,1.0,1.0,0.1,0.1,0.09159115506388493,0.45865098156557577
363,0.2,-1,200,0.7,1.0,0.1,0.1,0.09159115506388493,0.45865098156557577
365,0.2,9,300,1.0,0.7,0.1,0.0,0.0863944184076305,0.45865651762859194
365,0.2,9,300,0.7,0.7,0.1,0.0,0.0863944184076305,0.45865651762859194
367,0.05,-1,200,1.0,0.7,0.3,0.1,0.20706186161272683,0.4586971848982363
367,0.05,-1,200,0.7,0.7,0.3,0.1,0.20706186161272683,0.4586971848982363
369,0.2,-1,300,0.7,1.0,0.1,0.1,0.08414766995189744,0.45870182913547175
369,0.2,-1,300,1.0,1.0,0.1,0.1,0.08414766995189744,0.45870182913547175
371,0.2,7,300,0.7,1.0,0.0,0.0,0.09347173640883709,0.45871334718148465
371,0.2,7,300,1.0,1.0,0.0,0.0,0.09347173640883709,0.45871334718148465
373,0.2,7,200,0.7,1.0,0.0,0.0,0.11326167376670652,0.4587144260665046
373,0.2,7,200,1.0,1.0,0.0,0.0,0.11326167376670652,0.4587144260665046
375,0.1,7,200,0.7,0.7,0.1,0.3,0.1739600221925986,0.4587323109829452
375,0.1,7,200,1.0,0.7,0.1,0.3,0.1739600221925986,0.4587323109829452
377,0.25,5,300,1.0,0.7,0.1,0.3,0.10560517389982062,0.4587710768966435
377,0.25,5,300,0.7,0.7,0.1,0.3,0.10560517389982062,0.4587710768966435
379,0.05,-1,300,1.0,1.0,0.1,0.1,0.15690146110362846,0.45878677440686416
379,0.05,-1,300,0.7,1.0,0.1,0.1,0.15690146110362846,0.45878677440686416
381,0.25,5,200,0.7,0.7,0.0,0.0,0.13678255792302993,0.45879594197383644
381,0.25,5,200,1.0,0.7,0.0,0.0,0.13678255792302993,0.45879594197383644
383,0.2,9,200,0.7,0.7,0.3,0.0,0.09873161277682178,0.45880598504240294
383,0.2,9,200,1.0,0.7,0.3,0.0,0.09873161277682178,0.45880598504240294
385,0.2,9,300,0.7,1.0,0.0,0.1,0.08676577595098589,0.4588238243190099
385,0.2,9,300,1.0,1.0,0.0,0.1,0.08676577595098589,0.4588238243190099
387,0.05,9,300,0.7,1.0,0.3,0.0,0.17397096384469327,0.45884258123568533
387,0.05,9,300,1.0,1.0,0.3,0.0,0.17397096384469327,0.45884258123568533
389,0.1,7,300,0.7,1.0,0.0,0.1,0.13591106748908227,0.45890156306479823
389,0.1,7,300,1.0,1.0,0.0,0.1,0.13591106748908227,0.45890156306479823
391,0.1,7,200,1.0,1.0,0.0,0.0,0.1738745778468659,0.45892268474317616
391,0.1,7,200,0.7,1.0,0.0,0.0,0.1738745778468659,0.45892268474317616
393,0.1,5,300,1.0,1.0,0.3,0.0,0.17596454469971834,0.4589414915243967
393,0.1,5,300,0.7,1.0,0.3,0.0,0.17596454469971834,0.4589414915243967
395,0.1,7,300,0.7,0.7,0.0,0.1,0.13858459057755176,0.4589450688008563
395,0.1,7,300,1.0,0.7,0.0,0.1,0.13858459057755176,0.4589450688008563
397,0.2,5,300,0.7,0.7,0.1,0.1,0.1198033421482114,0.4589530328465173
397,0.2,5,300,1.0,0.7,0.1,0.1,0.1198033421482114,0.4589530328465173
399,0.3,9,200,1.0,1.0,0.3,0.0,0.08700284436095147,0.45897255668549886
399,0.3,9,200,0.7,1.0,0.3,0.0,0.08700284436095147,0.45897255668549886
401,0.05,7,300,1.0,0.7,0.0,0.1,0.204550661989315,0.458973140090146
401,0.05,7,300,0.7,0.7,0.0,0.1,0.204550661989315,0.458973140090146
403,0.2,-1,200,0.7,0.7,0.0,0.0,0.09259998599479315,0.4590075691615768
403,0.2,-1,200,1.0,0.7,0.0,0.0,0.09259998599479315,0.4590075691615768
405,0.1,9,200,0.7,1.0,0.1,0.3,0.14902246685935336,0.4590111330543679
405,0.1,9,200,1.0,1.0,0.1,0.3,0.14902246685935336,0.4590111330543679
407,0.05,7,300,0.7,0.7,0.3,0.3,0.19994189083292488,0.4590151241909532
407,0.05,7,300,1.0,0.7,0.3,0.3,0.19994189083292488,0.4590151241909532
409,0.3,-1,200,0.7,1.0,0.1,0.3,0.0843705358881759,0.45903125924562016
409,0.3,-1,200,1.0,1.0,0.1,0.3,0.0843705358881759,0.45903125924562016
411,0.1,-1,200,0.7,1.0,0.0,0.1,0.1295489860172991,0.4590460093568795
411,0.1,-1,200,1.0,1.0,0.0,0.1,0.1295489860172991,0.4590460093568795
413,0.05,7,300,0.7,0.7,0.1,0.3,0.20152094411649443,0.45904658910065443
413,0.05,7,300,1.0,0.7,0.1,0.3,0.20152094411649443,0.45904658910065443
415,0.05,7,300,1.0,1.0,0.3,0.3,0.19531089211725328,0.4590716647096663
415,0.05,7,300,0.7,1.0,0.3,0.3,0.19531089211725328,0.4590716647096663
417,0.3,9,300,0.7,1.0,0.3,0.0,0.08477645963299338,0.4590737597977522
417,0.3,9,300,1.0,1.0,0.3,0.0,0.08477645963299338,0.4590737597977522
419,0.05,7,300,1.0,0.7,0.0,0.3,0.20595994497973788,0.4590840805981035
419,0.05,7,300,0.7,0.7,0.0,0.3,0.20595994497973788,0.4590840805981035
421,0.3,-1,300,1.0,1.0,0.1,0.3,0.08215854593005215,0.4591441002780997
421,0.3,-1,300,0.7,1.0,0.1,0.3,0.08215854593005215,0.4591441002780997
423,0.2,9,300,1.0,0.7,0.3,0.0,0.08784493852317903,0.4591843710691887
423,0.2,9,300,0.7,0.7,0.3,0.0,0.08784493852317903,0.4591843710691887
425,0.05,7,300,1.0,0.7,0.1,0.1,0.20355431070183508,0.45925012342074967
425,0.05,7,300,0.7,0.7,0.1,0.1,0.20355431070183508,0.45925012342074967
427,0.05,9,300,0.7,1.0,0.0,0.1,0.18065515788844103,0.45930286989722063
427,0.05,9,300,1.0,1.0,0.0,0.1,0.18065515788844103,0.45930286989722063
429,0.05,9,300,0.7,1.0,0.0,0.3,0.18102545656183228,0.4593070526114026
429,0.05,9,300,1.0,1.0,0.0,0.3,0.18102545656183228,0.4593070526114026
431,0.2,9,200,1.0,1.0,0.0,0.1,0.09969567664309113,0.4593088625998748
431,0.2,9,200,0.7,1.0,0.0,0.1,0.09969567664309113,0.4593088625998748
433,0.2,9,300,0.7,0.7,0.3,0.1,0.0878452925134283,0.4593143766080112
433,0.2,9,300,1.0,0.7,0.3,0.1,0.0878452925134283,0.4593143766080112
435,0.05,-1,200,0.7,0.7,0.3,0.0,0.2056177147376341,0.45931601151109247
435,0.05,-1,200,1.0,0.7,0.3,0.0,0.2056177147376341,0.45931601151109247
437,0.2,-1,300,1.0,0.7,0.0,0.0,0.08426861293974433,0.4593604038109428
437,0.2,-1,300,0.7,0.7,0.0,0.0,0.08426861293974433,0.4593604038109428
439,0.2,9,200,1.0,0.7,0.3,0.1,0.0987189699441182,0.4593726944435513
439,0.2,9,200,0.7,0.7,0.3,0.1,0.0987189699441182,0.4593726944435513
441,0.05,-1,200,1.0,0.7,0.1,0.0,0.20478698770637163,0.459404052628572
441,0.05,-1,200,0.7,0.7,0.1,0.0,0.20478698770637163,0.459404052628572
443,0.3,9,300,0.7,1.0,0.3,0.1,0.08478496313261007,0.45941014347366677
443,0.3,9,300,1.0,1.0,0.3,0.1,0.08478496313261007,0.45941014347366677
445,0.2,5,300,0.7,0.7,0.0,0.0,0.12351493096397774,0.4594196208611327
445,0.2,5,300,1.0,0.7,0.0,0.0,0.12351493096397774,0.4594196208611327
447,0.2,-1,200,1.0,0.7,0.3,0.1,0.09556554233985712,0.4594551573097294
447,0.2,-1,200,0.7,0.7,0.3,0.1,0.09556554233985712,0.4594551573097294
449,0.1,5,300,0.7,0.7,0.3,0.3,0.1803016106046618,0.4594813740913251
449,0.1,5,300,1.0,0.7,0.3,0.3,0.1803016106046618,0.4594813740913251
451,0.2,5,300,1.0,1.0,0.1,0.0,0.11602265592989269,0.4595000217826201
451,0.2,5,300,0.7,1.0,0.1,0.0,0.11602265592989269,0.4595000217826201
453,0.3,9,200,0.7,1.0,0.3,0.1,0.08711013195557245,0.4595363320510085
453,0.3,9,200,1.0,1.0,0.3,0.1,0.08711013195557245,0.4595363320510085
455,0.2,-1,300,1.0,0.7,0.3,0.1,0.08705206056903635,0.45954945891067334
455,0.2,-1,300,0.7,0.7,0.3,0.1,0.08705206056903635,0.45954945891067334
457,0.25,7,300,0.7,0.7,0.1,0.3,0.08578179118554737,0.4595737841360761
457,0.25,7,300,1.0,0.7,0.1,0.3,0.08578179118554737,0.4595737841360761
459,0.2,7,300,1.0,0.7,0.1,0.0,0.09107100181758072,0.45957491359494657
459,0.2,7,300,0.7,0.7,0.1,0.0,0.09107100181758072,0.45957491359494657
461,0.2,7,300,1.0,1.0,0.1,0.0,0.08989319905446595,0.45961434197972867
461,0.2,7,300,0.7,1.0,0.1,0.0,0.08989319905446595,0.45961434197972867
463,0.3,7,200,1.0,1.0,0.0,0.3,0.09309938113730343,0.4596350841961371
463,0.3,7,200,0.7,1.0,0.0,0.3,0.09309938113730343,0.4596350841961371
465,0.05,-1,200,1.0,1.0,0.0,0.1,0.20093936862470513,0.4596467669870817
465,0.05,-1,200,0.7,1.0,0.0,0.1,0.20093936862470513,0.4596467669870817
467,0.2,7,300,1.0,0.7,0.0,0.1,0.09417611154333967,0.4597090291833962
467,0.2,7,300,0.7,0.7,0.0,0.1,0.09417611154333967,0.4597090291833962
469,0.25,5,300,1.0,0.7,0.3,0.3,0.10203326758096026,0.45971691358872047
469,0.25,5,300,0.7,0.7,0.3,0.3,0.10203326758096026,0.45971691358872047
471,0.2,7,200,1.0,1.0,0.1,0.0,0.10857614802128822,0.45973715326480774
471,0.2,7,200,0.7,1.0,0.1,0.0,0.10857614802128822,0.45973715326480774
473,0.25,7,200,0.7,0.7,0.1,0.3,0.09800589721266234,0.45973872998046644
473,0.25,7,200,1.0,0.7,0.1,0.3,0.09800589721266234,0.45973872998046644
475,0.05,-1,200,1.0,0.7,0.0,0.3,0.2055159270508183,0.4597562619851118
475,0.05,-1,200,0.7,0.7,0.0,0.3,0.2055159270508183,0.4597562619851118
477,0.2,-1,200,1.0,0.7,0.1,0.3,0.09320367678101392,0.45977473038060546
477,0.2,-1,200,0.7,0.7,0.1,0.3,0.09320367678101392,0.45977473038060546
479,0.1,7,300,0.7,1.0,0.1,0.1,0.13196171693859343,0.45977889780581094
479,0.1,7,300,1.0,1.0,0.1,0.1,0.13196171693859343,0.45977889780581094
481,0.1,5,300,1.0,1.0,0.0,0.1,0.1818175144203805,0.45979862418987055
481,0.1,5,300,0.7,1.0,0.0,0.1,0.1818175144203805,0.45979862418987055
483,0.3,9,300,0.7,1.0,0.0,0.3,0.08236086504901964,0.45981593695698886
483,0.3,9,300,1.0,1.0,0.0,0.3,0.08236086504901964,0.45981593695698886
485,0.2,-1,300,0.7,0.7,0.1,0.3,0.08479319876479431,0.45984542364737474
485,0.2,-1,300,1.0,0.7,0.1,0.3,0.08479319876479431,0.45984542364737474
487,0.05,7,300,0.7,1.0,0.1,0.0,0.19858892931314392,0.4598640005806035
487,0.05,7,300,1.0,1.0,0.1,0.0,0.19858892931314392,0.4598640005806035
489,0.1,5,300,0.7,1.0,0.1,0.3,0.18041399743683723,0.4599464631944599
489,0.1,5,300,1.0,1.0,0.1,0.3,0.18041399743683723,0.4599464631944599
491,0.25,-1,200,1.0,1.0,0.0,0.1,0.08620858286080837,0.45998648361968725
491,0.25,-1,200,0.7,1.0,0.0,0.1,0.08620858286080837,0.45998648361968725
493,0.3,9,200,1.0,1.0,0.0,0.3,0.08644093071562042,0.45999620835460503
493,0.3,9,200,0.7,1.0,0.0,0.3,0.08644093071562042,0.45999620835460503
495,0.3,7,300,0.7,1.0,0.0,0.3,0.08434182440826485,0.4600463648638326
495,0.3,7,300,1.0,1.0,0.0,0.3,0.08434182440826485,0.4600463648638326
497,0.1,5,300,0.7,1.0,0.1,0.1,0.1797735855711628,0.4600808571937308
497,0.1,5,300,1.0,1.0,0.1,0.1,0.1797735855711628,0.4600808571937308
499,0.1,7,200,0.7,1.0,0.1,0.0,0.1694497595811904,0.4600865859686518
499,0.1,7,200,1.0,1.0,0.1,0.0,0.1694497595811904,0.4600865859686518
501,0.2,5,200,0.7,0.7,0.3,0.3,0.15262683465118135,0.4601508520361344
501,0.2,5,200,1.0,0.7,0.3,0.3,0.15262683465118135,0.4601508520361344
503,0.25,7,300,0.7,1.0,0.3,0.3,0.08597445585157329,0.46017344253629056
503,0.25,7,300,1.0,1.0,0.3,0.3,0.08597445585157329,0.46017344253629056
505,0.3,7,300,1.0,1.0,0.3,0.3,0.08473354574137004,0.46019352686663806
505,0.3,7,300,0.7,1.0,0.3,0.3,0.08473354574137004,0.46019352686663806
507,0.25,-1,300,1.0,1.0,0.0,0.1,0.08229557222392364,0.46021618196840036
507,0.25,-1,300,0.7,1.0,0.0,0.1,0.08229557222392364,0.46021618196840036
509,0.2,7,300,1.0,0.7,0.1,0.3,0.09116650686013682,0.46024102147346324
509,0.2,7,300,0.7,0.7,0.1,0.3,0.09116650686013682,0.46024102147346324
511,0.2,5,300,1.0,1.0,0.3,0.0,0.11163926002382317,0.46028066154279484
511,0.2,5,300,0.7,1.0,0.3,0.0,0.11163926002382317,0.46028066154279484
513,0.2,-1,300,0.7,0.7,0.0,0.1,0.08421846302687282,0.46034418090118356
513,0.2,-1,300,1.0,0.7,0.0,0.1,0.08421846302687282,0.46034418090118356
515,0.2,-1,200,1.0,0.7,0.0,0.1,0.09260175910932124,0.4603556595868014
515,0.2,-1,200,0.7,0.7,0.0,0.1,0.09260175910932124,0.4603556595868014
517,0.2,5,300,1.0,1.0,0.3,0.1,0.11244852998192807,0.46037243340401746
517,0.2,5,300,0.7,1.0,0.3,0.1,0.11244852998192807,0.46037243340401746
519,0.2,7,200,0.7,0.7,0.1,0.0,0.11081754079566812,0.4603754120684474
519,0.2,7,200,1.0,0.7,0.1,0.0,0.11081754079566812,0.4603754120684474
521,0.05,-1,200,0.7,1.0,0.1,0.0,0.20040818881810038,0.4604146553992748
521,0.05,-1,200,1.0,1.0,0.1,0.0,0.20040818881810038,0.4604146553992748
523,0.3,7,200,1.0,1.0,0.3,0.3,0.08963830780723085,0.46043811135797547
523,0.3,7,200,0.7,1.0,0.3,0.3,0.08963830780723085,0.46043811135797547
525,0.1,5,300,1.0,1.0,0.1,0.0,0.1794349901265426,0.4604450701380913
525,0.1,5,300,0.7,1.0,0.1,0.0,0.1794349901265426,0.4604450701380913
527,0.2,7,200,0.7,0.7,0.0,0.1,0.11463610342783079,0.460487168250502
527,0.2,7,200,1.0,0.7,0.0,0.1,0.11463610342783079,0.460487168250502
529,0.05,-1,200,1.0,0.7,0.0,0.0,0.20389987823636688,0.4605072587314722
529,0.05,-1,200,0.7,0.7,0.0,0.0,0.20389987823636688,0.4605072587314722
531,0.25,7,300,1.0,0.7,0.1,0.0,0.0856801459475688,0.46051678739671076
531,0.25,7,300,0.7,0.7,0.1,0.0,0.0856801459475688,0.46051678739671076
533,0.1,7,200,1.0,1.0,0.0,0.3,0.17247991222760306,0.4605577286489701
533,0.1,7,200,0.7,1.0,0.0,0.3,0.17247991222760306,0.4605577286489701
535,0.25,5,200,0.7,0.7,0.1,0.3,0.13545036750815845,0.4605743266583893
535,0.25,5,200,1.0,0.7,0.1,0.3,0.13545036750815845,0.4605743266583893
537,0.25,5,300,0.7,0.7,0.0,0.3,0.11099024482654955,0.460600980839857
537,0.25,5,300,1.0,0.7,0.0,0.3,0.11099024482654955,0.460600980839857
539,0.2,7,200,0.7,0.7,0.1,0.3,0.1106908843427304,0.46066114308136125
539,0.2,7,200,1.0,0.7,0.1,0.3,0.1106908843427304,0.46066114308136125
541,0.05,9,300,0.7,1.0,0.1,0.0,0.17686787757917777,0.4606619611122404
541,0.05,9,300,1.0,1.0,0.1,0.0,0.17686787757917777,0.4606619611122404
543,0.25,7,200,1.0,1.0,0.3,0.3,0.09463747752603809,0.4606810391794448
543,0.25,7,200,0.7,1.0,0.3,0.3,0.09463747752603809,0.4606810391794448
545,0.05,-1,200,0.7,0.7,0.1,0.1,0.20409258917566564,0.4607507217602887
545,0.05,-1,200,1.0,0.7,0.1,0.1,0.20409258917566564,0.4607507217602887
547,0.2,9,300,0.7,1.0,0.1,0.1,0.0856234680149339,0.46075348071491784
547,0.2,9,300,1.0,1.0,0.1,0.1,0.0856234680149339,0.46075348071491784
549,0.25,7,200,0.7,0.7,0.1,0.0,0.09852389775548522,0.46082594731032317
549,0.25,7,200,1.0,0.7,0.1,0.0,0.09852389775548522,0.46082594731032317
551,0.25,5,200,1.0,0.7,0.3,0.3,0.13025136987877156,0.4608579516172062
551,0.25,5,200,0.7,0.7,0.3,0.3,0.13025136987877156,0.4608579516172062
553,0.2,7,300,0.7,1.0,0.3,0.1,0.08951754207256145,0.4608818964241745
553,0.2,7,300,1.0,1.0,0.3,0.1,0.08951754207256145,0.4608818964241745
555,0.2,9,200,1.0,1.0,0.1,0.1,0.09729461250370514,0.46091330320398327
555,0.2,9,200,0.7,1.0,0.1,0.1,0.09729461250370514,0.46091330320398327
557,0.2,7,200,0.7,1.0,0.1,0.1,0.10770874684210043,0.4609143832310569
557,0.2,7,200,1.0,1.0,0.1,0.1,0.10770874684210043,0.4609143832310569
559,0.2,5,300,1.0,1.0,0.0,0.1,0.11956648528898574,0.460960632007644
559,0.2,5,300,0.7,1.0,0.0,0.1,0.11956648528898574,0.460960632007644
561,0.1,9,200,1.0,1.0,0.0,0.0,0.1509143706794542,0.4610813911138426
561,0.1,9,200,0.7,1.0,0.0,0.0,0.1509143706794542,0.4610813911138426
563,0.3,9,300,0.7,1.0,0.1,0.1,0.08234120416577853,0.46111190463275586
563,0.3,9,300,1.0,1.0,0.1,0.1,0.08234120416577853,0.46111190463275586
565,0.3,9,200,0.7,1.0,0.1,0.1,0.08557626822369596,0.4611142500264926
565,0.3,9,200,1.0,1.0,0.1,0.1,0.08557626822369596,0.4611142500264926
567,0.25,-1,200,1.0,0.7,0.0,0.3,0.08714267274097602,0.4611770680730691
567,0.25,-1,200,0.7,0.7,0.0,0.3,0.08714267274097602,0.4611770680730691
569,0.3,9,300,1.0,1.0,0.3,0.3,0.08473479406901223,0.46118394692645165
569,0.3,9,300,0.7,1.0,0.3,0.3,0.08473479406901223,0.46118394692645165
571,0.05,7,300,0.7,1.0,0.1,0.3,0.20009221441036815,0.4612054378426166
571,0.05,7,300,1.0,1.0,0.1,0.3,0.20009221441036815,0.4612054378426166
573,0.3,9,200,1.0,1.0,0.3,0.3,0.08709617314976505,0.461214614080677
573,0.3,9,200,0.7,1.0,0.3,0.3,0.08709617314976505,0.461214614080677
575,0.2,7,300,0.7,1.0,0.1,0.1,0.08956048801375363,0.4612495698959099
575,0.2,7,300,1.0,1.0,0.1,0.1,0.08956048801375363,0.4612495698959099
577,0.05,-1,200,1.0,0.7,0.1,0.3,0.20547247604421612,0.4612973493492205
577,0.05,-1,200,0.7,0.7,0.1,0.3,0.20547247604421612,0.4612973493492205
579,0.05,7,300,0.7,0.7,0.0,0.0,0.20454688164368726,0.46130336966175395
579,0.05,7,300,1.0,0.7,0.0,0.0,0.20454688164368726,0.46130336966175395
581,0.2,5,300,1.0,1.0,0.1,0.1,0.11727179351523633,0.4613086038206001
581,0.2,5,300,0.7,1.0,0.1,0.1,0.11727179351523633,0.4613086038206001
583,0.1,5,300,0.7,0.7,0.1,0.3,0.18395489600654047,0.4613119678390842
583,0.1,5,300,1.0,0.7,0.1,0.3,0.18395489600654047,0.4613119678390842
585,0.25,9,200,1.0,1.0,0.3,0.3,0.09018681384991163,0.461371648334323
585,0.25,9,200,0.7,1.0,0.3,0.3,0.09018681384991163,0.461371648334323
587,0.1,5,300,1.0,0.7,0.0,0.3,0.1888102326944092,0.4613720928673878
587,0.1,5,300,0.7,0.7,0.0,0.3,0.1888102326944092,0.4613720928673878
589,0.25,-1,300,0.7,0.7,0.0,0.3,0.08254873638418717,0.46137464487521757
589,0.25,-1,300,1.0,0.7,0.0,0.3,0.08254873638418717,0.46137464487521757
591,0.25,9,300,1.0,1.0,0.3,0.3,0.08500814953214773,0.4613889703612309
591,0.25,9,300,0.7,1.0,0.3,0.3,0.08500814953214773,0.4613889703612309
593,0.05,9,200,1.0,0.7,0.1,0.0,0.2253745292562672,0.4614137195865645
593,0.05,9,200,0.7,0.7,0.1,0.0,0.2253745292562672,0.4614137195865645
595,0.25,5,300,0.7,0.7,0.1,0.1,0.10540879081498739,0.46147170919292285
595,0.25,5,300,1.0,0.7,0.1,0.1,0.10540879081498739,0.46147170919292285
597,0.25,5,200,0.7,0.7,0.0,0.3,0.1424511006305068,0.4615437121517905
597,0.25,5,200,1.0,0.7,0.0,0.3,0.1424511006305068,0.4615437121517905
599,0.1,5,300,1.0,0.7,0.0,0.0,0.18567423162392419,0.46161213224094766
599,0.1,5,300,0.7,0.7,0.0,0.0,0.18567423162392419,0.46161213224094766
601,0.2,5,300,0.7,0.7,0.1,0.3,0.11933519643859712,0.46170344697089555
601,0.2,5,300,1.0,0.7,0.1,0.3,0.11933519643859712,0.46170344697089555
603,0.05,-1,200,1.0,1.0,0.0,0.3,0.20183092310908773,0.4617228328625715
603,0.05,-1,200,0.7,1.0,0.0,0.3,0.20183092310908773,0.4617228328625715
605,0.05,7,300,0.7,0.7,0.3,0.1,0.19929979508264814,0.4617412148607568
605,0.05,7,300,1.0,0.7,0.3,0.1,0.19929979508264814,0.4617412148607568
607,0.2,9,300,1.0,1.0,0.0,0.3,0.08696050154240967,0.4617534912538181
607,0.2,9,300,0.7,1.0,0.0,0.3,0.08696050154240967,0.4617534912538181
609,0.2,5,200,0.7,1.0,0.1,0.0,0.15020162900503548,0.46175841806571655
609,0.2,5,200,1.0,1.0,0.1,0.0,0.15020162900503548,0.46175841806571655
611,0.2,9,300,1.0,0.7,0.0,0.0,0.0876905246475686,0.46177228748693344
611,0.2,9,300,0.7,0.7,0.0,0.0,0.0876905246475686,0.46177228748693344
613,0.2,5,300,1.0,1.0,0.0,0.3,0.12110711040278051,0.46187226916367935
613,0.2,5,300,0.7,1.0,0.0,0.3,0.12110711040278051,0.46187226916367935
615,0.2,9,200,0.7,0.7,0.0,0.0,0.10135377674461042,0.4618747614293022
615,0.2,9,200,1.0,0.7,0.0,0.0,0.10135377674461042,0.4618747614293022
617,0.1,5,300,0.7,1.0,0.0,0.3,0.1837047385027428,0.46192970990327104
617,0.1,5,300,1.0,1.0,0.0,0.3,0.1837047385027428,0.46192970990327104
619,0.05,9,200,0.7,0.7,0.0,0.3,0.22637678496585514,0.46193913926411206
619,0.05,9,200,1.0,0.7,0.0,0.3,0.22637678496585514,0.46193913926411206
621,0.05,-1,200,0.7,1.0,0.3,0.1,0.20164637788826661,0.46195573600939116
621,0.05,-1,200,1.0,1.0,0.3,0.1,0.20164637788826661,0.46195573600939116
623,0.2,-1,300,0.7,1.0,0.1,0.0,0.08420388662680534,0.4619761496144715
623,0.2,-1,300,1.0,1.0,0.1,0.0,0.08420388662680534,0.4619761496144715
625,0.2,-1,200,1.0,1.0,0.1,0.0,0.09176371326442789,0.46199108389624177
625,0.2,-1,200,0.7,1.0,0.1,0.0,0.09176371326442789,0.46199108389624177
627,0.2,5,300,1.0,0.7,0.1,0.0,0.12017582889211387,0.4619988615660884
627,0.2,5,300,0.7,0.7,0.1,0.0,0.12017582889211387,0.4619988615660884
629,0.2,9,200,0.7,1.0,0.0,0.3,0.1004798914851961,0.46199976407868476
629,0.2,9,200,1.0,1.0,0.0,0.3,0.1004798914851961,0.46199976407868476
631,0.2,5,300,0.7,1.0,0.3,0.3,0.11207634268124073,0.46200557674806064
631,0.2,5,300,1.0,1.0,0.3,0.3,0.11207634268124073,0.46200557674806064
633,0.2,9,200,1.0,0.7,0.1,0.1,0.0991374478874878,0.4620061546640789
633,0.2,9,200,0.7,0.7,0.1,0.1,0.0991374478874878,0.4620061546640789
635,0.2,9,300,0.7,0.7,0.1,0.1,0.08646978525827144,0.4620534859096967
635,0.2,9,300,1.0,0.7,0.1,0.1,0.08646978525827144,0.4620534859096967
637,0.05,-1,200,1.0,1.0,0.3,0.0,0.2016644685502163,0.4620731089915253
637,0.05,-1,200,0.7,1.0,0.3,0.0,0.2016644685502163,0.4620731089915253
639,0.25,-1,200,0.7,0.7,0.3,0.1,0.08977458063354492,0.4620810534418343
639,0.25,-1,200,1.0,0.7,0.3,0.1,0.08977458063354492,0.4620810534418343
641,0.25,7,200,1.0,0.7,0.0,0.1,0.10157591742556044,0.4620827573622991
641,0.25,7,200,0.7,0.7,0.0,0.1,0.10157591742556044,0.4620827573622991
643,0.25,-1,300,0.7,0.7,0.3,0.1,0.08517645142437753,0.46213813221677513
643,0.25,-1,300,1.0,0.7,0.3,0.1,0.08517645142437753,0.46213813221677513
645,0.05,9,200,1.0,1.0,0.3,0.1,0.22126993620769894,0.4621492720271845
645,0.05,9,200,0.7,1.0,0.3,0.1,0.22126993620769894,0.4621492720271845
647,0.05,-1,200,1.0,1.0,0.1,0.3,0.2010561907737596,0.4621554223016473
647,0.05,-1,200,0.7,1.0,0.1,0.3,0.2010561907737596,0.4621554223016473
649,0.25,5,300,1.0,0.7,0.3,0.0,0.10097907959745667,0.4623070777059484
649,0.25,5,300,0.7,0.7,0.3,0.0,0.10097907959745667,0.4623070777059484
651,0.2,7,200,1.0,1.0,0.3,0.1,0.10568172358407565,0.462330699036337
651,0.2,7,200,0.7,1.0,0.3,0.1,0.10568172358407565,0.462330699036337
653,0.05,7,300,1.0,1.0,0.0,0.0,0.20374128104235312,0.46238480045670644
653,0.05,7,300,0.7,1.0,0.0,0.0,0.20374128104235312,0.46238480045670644
655,0.2,7,300,1.0,1.0,0.3,0.3,0.08917412682704838,0.46241993813095095
655,0.2,7,300,0.7,1.0,0.3,0.3,0.08917412682704838,0.46241993813095095
657,0.2,5,300,1.0,0.7,0.0,0.3,0.12497257189203446,0.46243969651973255
657,0.2,5,300,0.7,0.7,0.0,0.3,0.12497257189203446,0.46243969651973255
659,0.05,-1,200,0.7,0.7,0.0,0.1,0.20466208217719165,0.4624505519830131
659,0.05,-1,200,1.0,0.7,0.0,0.1,0.20466208217719165,0.4624505519830131
661,0.2,5,200,1.0,0.7,0.1,0.1,0.15427378910533954,0.4625020158947908
661,0.2,5,200,0.7,0.7,0.1,0.1,0.15427378910533954,0.4625020158947908
663,0.2,-1,300,0.7,1.0,0.1,0.3,0.08423728648202301,0.4625048627535064
663,0.2,-1,300,1.0,1.0,0.1,0.3,0.08423728648202301,0.4625048627535064
665,0.05,9,200,1.0,0.7,0.3,0.0,0.2233686042376614,0.4625114871535736
665,0.05,9,200,0.7,0.7,0.3,0.0,0.2233686042376614,0.4625114871535736
667,0.2,-1,200,1.0,1.0,0.1,0.3,0.09173047400577243,0.46259282551451025
667,0.2,-1,200,0.7,1.0,0.1,0.3,0.09173047400577243,0.46259282551451025
669,0.2,9,300,0.7,0.7,0.0,0.1,0.08780799309131632,0.46263648254431106
669,0.2,9,300,1.0,0.7,0.0,0.1,0.08780799309131632,0.46263648254431106
671,0.05,7,300,1.0,1.0,0.3,0.0,0.1963402303448206,0.46264169607863703
671,0.05,7,300,0.7,1.0,0.3,0.0,0.1963402303448206,0.46264169607863703
673,0.25,7,300,0.7,0.7,0.0,0.1,0.08747024161639903,0.46266242526340684
673,0.25,7,300,1.0,0.7,0.0,0.1,0.08747024161639903,0.46266242526340684
675,0.1,5,300,1.0,1.0,0.3,0.1,0.17592775758404394,0.4626964765971011
675,0.1,5,300,0.7,1.0,0.3,0.1,0.17592775758404394,0.4626964765971011
677,0.2,7,200,0.7,1.0,0.3,0.3,0.10400945508646153,0.46271766477342885
677,0.2,7,200,1.0,1.0,0.3,0.3,0.10400945508646153,0.46271766477342885
679,0.2,5,300,1.0,0.7,0.3,0.0,0.1143867527353882,0.46272030122766544
679,0.2,5,300,0.7,0.7,0.3,0.0,0.1143867527353882,0.46272030122766544
681,0.25,9,200,0.7,0.7,0.1,0.0,0.09021807457411748,0.46273328724943674
681,0.25,9,200,1.0,0.7,0.1,0.0,0.09021807457411748,0.46273328724943674
683,0.1,5,300,0.7,0.7,0.1,0.1,0.1846009544965712,0.46274693418552004
683,0.1,5,300,1.0,0.7,0.1,0.1,0.1846009544965712,0.46274693418552004
685,0.25,5,200,0.7,0.7,0.1,0.1,0.13636588564138402,0.46280254043172814
685,0.25,5,200,1.0,0.7,0.1,0.1,0.13636588564138402,0.46280254043172814
687,0.1,7,200,0.7,1.0,0.1,0.1,0.17086194182873604,0.4628307209703691
687,0.1,7,200,1.0,1.0,0.1,0.1,0.17086194182873604,0.4628307209703691
689,0.25,9,300,1.0,0.7,0.1,0.0,0.08357088390319986,0.4628583345252933
689,0.25,9,300,0.7,0.7,0.1,0.0,0.08357088390319986,0.4628583345252933
691,0.05,9,200,0.7,0.7,0.1,0.1,0.224799205643057,0.4629131535064664
691,0.05,9,200,1.0,0.7,0.1,0.1,0.224799205643057,0.4629131535064664
693,0.05,-1,200,1.0,1.0,0.0,0.0,0.20039926493010632,0.462998699820036
693,0.05,-1,200,0.7,1.0,0.0,0.0,0.20039926493010632,0.462998699820036
695,0.25,9,300,0.7,1.0,0.0,0.1,0.08362425734183104,0.46302741468972247
695,0.25,9,300,1.0,1.0,0.0,0.1,0.08362425734183104,0.46302741468972247
697,0.25,9,200,0.7,1.0,0.0,0.1,0.0913236545070953,0.46302829878002194
697,0.25,9,200,1.0,1.0,0.0,0.1,0.0913236545070953,0.46302829878002194
699,0.25,5,200,0.7,0.7,0.3,0.0,0.128350969435937,0.4630973740125846
699,0.25,5,200,1.0,0.7,0.3,0.0,0.128350969435937,0.4630973740125846
701,0.1,5,200,0.7,0.7,0.3,0.0,0.22568224559182481,0.4631047739865236
701,0.1,5,200,1.0,0.7,0.3,0.0,0.22568224559182481,0.4631047739865236
703,0.25,5,300,1.0,0.7,0.0,0.1,0.10867029417853595,0.4631517650476024
703,0.25,5,300,0.7,0.7,0.0,0.1,0.10867029417853595,0.4631517650476024
705,0.2,5,200,1.0,1.0,0.3,0.1,0.14889255650639271,0.4631519018087039
705,0.2,5,200,0.7,1.0,0.3,0.1,0.14889255650639271,0.4631519018087039
707,0.2,7,300,0.7,0.7,0.3,0.0,0.09084619996035645,0.4631931641289531
707,0.2,7,300,1.0,0.7,0.3,0.0,0.09084619996035645,0.4631931641289531
709,0.25,7,300,0.7,1.0,0.0,0.0,0.0869876476974464,0.4632532982877225
709,0.25,7,300,1.0,1.0,0.0,0.0,0.0869876476974464,0.4632532982877225
711,0.2,9,200,0.7,0.7,0.0,0.1,0.10189189978231869,0.4632698301873412
711,0.2,9,200,1.0,0.7,0.0,0.1,0.10189189978231869,0.4632698301873412
713,0.2,5,200,1.0,1.0,0.1,0.1,0.15251445116481005,0.46327366489712624
713,0.2,5,200,0.7,1.0,0.1,0.1,0.15251445116481005,0.46327366489712624
715,0.25,-1,300,0.7,0.7,0.3,0.3,0.0852393181575083,0.4633536299934956
715,0.25,-1,300,1.0,0.7,0.3,0.3,0.0852393181575083,0.4633536299934956
717,0.25,-1,200,1.0,0.7,0.3,0.3,0.08994085032650086,0.46336224341912263
717,0.25,-1,200,0.7,0.7,0.3,0.3,0.08994085032650086,0.46336224341912263
719,0.3,-1,300,0.7,1.0,0.3,0.1,0.08474804367968969,0.46346295605247734
719,0.3,-1,300,1.0,1.0,0.3,0.1,0.08474804367968969,0.46346295605247734
721,0.3,-1,200,1.0,1.0,0.3,0.1,0.08638637108217745,0.46348166343794955
721,0.3,-1,200,0.7,1.0,0.3,0.1,0.08638637108217745,0.46348166343794955
723,0.2,5,200,1.0,1.0,0.3,0.0,0.1468135564440049,0.46349162333562693
723,0.2,5,200,0.7,1.0,0.3,0.0,0.1468135564440049,0.46349162333562693
725,0.2,5,200,0.7,0.7,0.0,0.0,0.1591668051656686,0.4634993825037634
725,0.2,5,200,1.0,0.7,0.0,0.0,0.1591668051656686,0.4634993825037634
727,0.25,9,300,1.0,0.7,0.1,0.1,0.08360954100542754,0.46352126440880337
727,0.25,9,300,0.7,0.7,0.1,0.1,0.08360954100542754,0.46352126440880337
729,0.2,7,300,0.7,1.0,0.0,0.1,0.0926052782398659,0.4635702335107107
729,0.2,7,300,1.0,1.0,0.0,0.1,0.0926052782398659,0.4635702335107107
731,0.1,7,200,1.0,1.0,0.0,0.1,0.17307967085301285,0.46359367073902347
731,0.1,7,200,0.7,1.0,0.0,0.1,0.17307967085301285,0.46359367073902347
733,0.2,5,200,0.7,0.7,0.1,0.0,0.1566391874392789,0.4636173999375063
733,0.2,5,200,1.0,0.7,0.1,0.0,0.1566391874392789,0.4636173999375063
735,0.25,9,200,0.7,0.7,0.1,0.1,0.09047225418532456,0.4636226302493862
735,0.25,9,200,1.0,0.7,0.1,0.1,0.09047225418532456,0.4636226302493862
737,0.2,5,300,1.0,0.7,0.3,0.1,0.11574145036008597,0.4636232493328339
737,0.2,5,300,0.7,0.7,0.3,0.1,0.11574145036008597,0.4636232493328339
739,0.2,9,300,0.7,1.0,0.0,0.0,0.08686433926715523,0.4636301801951059
739,0.2,9,300,1.0,1.0,0.0,0.0,0.08686433926715523,0.4636301801951059
741,0.25,-1,200,0.7,0.7,0.1,0.0,0.08753898577393991,0.4636494826125846
741,0.25,-1,200,1.0,0.7,0.1,0.0,0.08753898577393991,0.4636494826125846
743,0.05,7,300,1.0,1.0,0.1,0.1,0.1988877932711658,0.463653028021423
743,0.05,7,300,0.7,1.0,0.1,0.1,0.1988877932711658,0.463653028021423
745,0.2,9,300,0.7,1.0,0.1,0.3,0.08558940690499552,0.4637578520037194
745,0.2,9,300,1.0,1.0,0.1,0.3,0.08558940690499552,0.4637578520037194
747,0.2,9,200,1.0,1.0,0.0,0.0,0.09905217177197909,0.46376621199626356
747,0.2,9,200,0.7,1.0,0.0,0.0,0.09905217177197909,0.46376621199626356
749,0.05,-1,200,0.7,1.0,0.3,0.3,0.20288430030167157,0.46377039796992
749,0.05,-1,200,1.0,1.0,0.3,0.3,0.20288430030167157,0.46377039796992
751,0.3,7,300,1.0,1.0,0.3,0.1,0.08484697326366551,0.463772690096248
751,0.3,7,300,0.7,1.0,0.3,0.1,0.08484697326366551,0.463772690096248
753,0.2,5,200,0.7,0.7,0.1,0.3,0.15437184321585254,0.463846093275685
753,0.2,5,200,1.0,0.7,0.1,0.3,0.15437184321585254,0.463846093275685
755,0.25,-1,300,1.0,0.7,0.1,0.0,0.08298963551905962,0.4638811900970983
755,0.25,-1,300,0.7,0.7,0.1,0.0,0.08298963551905962,0.4638811900970983
757,0.05,7,300,1.0,1.0,0.3,0.1,0.1964025926386788,0.4639083158835954
757,0.05,7,300,0.7,1.0,0.3,0.1,0.1964025926386788,0.4639083158835954
759,0.2,9,200,0.7,1.0,0.1,0.3,0.09695316291274743,0.46391562645080975
759,0.2,9,200,1.0,1.0,0.1,0.3,0.09695316291274743,0.46391562645080975
761,0.1,7,200,1.0,0.7,0.0,0.1,0.17630224115182525,0.4639381442360557
761,0.1,7,200,0.7,0.7,0.0,0.1,0.17630224115182525,0.4639381442360557
763,0.3,9,200,1.0,1.0,0.0,0.0,0.08651081882378689,0.4639809908064848
763,0.3,9,200,0.7,1.0,0.0,0.0,0.08651081882378689,0.4639809908064848
765,0.1,5,300,1.0,1.0,0.0,0.0,0.18383774586386767,0.46399990491960974
765,0.1,5,300,0.7,1.0,0.0,0.0,0.18383774586386767,0.46399990491960974
767,0.3,9,300,0.7,1.0,0.0,0.0,0.08237466142867683,0.4640023517268835
767,0.3,9,300,1.0,1.0,0.0,0.0,0.08237466142867683,0.4640023517268835
769,0.2,-1,300,0.7,0.7,0.1,0.1,0.08482437605162715,0.4640359277428404
769,0.2,-1,300,1.0,0.7,0.1,0.1,0.08482437605162715,0.4640359277428404
771,0.2,5,200,1.0,1.0,0.0,0.3,0.15590161180578432,0.464049910089549
771,0.2,5,200,0.7,1.0,0.0,0.3,0.15590161180578432,0.464049910089549
773,0.3,9,300,1.0,1.0,0.0,0.1,0.08232684238515142,0.46409515968152554
773,0.3,9,300,0.7,1.0,0.0,0.1,0.08232684238515142,0.46409515968152554
775,0.25,7,200,1.0,1.0,0.0,0.0,0.0997349387435628,0.4640979228394534
775,0.25,7,200,0.7,1.0,0.0,0.0,0.0997349387435628,0.4640979228394534
777,0.05,9,200,1.0,0.7,0.0,0.0,0.2260269292943468,0.46413756129245365
777,0.05,9,200,0.7,0.7,0.0,0.0,0.2260269292943468,0.46413756129245365
779,0.2,7,200,1.0,1.0,0.0,0.1,0.11285135493779064,0.46415705222638404
779,0.2,7,200,0.7,1.0,0.0,0.1,0.11285135493779064,0.46415705222638404
781,0.25,7,300,1.0,1.0,0.0,0.1,0.08715418035478986,0.4641814242962966
781,0.25,7,300,0.7,1.0,0.0,0.1,0.08715418035478986,0.4641814242962966
783,0.3,7,200,1.0,1.0,0.3,0.1,0.0893917118703946,0.464183800752456
783,0.3,7,200,0.7,1.0,0.3,0.1,0.0893917118703946,0.464183800752456
785,0.05,-1,200,0.7,0.7,0.3,0.3,0.20703030073034798,0.4642129222908589
785,0.05,-1,200,1.0,0.7,0.3,0.3,0.20703030073034798,0.4642129222908589
787,0.25,-1,200,1.0,0.7,0.3,0.0,0.09010448663402279,0.4642282895392775
787,0.25,-1,200,0.7,0.7,0.3,0.0,0.09010448663402279,0.4642282895392775
789,0.25,7,200,1.0,1.0,0.0,0.1,0.1004195249374158,0.4642547940730516
789,0.25,7,200,0.7,1.0,0.0,0.1,0.1004195249374158,0.4642547940730516
791,0.25,-1,300,1.0,0.7,0.3,0.0,0.08528947297778049,0.46428118347963154
791,0.25,-1,300,0.7,0.7,0.3,0.0,0.08528947297778049,0.46428118347963154
793,0.25,9,300,1.0,1.0,0.0,0.0,0.08358457412680828,0.4642902726964834
793,0.25,9,300,0.7,1.0,0.0,0.0,0.08358457412680828,0.4642902726964834
795,0.25,7,300,0.7,0.7,0.0,0.3,0.08789809010294256,0.46431979411481145
795,0.25,7,300,1.0,0.7,0.0,0.3,0.08789809010294256,0.46431979411481145
797,0.05,9,200,1.0,1.0,0.0,0.0,0.22242629321741605,0.4643893701395349
797,0.05,9,200,0.7,1.0,0.0,0.0,0.22242629321741605,0.4643893701395349
799,0.3,9,200,0.7,1.0,0.0,0.1,0.08636289091266071,0.4644569537663733
799,0.3,9,200,1.0,1.0,0.0,0.1,0.08636289091266071,0.4644569537663733
801,0.25,-1,300,1.0,1.0,0.0,0.0,0.0823037458657872,0.46446244006812376
801,0.25,-1,300,0.7,1.0,0.0,0.0,0.0823037458657872,0.46446244006812376
803,0.1,5,300,0.7,0.7,0.0,0.1,0.1859912300897131,0.4644765165849909
803,0.1,5,300,1.0,0.7,0.0,0.1,0.1859912300897131,0.4644765165849909
805,0.2,-1,200,0.7,0.7,0.1,0.1,0.09349030479112726,0.46452492220772135
805,0.2,-1,200,1.0,0.7,0.1,0.1,0.09349030479112726,0.46452492220772135
807,0.25,-1,200,0.7,1.0,0.0,0.0,0.0861717490366541,0.4645344031938779
807,0.25,-1,200,1.0,1.0,0.0,0.0,0.0861717490366541,0.4645344031938779
809,0.25,9,200,1.0,0.7,0.3,0.3,0.09184703635554951,0.46459204936370546
809,0.25,9,200,0.7,0.7,0.3,0.3,0.09184703635554951,0.46459204936370546
811,0.3,5,300,1.0,1.0,0.3,0.3,0.09209143942961988,0.46463866733396175
811,0.3,5,300,0.7,1.0,0.3,0.3,0.09209143942961988,0.46463866733396175
813,0.2,5,200,0.7,1.0,0.3,0.3,0.14629825811910385,0.4646912915127017
813,0.2,5,200,1.0,1.0,0.3,0.3,0.14629825811910385,0.4646912915127017
815,0.25,9,300,1.0,0.7,0.3,0.3,0.08556191269375155,0.4646934488793308
815,0.25,9,300,0.7,0.7,0.3,0.3,0.08556191269375155,0.4646934488793308
817,0.25,9,200,0.7,1.0,0.0,0.0,0.09091965320314939,0.46469678916875773
817,0.25,9,200,1.0,1.0,0.0,0.0,0.09091965320314939,0.46469678916875773
819,0.25,5,300,1.0,1.0,0.3,0.1,0.09923687300651794,0.46469786417397135
819,0.25,5,300,0.7,1.0,0.3,0.1,0.09923687300651794,0.46469786417397135
821,0.3,7,200,1.0,0.7,0.0,0.1,0.09415877862392388,0.4647717978506668
821,0.3,7,200,0.7,0.7,0.0,0.1,0.09415877862392388,0.4647717978506668
823,0.25,9,300,1.0,0.7,0.0,0.1,0.08401610350558476,0.46477869628341545
823,0.25,9,300,0.7,0.7,0.0,0.1,0.08401610350558476,0.46477869628341545
825,0.2,7,200,1.0,0.7,0.3,0.0,0.10811577449816259,0.4647836855738634
825,0.2,7,200,0.7,0.7,0.3,0.0,0.10811577449816259,0.4647836855738634
827,0.2,5,200,0.7,1.0,0.0,0.1,0.1534214721232113,0.464803785990502
827,0.2,5,200,1.0,1.0,0.0,0.1,0.1534214721232113,0.464803785990502
829,0.25,9,200,0.7,0.7,0.0,0.1,0.09209071774340635,0.4648073039811477
829,0.25,9,200,1.0,0.7,0.0,0.1,0.09209071774340635,0.4648073039811477
831,0.3,5,300,1.0,0.7,0.3,0.1,0.09404564364116712,0.4648233736813796
831,0.3,5,300,0.7,0.7,0.3,0.1,0.09404564364116712,0.4648233736813796
833,0.2,5,200,1.0,0.7,0.0,0.3,0.16111368573552934,0.4648871207723176
833,0.2,5,200,0.7,0.7,0.0,0.3,0.16111368573552934,0.4648871207723176
835,0.2,5,200,0.7,0.7,0.3,0.0,0.1498087918334878,0.46490949459939296
835,0.2,5,200,1.0,0.7,0.3,0.0,0.1498087918334878,0.46490949459939296
837,0.25,7,300,1.0,1.0,0.3,0.0,0.08589889817724403,0.4649131083389661
837,0.25,7,300,0.7,1.0,0.3,0.0,0.08589889817724403,0.4649131083389661
839,0.25,9,200,0.7,0.7,0.0,0.0,0.09182545482577022,0.46495127171058825
839,0.25,9,200,1.0,0.7,0.0,0.0,0.09182545482577022,0.46495127171058825
841,0.3,-1,200,0.7,1.0,0.1,0.1,0.08427749989882083,0.4649706190239728
841,0.3,-1,200,1.0,1.0,0.1,0.1,0.08427749989882083,0.4649706190239728
843,0.2,-1,200,0.7,0.7,0.0,0.3,0.09270239792066384,0.4649773609231181
843,0.2,-1,200,1.0,0.7,0.0,0.3,0.09270239792066384,0.4649773609231181
845,0.2,-1,200,1.0,1.0,0.0,0.0,0.09118615913571258,0.4649850588600982
845,0.2,-1,200,0.7,1.0,0.0,0.0,0.09118615913571258,0.4649850588600982
847,0.3,-1,300,1.0,1.0,0.1,0.1,0.08213262984739916,0.4650014795020265
847,0.3,-1,300,0.7,1.0,0.1,0.1,0.08213262984739916,0.4650014795020265
849,0.1,5,200,1.0,0.7,0.1,0.0,0.22558441684352354,0.4650049370301993
849,0.1,5,200,0.7,0.7,0.1,0.0,0.22558441684352354,0.4650049370301993
851,0.2,-1,300,1.0,1.0,0.0,0.0,0.08374692741684896,0.4650088397635518
851,0.2,-1,300,0.7,1.0,0.0,0.0,0.08374692741684896,0.4650088397635518
853,0.25,7,200,0.7,0.7,0.0,0.3,0.10224304994117747,0.46504875994032635
853,0.25,7,200,1.0,0.7,0.0,0.3,0.10224304994117747,0.46504875994032635
855,0.05,-1,200,1.0,1.0,0.1,0.1,0.2012454095032502,0.4650827945308647
855,0.05,-1,200,0.7,1.0,0.1,0.1,0.2012454095032502,0.4650827945308647
857,0.05,9,200,0.7,0.7,0.3,0.1,0.2261809167104825,0.4651188731032692
857,0.05,9,200,1.0,0.7,0.3,0.1,0.2261809167104825,0.4651188731032692
859,0.3,5,200,1.0,1.0,0.3,0.3,0.1119180591263042,0.46512102015106915
859,0.3,5,200,0.7,1.0,0.3,0.3,0.1119180591263042,0.46512102015106915
861,0.3,9,300,1.0,0.7,0.0,0.0,0.08253574109387571,0.465131311689603
861,0.3,9,300,0.7,0.7,0.0,0.0,0.08253574109387571,0.465131311689603
863,0.25,5,300,0.7,1.0,0.3,0.3,0.09832062121217046,0.4651407069810973
863,0.25,5,300,1.0,1.0,0.3,0.3,0.09832062121217046,0.4651407069810973
865,0.25,9,200,0.7,0.7,0.0,0.3,0.09232802623527729,0.4651541284797496
865,0.25,9,200,1.0,0.7,0.0,0.3,0.09232802623527729,0.4651541284797496
867,0.25,5,200,1.0,0.7,0.0,0.1,0.138877245779922,0.4651659985324673
867,0.25,5,200,0.7,0.7,0.0,0.1,0.138877245779922,0.4651659985324673
869,0.25,9,300,0.7,0.7,0.0,0.0,0.08394325297622096,0.46518081185862564
869,0.25,9,300,1.0,0.7,0.0,0.0,0.08394325297622096,0.46518081185862564
871,0.2,-1,300,0.7,0.7,0.0,0.3,0.08433004513427422,0.46518355208819595
871,0.2,-1,300,1.0,0.7,0.0,0.3,0.08433004513427422,0.46518355208819595
873,0.25,5,300,0.7,1.0,0.3,0.0,0.09869860697594088,0.4651862588430383
873,0.25,5,300,1.0,1.0,0.3,0.0,0.09869860697594088,0.4651862588430383
875,0.05,7,300,0.7,1.0,0.0,0.3,0.20195930360631237,0.4651883953795843
875,0.05,7,300,1.0,1.0,0.0,0.3,0.20195930360631237,0.4651883953795843
877,0.25,5,200,1.0,1.0,0.3,0.1,0.12527545719507072,0.465193727297591
877,0.25,5,200,0.7,1.0,0.3,0.1,0.12527545719507072,0.465193727297591
879,0.2,5,200,0.7,0.7,0.3,0.1,0.15142323929852455,0.46520421405208673
879,0.2,5,200,1.0,0.7,0.3,0.1,0.15142323929852455,0.46520421405208673
881,0.25,9,300,0.7,1.0,0.1,0.3,0.08324434140674156,0.4652185443509063
881,0.25,9,300,1.0,1.0,0.1,0.3,0.08324434140674156,0.4652185443509063
883,0.05,9,200,0.7,1.0,0.3,0.3,0.22024014175001458,0.46524989846793335
883,0.05,9,200,1.0,1.0,0.3,0.3,0.22024014175001458,0.46524989846793335
885,0.3,9,200,1.0,0.7,0.0,0.0,0.08720143894319901,0.4652819601275093
885,0.3,9,200,0.7,0.7,0.0,0.0,0.08720143894319901,0.4652819601275093
887,0.3,7,200,0.7,1.0,0.0,0.0,0.09230169356610161,0.4653621884475984
887,0.3,7,200,1.0,1.0,0.0,0.0,0.09230169356610161,0.4653621884475984
889,0.3,7,200,0.7,1.0,0.0,0.1,0.09261802447856068,0.46536446133554904
889,0.3,7,200,1.0,1.0,0.0,0.1,0.09261802447856068,0.46536446133554904
891,0.25,9,300,0.7,0.7,0.0,0.3,0.08405976768398438,0.4653735784569318
891,0.25,9,300,1.0,0.7,0.0,0.3,0.08405976768398438,0.4653735784569318
893,0.3,7,300,0.7,0.7,0.0,0.1,0.08461290120985321,0.465375039616249
893,0.3,7,300,1.0,0.7,0.0,0.1,0.08461290120985321,0.465375039616249
895,0.25,7,200,1.0,1.0,0.3,0.0,0.09442973374879797,0.4654161731657511
895,0.25,7,200,0.7,1.0,0.3,0.0,0.09442973374879797,0.4654161731657511
897,0.25,5,300,0.7,0.7,0.3,0.1,0.10098370105449371,0.46545279663294853
897,0.25,5,300,1.0,0.7,0.3,0.1,0.10098370105449371,0.46545279663294853
899,0.25,9,200,0.7,1.0,0.1,0.3,0.08945570080172044,0.46545749641543305
899,0.25,9,200,1.0,1.0,0.1,0.3,0.08945570080172044,0.46545749641543305
901,0.25,-1,300,1.0,1.0,0.1,0.3,0.08273348144109413,0.4654841842008019
901,0.25,-1,300,0.7,1.0,0.1,0.3,0.08273348144109413,0.4654841842008019
903,0.25,-1,200,0.7,1.0,0.1,0.3,0.08674192308017332,0.46551892865123873
903,0.25,-1,200,1.0,1.0,0.1,0.3,0.08674192308017332,0.46551892865123873
905,0.3,-1,300,1.0,1.0,0.3,0.0,0.08479067324653612,0.46553619877894814
905,0.3,-1,300,0.7,1.0,0.3,0.0,0.08479067324653612,0.46553619877894814
907,0.05,9,200,1.0,0.7,0.3,0.3,0.22367240212605516,0.46560509588656523
907,0.05,9,200,0.7,0.7,0.3,0.3,0.22367240212605516,0.46560509588656523
909,0.05,9,200,1.0,1.0,0.1,0.3,0.221292854327212,0.4656180901884334
909,0.05,9,200,0.7,1.0,0.1,0.3,0.221292854327212,0.4656180901884334
911,0.25,-1,200,1.0,1.0,0.3,0.1,0.08879441355737265,0.46563690302890787
911,0.25,-1,200,0.7,1.0,0.3,0.1,0.08879441355737265,0.46563690302890787
913,0.05,7,300,0.7,1.0,0.0,0.1,0.20072517090201006,0.46564009837952663
913,0.05,7,300,1.0,1.0,0.0,0.1,0.20072517090201006,0.46564009837952663
915,0.25,5,300,0.7,1.0,0.0,0.0,0.10537771928579781,0.4656657395194681
915,0.25,5,300,1.0,1.0,0.0,0.0,0.10537771928579781,0.4656657395194681
917,0.3,7,300,1.0,1.0,0.0,0.1,0.08416649731722115,0.4656708100633005
917,0.3,7,300,0.7,1.0,0.0,0.1,0.08416649731722115,0.4656708100633005
919,0.1,5,200,0.7,0.7,0.3,0.1,0.22421018268494602,0.4656786516213348
919,0.1,5,200,1.0,0.7,0.3,0.1,0.22421018268494602,0.4656786516213348
921,0.25,-1,200,1.0,0.7,0.1,0.1,0.08731797608482753,0.46567990232612066
921,0.25,-1,200,0.7,0.7,0.1,0.1,0.08731797608482753,0.46567990232612066
923,0.25,-1,300,0.7,1.0,0.3,0.1,0.08487639120034442,0.4656822753097827
923,0.25,-1,300,1.0,1.0,0.3,0.1,0.08487639120034442,0.4656822753097827
925,0.25,-1,200,0.7,1.0,0.0,0.3,0.08612018779096217,0.46569641214415847
925,0.25,-1,200,1.0,1.0,0.0,0.3,0.08612018779096217,0.46569641214415847
927,0.3,-1,200,1.0,1.0,0.3,0.0,0.08638622002986561,0.4657201448718599
927,0.3,-1,200,0.7,1.0,0.3,0.0,0.08638622002986561,0.4657201448718599
929,0.25,-1,300,0.7,1.0,0.0,0.3,0.08228759421720881,0.4657518656677007
929,0.25,-1,300,1.0,1.0,0.0,0.3,0.08228759421720881,0.4657518656677007
931,0.25,9,200,0.7,0.7,0.1,0.3,0.09104671875733947,0.46580553461171964
931,0.25,9,200,1.0,0.7,0.1,0.3,0.09104671875733947,0.46580553461171964
933,0.2,5,300,0.7,0.7,0.0,0.1,0.12372190767037884,0.4658100370500736
933,0.2,5,300,1.0,0.7,0.0,0.1,0.12372190767037884,0.4658100370500736
935,0.2,7,300,1.0,0.7,0.3,0.1,0.09082304647561218,0.46583311926572224
935,0.2,7,300,0.7,0.7,0.3,0.1,0.09082304647561218,0.46583311926572224
937,0.3,5,200,1.0,0.7,0.3,0.1,0.11566503626143511,0.46585241276548595
937,0.3,5,200,0.7,0.7,0.3,0.1,0.11566503626143511,0.46585241276548595
939,0.05,9,200,1.0,0.7,0.1,0.3,0.22636227548759277,0.4658710300541451
939,0.05,9,200,0.7,0.7,0.1,0.3,0.22636227548759277,0.4658710300541451
941,0.3,7,300,0.7,1.0,0.0,0.0,0.08408113825403943,0.4658907307394986
941,0.3,7,300,1.0,1.0,0.0,0.0,0.08408113825403943,0.4658907307394986
943,0.3,7,200,1.0,1.0,0.1,0.3,0.09058318631422928,0.46589605092468184
943,0.3,7,200,0.7,1.0,0.1,0.3,0.09058318631422928,0.46589605092468184
945,0.25,-1,300,0.7,0.7,0.1,0.1,0.08293588010702792,0.4659535568144464
945,0.25,-1,300,1.0,0.7,0.1,0.1,0.08293588010702792,0.4659535568144464
947,0.25,9,300,0.7,0.7,0.1,0.3,0.08375833460283676,0.4660591565169427
947,0.25,9,300,1.0,0.7,0.1,0.3,0.08375833460283676,0.4660591565169427
949,0.3,7,300,1.0,1.0,0.1,0.3,0.08334628815266813,0.46607236744048897
949,0.3,7,300,0.7,1.0,0.1,0.3,0.08334628815266813,0.46607236744048897
951,0.2,7,300,1.0,1.0,0.3,0.0,0.08913041854223742,0.4660966728175327
951,0.2,7,300,0.7,1.0,0.3,0.0,0.08913041854223742,0.4660966728175327
953,0.1,5,200,0.7,1.0,0.3,0.3,0.22092726983991395,0.46610902290534423
953,0.1,5,200,1.0,1.0,0.3,0.3,0.22092726983991395,0.46610902290534423
955,0.3,9,200,1.0,0.7,0.0,0.1,0.08708226685919745,0.4662027948934589
955,0.3,9,200,0.7,0.7,0.0,0.1,0.08708226685919745,0.4662027948934589
957,0.25,-1,200,0.7,1.0,0.1,0.0,0.0865662857861835,0.4662198802211724
957,0.25,-1,200,1.0,1.0,0.1,0.0,0.0865662857861835,0.4662198802211724
959,0.25,-1,300,0.7,1.0,0.1,0.0,0.08267343392704328,0.4662514073521293
959,0.25,-1,300,1.0,1.0,0.1,0.0,0.08267343392704328,0.4662514073521293
961,0.25,5,200,1.0,1.0,0.0,0.0,0.13282301376257036,0.466291495690134
961,0.25,5,200,0.7,1.0,0.0,0.0,0.13282301376257036,0.466291495690134
963,0.25,9,200,1.0,0.7,0.3,0.1,0.091590895675821,0.4663050434880339
963,0.25,9,200,0.7,0.7,0.3,0.1,0.091590895675821,0.4663050434880339
965,0.25,9,300,0.7,0.7,0.3,0.1,0.08553904671385414,0.466319923967226
965,0.25,9,300,1.0,0.7,0.3,0.1,0.08553904671385414,0.466319923967226
967,0.25,7,300,0.7,0.7,0.3,0.0,0.08670492098149686,0.4663376676865993
967,0.25,7,300,1.0,0.7,0.3,0.0,0.08670492098149686,0.4663376676865993
969,0.05,9,200,0.7,1.0,0.0,0.1,0.2233044139948725,0.4663872031533788
969,0.05,9,200,1.0,1.0,0.0,0.1,0.2233044139948725,0.4663872031533788
971,0.05,9,200,1.0,0.7,0.0,0.1,0.228155465308076,0.4664018569414625
971,0.05,9,200,0.7,0.7,0.0,0.1,0.228155465308076,0.4664018569414625
973,0.3,9,300,0.7,0.7,0.0,0.1,0.0825736939891064,0.4664074909443568
973,0.3,9,300,1.0,0.7,0.0,0.1,0.0825736939891064,0.4664074909443568
975,0.25,7,200,0.7,0.7,0.3,0.0,0.09650570379404022,0.4664979583098536
975,0.25,7,200,1.0,0.7,0.3,0.0,0.09650570379404022,0.4664979583098536
977,0.2,7,200,1.0,1.0,0.3,0.0,0.10393025808194246,0.46655392159126724
977,0.2,7,200,0.7,1.0,0.3,0.0,0.10393025808194246,0.46655392159126724
979,0.25,5,200,0.7,1.0,0.3,0.0,0.12514753799243872,0.4665975044425899
979,0.25,5,200,1.0,1.0,0.3,0.0,0.12514753799243872,0.4665975044425899
981,0.25,5,200,1.0,0.7,0.3,0.1,0.12920761652919316,0.46668389401980437
981,0.25,5,200,0.7,0.7,0.3,0.1,0.12920761652919316,0.46668389401980437
983,0.1,5,200,1.0,1.0,0.0,0.1,0.22336662554256517,0.4666925952568261
983,0.1,5,200,0.7,1.0,0.0,0.1,0.22336662554256517,0.4666925952568261
985,0.25,5,200,1.0,1.0,0.3,0.3,0.12512630095126756,0.46679762758215276
985,0.25,5,200,0.7,1.0,0.3,0.3,0.12512630095126756,0.46679762758215276
987,0.3,7,200,0.7,1.0,0.1,0.1,0.09001127979752307,0.46680006159022924
987,0.3,7,200,1.0,1.0,0.1,0.1,0.09001127979752307,0.46680006159022924
989,0.2,7,200,0.7,0.7,0.3,0.1,0.10773773296442257,0.4668425863239602
989,0.2,7,200,1.0,0.7,0.3,0.1,0.10773773296442257,0.4668425863239602
991,0.05,9,200,1.0,1.0,0.1,0.1,0.22107107344270968,0.4668775587796643
991,0.05,9,200,0.7,1.0,0.1,0.1,0.22107107344270968,0.4668775587796643
993,0.25,-1,300,1.0,0.7,0.1,0.3,0.08300696561614983,0.4668963601024312
993,0.25,-1,300,0.7,0.7,0.1,0.3,0.08300696561614983,0.4668963601024312
995,0.25,-1,200,0.7,0.7,0.1,0.3,0.08765805027858438,0.46691797784183897
995,0.25,-1,200,1.0,0.7,0.1,0.3,0.08765805027858438,0.46691797784183897
997,0.25,7,200,0.7,0.7,0.0,0.0,0.10226470066228315,0.46705460517988545
997,0.25,7,200,1.0,0.7,0.0,0.0,0.10226470066228315,0.46705460517988545
999,0.25,5,300,1.0,1.0,0.1,0.3,0.10061433332523742,0.4670791179776806
999,0.25,5,300,0.7,1.0,0.1,0.3,0.10061433332523742,0.4670791179776806
1001,0.25,7,300,1.0,0.7,0.0,0.0,0.0878201936909245,0.46708177524041466
1001,0.25,7,300,0.7,0.7,0.0,0.0,0.0878201936909245,0.46708177524041466
1003,0.3,5,200,0.7,0.7,0.3,0.0,0.11597508883718582,0.4670910119080178
1003,0.3,5,200,1.0,0.7,0.3,0.0,0.11597508883718582,0.4670910119080178
1005,0.3,5,300,0.7,0.7,0.0,0.3,0.10035049878732968,0.4671382671044954
1005,0.3,5,300,1.0,0.7,0.0,0.3,0.10035049878732968,0.4671382671044954
1007,0.3,7,300,1.0,0.7,0.1,0.3,0.0835149260091237,0.4671460493400159
1007,0.3,7,300,0.7,0.7,0.1,0.3,0.0835149260091237,0.4671460493400159
1009,0.25,7,200,0.7,1.0,0.3,0.1,0.0945765319889096,0.46715162192386306
1009,0.25,7,200,1.0,1.0,0.3,0.1,0.0945765319889096,0.46715162192386306
1011,0.3,5,300,1.0,1.0,0.3,0.0,0.09176813851186082,0.46719194764782457
1011,0.3,5,300,0.7,1.0,0.3,0.0,0.09176813851186082,0.46719194764782457
1013,0.1,5,200,0.7,1.0,0.3,0.0,0.22180245350468208,0.46720052882098645
1013,0.1,5,200,1.0,1.0,0.3,0.0,0.22180245350468208,0.46720052882098645
1015,0.2,5,300,0.7,1.0,0.0,0.0,0.12090674169776319,0.4672101259252801
1015,0.2,5,300,1.0,1.0,0.0,0.0,0.12090674169776319,0.4672101259252801
1017,0.3,9,300,0.7,1.0,0.1,0.0,0.08233198391302171,0.46726406775952223
1017,0.3,9,300,1.0,1.0,0.1,0.0,0.08233198391302171,0.46726406775952223
1019,0.3,5,300,0.7,0.7,0.3,0.0,0.09406152047735096,0.4672744473091117
1019,0.3,5,300,1.0,0.7,0.3,0.0,0.09406152047735096,0.4672744473091117
1021,0.25,7,300,0.7,1.0,0.1,0.0,0.08500833743609476,0.46728804084796716
1021,0.25,7,300,1.0,1.0,0.1,0.0,0.08500833743609476,0.46728804084796716
1023,0.25,7,300,1.0,1.0,0.3,0.1,0.08595386732977468,0.46729044921578383
1023,0.25,7,300,0.7,1.0,0.3,0.1,0.08595386732977468,0.46729044921578383
1025,0.25,-1,200,1.0,0.7,0.0,0.1,0.08697889551098399,0.46729066133391184
1025,0.25,-1,200,0.7,0.7,0.0,0.1,0.08697889551098399,0.46729066133391184
1027,0.3,-1,200,1.0,1.0,0.0,0.3,0.0838690178811956,0.4673004716961978
1027,0.3,-1,200,0.7,1.0,0.0,0.3,0.0838690178811956,0.4673004716961978
1029,0.3,7,300,0.7,1.0,0.1,0.1,0.08313202262163057,0.467324692152478
1029,0.3,7,300,1.0,1.0,0.1,0.1,0.08313202262163057,0.467324692152478
1031,0.3,9,300,0.7,0.7,0.1,0.1,0.08258620128835885,0.4673633936772364
1031,0.3,9,300,1.0,0.7,0.1,0.1,0.08258620128835885,0.4673633936772364
1033,0.3,9,200,0.7,1.0,0.1,0.0,0.08562042326472993,0.4673738217817014
1033,0.3,9,200,1.0,1.0,0.1,0.0,0.08562042326472993,0.4673738217817014
1035,0.3,9,200,0.7,0.7,0.1,0.1,0.08656711745604646,0.46740526239809393
1035,0.3,9,200,1.0,0.7,0.1,0.1,0.08656711745604646,0.46740526239809393
1037,0.05,9,200,1.0,1.0,0.3,0.0,0.22006245515113348,0.46743089072776894
1037,0.05,9,200,0.7,1.0,0.3,0.0,0.22006245515113348,0.46743089072776894
1039,0.25,7,200,0.7,1.0,0.1,0.0,0.09657930960796703,0.4674372825427381
1039,0.25,7,200,1.0,1.0,0.1,0.0,0.09657930960796703,0.4674372825427381
1041,0.2,7,300,0.7,0.7,0.1,0.1,0.0915528086249703,0.46750806211626994
1041,0.2,7,300,1.0,0.7,0.1,0.1,0.0915528086249703,0.46750806211626994
1043,0.3,-1,200,0.7,0.7,0.0,0.1,0.08432754166803955,0.46758294376462645
1043,0.3,-1,200,1.0,0.7,0.0,0.1,0.08432754166803955,0.46758294376462645
1045,0.05,7,200,0.7,0.7,0.1,0.0,0.24663713597960177,0.467592038126702
1045,0.05,7,200,1.0,0.7,0.1,0.0,0.24663713597960177,0.467592038126702
1047,0.3,-1,300,0.7,1.0,0.3,0.3,0.08468592404896515,0.4675927978802348
1047,0.3,-1,300,1.0,1.0,0.3,0.3,0.08468592404896515,0.4675927978802348
1049,0.3,-1,200,1.0,1.0,0.3,0.3,0.0864483871382259,0.46764905006447643
1049,0.3,-1,200,0.7,1.0,0.3,0.3,0.0864483871382259,0.46764905006447643
1051,0.3,-1,300,0.7,1.0,0.0,0.3,0.08175987602404501,0.46766181119338035
1051,0.3,-1,300,1.0,1.0,0.0,0.3,0.08175987602404501,0.46766181119338035
1053,0.25,7,300,0.7,1.0,0.0,0.3,0.08725659970938587,0.46769686245705105
1053,0.25,7,300,1.0,1.0,0.0,0.3,0.08725659970938587,0.46769686245705105
1055,0.3,-1,300,1.0,0.7,0.0,0.1,0.08187039164846702,0.4676970231224939
1055,0.3,-1,300,0.7,0.7,0.0,0.1,0.08187039164846702,0.4676970231224939
1057,0.1,5,200,0.7,0.7,0.3,0.3,0.22671732042625004,0.46772920233223897
1057,0.1,5,200,1.0,0.7,0.3,0.3,0.22671732042625004,0.46772920233223897
1059,0.3,9,300,1.0,0.7,0.1,0.3,0.08256458127002722,0.4677638504058509
1059,0.3,9,300,0.7,0.7,0.1,0.3,0.08256458127002722,0.4677638504058509
1061,0.3,7,200,1.0,0.7,0.1,0.3,0.09101780275232665,0.4677865504036217
1061,0.3,7,200,0.7,0.7,0.1,0.3,0.09101780275232665,0.4677865504036217
1063,0.25,-1,300,0.7,0.7,0.0,0.1,0.08251153989328573,0.46780826781930235
1063,0.25,-1,300,1.0,0.7,0.0,0.1,0.08251153989328573,0.46780826781930235
1065,0.1,5,200,0.7,1.0,0.1,0.3,0.22642130368696195,0.46782498164822994
1065,0.1,5,200,1.0,1.0,0.1,0.3,0.22642130368696195,0.46782498164822994
1067,0.3,9,200,1.0,0.7,0.1,0.3,0.0864351383128138,0.46785840282776875
1067,0.3,9,200,0.7,0.7,0.1,0.3,0.0864351383128138,0.46785840282776875
1069,0.1,5,200,0.7,1.0,0.1,0.1,0.22406877191140082,0.4679552967995748
1069,0.1,5,200,1.0,1.0,0.1,0.1,0.22406877191140082,0.4679552967995748
1071,0.3,-1,300,1.0,0.7,0.0,0.0,0.08183583809063057,0.46796629096346143
1071,0.3,-1,300,0.7,0.7,0.0,0.0,0.08183583809063057,0.46796629096346143
1073,0.3,5,200,0.7,0.7,0.0,0.3,0.1263752377798038,0.46798869867086945
1073,0.3,5,200,1.0,0.7,0.0,0.3,0.1263752377798038,0.46798869867086945
1075,0.25,5,200,0.7,1.0,0.1,0.3,0.1280323890521658,0.4679946999540513
1075,0.25,5,200,1.0,1.0,0.1,0.3,0.1280323890521658,0.4679946999540513
1077,0.25,7,200,1.0,0.7,0.3,0.3,0.09640300227510802,0.4680086395733555
1077,0.25,7,200,0.7,0.7,0.3,0.3,0.09640300227510802,0.4680086395733555
1079,0.3,5,300,0.7,0.7,0.1,0.3,0.09646810561892195,0.4680348168287165
1079,0.3,5,300,1.0,0.7,0.1,0.3,0.09646810561892195,0.4680348168287165
1081,0.25,5,300,1.0,1.0,0.0,0.3,0.1061637549729522,0.46804716016696507
1081,0.25,5,300,0.7,1.0,0.0,0.3,0.1061637549729522,0.46804716016696507
1083,0.2,9,200,1.0,1.0,0.1,0.0,0.09760222684037992,0.46809654930803324
1083,0.2,9,200,0.7,1.0,0.1,0.0,0.09760222684037992,0.46809654930803324
1085,0.3,9,200,0.7,0.7,0.0,0.3,0.08751851573962259,0.4681059404558524
1085,0.3,9,200,1.0,0.7,0.0,0.3,0.08751851573962259,0.4681059404558524
1087,0.3,-1,200,0.7,0.7,0.0,0.0,0.08424441693205054,0.4681105129073546
1087,0.3,-1,200,1.0,0.7,0.0,0.0,0.08424441693205054,0.4681105129073546
1089,0.3,-1,200,0.7,1.0,0.0,0.0,0.08381725592178885,0.4681393219278797
1089,0.3,-1,200,1.0,1.0,0.0,0.0,0.08381725592178885,0.4681393219278797
1091,0.25,-1,200,1.0,1.0,0.3,0.3,0.08884631513286997,0.468200238742045
1091,0.25,-1,200,0.7,1.0,0.3,0.3,0.08884631513286997,0.468200238742045
1093,0.25,7,300,1.0,0.7,0.3,0.3,0.08669449082702232,0.46820427477305826
1093,0.25,7,300,0.7,0.7,0.3,0.3,0.08669449082702232,0.46820427477305826
1095,0.3,5,200,1.0,1.0,0.3,0.0,0.11130379689162197,0.4682160519584559
1095,0.3,5,200,0.7,1.0,0.3,0.0,0.11130379689162197,0.4682160519584559
1097,0.3,-1,300,1.0,1.0,0.0,0.0,0.08175532454597015,0.46823852727883636
1097,0.3,-1,300,0.7,1.0,0.0,0.0,0.08175532454597015,0.46823852727883636
1099,0.25,-1,300,0.7,1.0,0.3,0.3,0.08490600961283006,0.46825637020303346
1099,0.25,-1,300,1.0,1.0,0.3,0.3,0.08490600961283006,0.46825637020303346
1101,0.2,9,300,1.0,1.0,0.1,0.0,0.08569705064606797,0.4682723301380824
1101,0.2,9,300,0.7,1.0,0.1,0.0,0.08569705064606797,0.4682723301380824
1103,0.3,9,300,0.7,0.7,0.0,0.3,0.08264349403802643,0.46829625576515244
1103,0.3,9,300,1.0,0.7,0.0,0.3,0.08264349403802643,0.46829625576515244
1105,0.05,9,200,1.0,1.0,0.0,0.3,0.2242741105246489,0.4683461337346683
1105,0.05,9,200,0.7,1.0,0.0,0.3,0.2242741105246489,0.4683461337346683
1107,0.05,9,200,1.0,1.0,0.1,0.0,0.22112898615878052,0.46835892628703557
1107,0.05,9,200,0.7,1.0,0.1,0.0,0.22112898615878052,0.46835892628703557
1109,0.05,7,200,1.0,0.7,0.1,0.1,0.24680975556505347,0.4683779240397955
1109,0.05,7,200,0.7,0.7,0.1,0.1,0.24680975556505347,0.4683779240397955
1111,0.25,7,200,1.0,1.0,0.0,0.3,0.10087906422245407,0.4683842167959995
1111,0.25,7,200,0.7,1.0,0.0,0.3,0.10087906422245407,0.4683842167959995
1113,0.2,5,200,0.7,0.7,0.0,0.1,0.15885062694134464,0.46839324040808195
1113,0.2,5,200,1.0,0.7,0.0,0.1,0.15885062694134464,0.46839324040808195
1115,0.2,7,200,0.7,0.7,0.1,0.1,0.11121977131271836,0.46839400341719584
1115,0.2,7,200,1.0,0.7,0.1,0.1,0.11121977131271836,0.46839400341719584
1117,0.05,7,200,0.7,0.7,0.1,0.3,0.2461231996159533,0.46844134670722176
1117,0.05,7,200,1.0,0.7,0.1,0.3,0.2461231996159533,0.46844134670722176
1119,0.25,5,200,1.0,1.0,0.0,0.3,0.13460384534743125,0.46870239316867723
1119,0.25,5,200,0.7,1.0,0.0,0.3,0.13460384534743125,0.46870239316867723
1121,0.3,-1,300,0.7,1.0,0.1,0.0,0.08211377003865687,0.468732846992606
1121,0.3,-1,300,1.0,1.0,0.1,0.0,0.08211377003865687,0.468732846992606
1123,0.1,5,200,0.7,0.7,0.0,0.3,0.23073927115224652,0.4687398602207917
1123,0.1,5,200,1.0,0.7,0.0,0.3,0.23073927115224652,0.4687398602207917
1125,0.3,-1,200,0.7,1.0,0.1,0.0,0.08421464557597932,0.4687873828857304
1125,0.3,-1,200,1.0,1.0,0.1,0.0,0.08421464557597932,0.4687873828857304
1127,0.25,7,200,0.7,1.0,0.1,0.1,0.09654166949300413,0.46896290020119896
1127,0.25,7,200,1.0,1.0,0.1,0.1,0.09654166949300413,0.46896290020119896
1129,0.3,5,300,1.0,1.0,0.0,0.1,0.0961678078469699,0.4689887920931791
1129,0.3,5,300,0.7,1.0,0.0,0.1,0.0961678078469699,0.4689887920931791
1131,0.3,-1,300,0.7,0.7,0.3,0.0,0.08490653511119019,0.46901363743375274
1131,0.3,-1,300,1.0,0.7,0.3,0.0,0.08490653511119019,0.46901363743375274
1133,0.1,5,200,1.0,1.0,0.1,0.0,0.2241383496740609,0.4690366691892437
1133,0.1,5,200,0.7,1.0,0.1,0.0,0.2241383496740609,0.4690366691892437
1135,0.05,7,200,0.7,0.7,0.3,0.3,0.24598781593615643,0.4690719607371272
1135,0.05,7,200,1.0,0.7,0.3,0.3,0.24598781593615643,0.4690719607371272
1137,0.05,7,200,1.0,1.0,0.1,0.0,0.2419511917814592,0.4690934714888421
1137,0.05,7,200,0.7,1.0,0.1,0.0,0.2419511917814592,0.4690934714888421
1139,0.3,7,300,1.0,1.0,0.1,0.0,0.08319238462400427,0.4690977879721747
1139,0.3,7,300,0.7,1.0,0.1,0.0,0.08319238462400427,0.4690977879721747
1141,0.3,5,200,0.7,1.0,0.0,0.1,0.11852233292127476,0.4691189557792455
1141,0.3,5,200,1.0,1.0,0.0,0.1,0.11852233292127476,0.4691189557792455
1143,0.3,-1,300,1.0,0.7,0.1,0.0,0.08229670741911183,0.4691225191321248
1143,0.3,-1,300,0.7,0.7,0.1,0.0,0.08229670741911183,0.4691225191321248
1145,0.1,5,200,0.7,0.7,0.1,0.3,0.22896941492591572,0.4691291971493209
1145,0.1,5,200,1.0,0.7,0.1,0.3,0.22896941492591572,0.4691291971493209
1147,0.3,-1,200,0.7,0.7,0.1,0.0,0.08489254016240919,0.46913020494378005
1147,0.3,-1,200,1.0,0.7,0.1,0.0,0.08489254016240919,0.46913020494378005
1149,0.25,5,300,1.0,1.0,0.1,0.1,0.10055658009476559,0.46913176605990087
1149,0.25,5,300,0.7,1.0,0.1,0.1,0.10055658009476559,0.46913176605990087
1151,0.3,5,300,1.0,0.7,0.1,0.0,0.09579891564067565,0.46913415775468215
1151,0.3,5,300,0.7,0.7,0.1,0.0,0.09579891564067565,0.46913415775468215
1153,0.3,5,200,0.7,0.7,0.1,0.3,0.1214793330252748,0.4691506439759259
1153,0.3,5,200,1.0,0.7,0.1,0.3,0.1214793330252748,0.4691506439759259
1155,0.05,7,200,1.0,0.7,0.0,0.3,0.25088897592013576,0.46917148244090034
1155,0.05,7,200,0.7,0.7,0.0,0.3,0.25088897592013576,0.46917148244090034
1157,0.3,-1,200,0.7,0.7,0.3,0.0,0.08712698249644045,0.4691842294976014
1157,0.3,-1,200,1.0,0.7,0.3,0.0,0.08712698249644045,0.4691842294976014
1159,0.05,7,200,1.0,0.7,0.3,0.0,0.24624427776953003,0.4692046521056996
1159,0.05,7,200,0.7,0.7,0.3,0.0,0.24624427776953003,0.4692046521056996
1161,0.3,7,200,1.0,0.7,0.0,0.0,0.09488921233191756,0.4692767470925928
1161,0.3,7,200,0.7,0.7,0.0,0.0,0.09488921233191756,0.4692767470925928
1163,0.05,7,200,0.7,1.0,0.3,0.3,0.24210325631699625,0.4693946279193684
1163,0.05,7,200,1.0,1.0,0.3,0.3,0.24210325631699625,0.4693946279193684
1165,0.3,7,200,0.7,1.0,0.1,0.0,0.09024846589968523,0.4694517170390284
1165,0.3,7,200,1.0,1.0,0.1,0.0,0.09024846589968523,0.4694517170390284
1167,0.2,5,200,1.0,1.0,0.0,0.0,0.15534140470622365,0.4694693813183696
1167,0.2,5,200,0.7,1.0,0.0,0.0,0.15534140470622365,0.4694693813183696
1169,0.25,7,300,1.0,1.0,0.1,0.3,0.08505187909986567,0.46949476711390165
1169,0.25,7,300,0.7,1.0,0.1,0.3,0.08505187909986567,0.46949476711390165
1171,0.25,7,200,1.0,1.0,0.1,0.3,0.09620672212272942,0.46949727065574376
1171,0.25,7,200,0.7,1.0,0.1,0.3,0.09620672212272942,0.46949727065574376
1173,0.3,7,300,1.0,0.7,0.0,0.0,0.08472014274658224,0.469523683018914
1173,0.3,7,300,0.7,0.7,0.0,0.0,0.08472014274658224,0.469523683018914
1175,0.25,9,200,1.0,1.0,0.0,0.3,0.0910581321352535,0.4695603782280933
1175,0.25,9,200,0.7,1.0,0.0,0.3,0.0910581321352535,0.4695603782280933
1177,0.3,-1,300,0.7,0.7,0.3,0.1,0.08476197557502649,0.4695876269525302
1177,0.3,-1,300,1.0,0.7,0.3,0.1,0.08476197557502649,0.4695876269525302
1179,0.1,5,200,0.7,0.7,0.0,0.0,0.22822668162232831,0.46968113967714886
1179,0.1,5,200,1.0,0.7,0.0,0.0,0.22822668162232831,0.46968113967714886
1181,0.3,7,300,1.0,0.7,0.1,0.0,0.08357235530461359,0.469696133168346
1181,0.3,7,300,0.7,0.7,0.1,0.0,0.08357235530461359,0.469696133168346
1183,0.3,-1,200,0.7,0.7,0.3,0.1,0.08717237616023255,0.4697088190569713
1183,0.3,-1,200,1.0,0.7,0.3,0.1,0.08717237616023255,0.4697088190569713
1185,0.25,7,300,0.7,1.0,0.1,0.1,0.08509663912351456,0.4697835383353216
1185,0.25,7,300,1.0,1.0,0.1,0.1,0.08509663912351456,0.4697835383353216
1187,0.25,9,300,0.7,1.0,0.0,0.3,0.08363486022639213,0.46979013537844616
1187,0.25,9,300,1.0,1.0,0.0,0.3,0.08363486022639213,0.46979013537844616
1189,0.3,5,200,0.7,0.7,0.1,0.0,0.11895022133067343,0.46981426849862296
1189,0.3,5,200,1.0,0.7,0.1,0.0,0.11895022133067343,0.46981426849862296
1191,0.25,5,200,1.0,1.0,0.1,0.1,0.12899805492426497,0.4698221386524079
1191,0.25,5,200,0.7,1.0,0.1,0.1,0.12899805492426497,0.4698221386524079
1193,0.1,5,200,0.7,1.0,0.0,0.3,0.22618684594150196,0.4698926532809651
1193,0.1,5,200,1.0,1.0,0.0,0.3,0.22618684594150196,0.4698926532809651
1195,0.05,7,200,1.0,0.7,0.0,0.1,0.24677154126227707,0.4699194491256863
1195,0.05,7,200,0.7,0.7,0.0,0.1,0.24677154126227707,0.4699194491256863
1197,0.3,7,300,1.0,0.7,0.3,0.0,0.08511702136906273,0.46997255771412444
1197,0.3,7,300,0.7,0.7,0.3,0.0,0.08511702136906273,0.46997255771412444
1199,0.3,5,300,0.7,1.0,0.0,0.3,0.09675168046459295,0.47000898558054716
1199,0.3,5,300,1.0,1.0,0.0,0.3,0.09675168046459295,0.47000898558054716
1201,0.25,9,200,0.7,1.0,0.3,0.1,0.09039464712841509,0.47004291484549393
1201,0.25,9,200,1.0,1.0,0.3,0.1,0.09039464712841509,0.47004291484549393
1203,0.3,5,200,1.0,1.0,0.0,0.3,0.11985317116366191,0.47006889917200634
1203,0.3,5,200,0.7,1.0,0.0,0.3,0.11985317116366191,0.47006889917200634
1205,0.3,7,200,0.7,0.7,0.3,0.0,0.09068657619780385,0.47008848510402346
1205,0.3,7,200,1.0,0.7,0.3,0.0,0.09068657619780385,0.47008848510402346
1207,0.3,7,200,1.0,0.7,0.1,0.0,0.09151140621941986,0.4700970780764343
1207,0.3,7,200,0.7,0.7,0.1,0.0,0.09151140621941986,0.4700970780764343
1209,0.1,5,200,0.7,1.0,0.0,0.0,0.22646690740205402,0.4702085305128753
1209,0.1,5,200,1.0,1.0,0.0,0.0,0.22646690740205402,0.4702085305128753
1211,0.3,5,200,1.0,1.0,0.1,0.3,0.11688869429060639,0.4702148388903817
1211,0.3,5,200,0.7,1.0,0.1,0.3,0.11688869429060639,0.4702148388903817
1213,0.25,9,300,1.0,1.0,0.3,0.1,0.08507662782811247,0.4702369578456903
1213,0.25,9,300,0.7,1.0,0.3,0.1,0.08507662782811247,0.4702369578456903
1215,0.3,5,300,1.0,0.7,0.0,0.1,0.09895572895932064,0.4703323591567559
1215,0.3,5,300,0.7,0.7,0.0,0.1,0.09895572895932064,0.4703323591567559
1217,0.3,-1,200,1.0,0.7,0.1,0.1,0.08503579556110112,0.47037012082435425
1217,0.3,-1,200,0.7,0.7,0.1,0.1,0.08503579556110112,0.47037012082435425
1219,0.25,9,300,1.0,0.7,0.3,0.0,0.08551826621252893,0.4704592132606317
1219,0.25,9,300,0.7,0.7,0.3,0.0,0.08551826621252893,0.4704592132606317
1221,0.3,-1,300,1.0,0.7,0.1,0.1,0.08232107620085484,0.47052070783155975
1221,0.3,-1,300,0.7,0.7,0.1,0.1,0.08232107620085484,0.47052070783155975
1223,0.05,7,200,1.0,0.7,0.0,0.0,0.24778524862411316,0.4705574485059717
1223,0.05,7,200,0.7,0.7,0.0,0.0,0.24778524862411316,0.4705574485059717
1225,0.25,9,200,1.0,0.7,0.3,0.0,0.09155194678326939,0.4705778318317098
1225,0.25,9,200,0.7,0.7,0.3,0.0,0.09155194678326939,0.4705778318317098
1227,0.25,5,300,1.0,1.0,0.0,0.1,0.10625782905720411,0.47083885031708256
1227,0.25,5,300,0.7,1.0,0.0,0.1,0.10625782905720411,0.47083885031708256
1229,0.3,5,300,1.0,1.0,0.1,0.3,0.0938506566779748,0.47091561319407726
1229,0.3,5,300,0.7,1.0,0.1,0.3,0.0938506566779748,0.47091561319407726
1231,0.3,5,200,1.0,0.7,0.0,0.1,0.12416890463505081,0.4709157262297044
1231,0.3,5,200,0.7,0.7,0.0,0.1,0.12416890463505081,0.4709157262297044
1233,0.1,5,200,1.0,0.7,0.1,0.1,0.22738164398119262,0.47092633853012156
1233,0.1,5,200,0.7,0.7,0.1,0.1,0.22738164398119262,0.47092633853012156
1235,0.3,5,200,0.7,0.7,0.1,0.1,0.12184953811946717,0.47099278276918494
1235,0.3,5,200,1.0,0.7,0.1,0.1,0.12184953811946717,0.47099278276918494
1237,0.1,5,200,1.0,0.7,0.0,0.1,0.22782455922346517,0.47103131021838823
1237,0.1,5,200,0.7,0.7,0.0,0.1,0.22782455922346517,0.47103131021838823
1239,0.25,9,300,0.7,1.0,0.3,0.0,0.08510228613783266,0.4710522830353077
1239,0.25,9,300,1.0,1.0,0.3,0.0,0.08510228613783266,0.4710522830353077
1241,0.25,9,300,0.7,1.0,0.1,0.0,0.08332419227780852,0.47105262645619034
1241,0.25,9,300,1.0,1.0,0.1,0.0,0.08332419227780852,0.47105262645619034
1243,0.3,5,300,0.7,0.7,0.1,0.1,0.09682248235871027,0.47108194332965886
1243,0.3,5,300,1.0,0.7,0.1,0.1,0.09682248235871027,0.47108194332965886
1245,0.3,5,300,1.0,1.0,0.3,0.1,0.09196047119973051,0.4710840422194024
1245,0.3,5,300,0.7,1.0,0.3,0.1,0.09196047119973051,0.4710840422194024
1247,0.25,-1,300,1.0,1.0,0.1,0.1,0.08272428725087527,0.4710865036019811
1247,0.25,-1,300,0.7,1.0,0.1,0.1,0.08272428725087527,0.4710865036019811
1249,0.25,9,200,0.7,1.0,0.1,0.0,0.08975897699558479,0.4710935165000966
1249,0.25,9,200,1.0,1.0,0.1,0.0,0.08975897699558479,0.4710935165000966
1251,0.05,5,300,0.7,1.0,0.3,0.1,0.2543078089196838,0.47114972145420475
1251,0.05,5,300,1.0,1.0,0.3,0.1,0.2543078089196838,0.47114972145420475
1253,0.25,-1,200,0.7,1.0,0.1,0.1,0.08675534713978068,0.47122776311328873
1253,0.25,-1,200,1.0,1.0,0.1,0.1,0.08675534713978068,0.47122776311328873
1255,0.25,9,200,0.7,1.0,0.3,0.0,0.0902085078530334,0.4712622963671994
1255,0.25,9,200,1.0,1.0,0.3,0.0,0.0902085078530334,0.4712622963671994
1257,0.05,7,200,0.7,1.0,0.0,0.0,0.2445475656825706,0.47133986401658684
1257,0.05,7,200,1.0,1.0,0.0,0.0,0.2445475656825706,0.47133986401658684
1259,0.3,9,300,1.0,0.7,0.3,0.1,0.08490346829098828,0.47134772703574035
1259,0.3,9,300,0.7,0.7,0.3,0.1,0.08490346829098828,0.47134772703574035
1261,0.1,5,200,1.0,1.0,0.3,0.1,0.2205526989414652,0.47138057612503775
1261,0.1,5,200,0.7,1.0,0.3,0.1,0.2205526989414652,0.47138057612503775
1263,0.3,7,300,0.7,0.7,0.0,0.3,0.08462895886585368,0.4713892418008489
1263,0.3,7,300,1.0,0.7,0.0,0.3,0.08462895886585368,0.4713892418008489
1265,0.3,9,200,0.7,0.7,0.3,0.1,0.08805214883316918,0.4715070419127731
1265,0.3,9,200,1.0,0.7,0.3,0.1,0.08805214883316918,0.4715070419127731
1267,0.05,7,200,1.0,1.0,0.1,0.3,0.24491707574174318,0.47151617548574015
1267,0.05,7,200,0.7,1.0,0.1,0.3,0.24491707574174318,0.47151617548574015
1269,0.3,7,200,1.0,0.7,0.0,0.3,0.09397589314542804,0.47151735565466224
1269,0.3,7,200,0.7,0.7,0.0,0.3,0.09397589314542804,0.47151735565466224
1271,0.3,-1,200,1.0,0.7,0.3,0.3,0.08728197289489077,0.471582352497547
1271,0.3,-1,200,0.7,0.7,0.3,0.3,0.08728197289489077,0.471582352497547
1273,0.2,5,300,0.7,1.0,0.1,0.3,0.11581570969772027,0.47162568937051663
1273,0.2,5,300,1.0,1.0,0.1,0.3,0.11581570969772027,0.47162568937051663
1275,0.2,7,200,1.0,0.7,0.0,0.3,0.11562831109808566,0.47162651356991414
1275,0.2,7,200,0.7,0.7,0.0,0.3,0.11562831109808566,0.47162651356991414
1277,0.2,7,300,1.0,0.7,0.0,0.3,0.09493018173043781,0.47162872912532383
1277,0.2,7,300,0.7,0.7,0.0,0.3,0.09493018173043781,0.47162872912532383
1279,0.3,-1,300,1.0,0.7,0.3,0.3,0.08495082629170492,0.4716862354587975
1279,0.3,-1,300,0.7,0.7,0.3,0.3,0.08495082629170492,0.4716862354587975
1281,0.05,7,200,1.0,0.7,0.3,0.1,0.24761138958337195,0.4716973891582009
1281,0.05,7,200,0.7,0.7,0.3,0.1,0.24761138958337195,0.4716973891582009
1283,0.3,5,200,1.0,1.0,0.3,0.1,0.11135697515887581,0.4717073761238956
1283,0.3,5,200,0.7,1.0,0.3,0.1,0.11135697515887581,0.4717073761238956
1285,0.3,7,300,0.7,0.7,0.3,0.3,0.08510371696865979,0.4721411641137647
1285,0.3,7,300,1.0,0.7,0.3,0.3,0.08510371696865979,0.4721411641137647
1287,0.25,5,200,1.0,1.0,0.0,0.1,0.13584857185956875,0.47222940536063934
1287,0.25,5,200,0.7,1.0,0.0,0.1,0.13584857185956875,0.47222940536063934
1289,0.3,7,200,0.7,0.7,0.3,0.1,0.09076762184984459,0.4722304159114781
1289,0.3,7,200,1.0,0.7,0.3,0.1,0.09076762184984459,0.4722304159114781
1291,0.3,7,200,0.7,0.7,0.3,0.3,0.09068072654162651,0.47224776372554633
1291,0.3,7,200,1.0,0.7,0.3,0.3,0.09068072654162651,0.47224776372554633
1293,0.3,7,300,0.7,0.7,0.3,0.1,0.08515584723609844,0.47234448188511524
1293,0.3,7,300,1.0,0.7,0.3,0.1,0.08515584723609844,0.47234448188511524
1295,0.05,5,300,0.7,0.7,0.3,0.0,0.2569582145652057,0.47242436135246646
1295,0.05,5,300,1.0,0.7,0.3,0.0,0.2569582145652057,0.47242436135246646
1297,0.2,5,200,1.0,1.0,0.1,0.3,0.15014375193467863,0.4724470953273764
1297,0.2,5,200,0.7,1.0,0.1,0.3,0.15014375193467863,0.4724470953273764
1299,0.05,7,200,0.7,1.0,0.3,0.0,0.242969751267469,0.4725273008168785
1299,0.05,7,200,1.0,1.0,0.3,0.0,0.242969751267469,0.4725273008168785
1301,0.05,5,300,0.7,0.7,0.3,0.3,0.25939975047658137,0.47257923141934755
1301,0.05,5,300,1.0,0.7,0.3,0.3,0.25939975047658137,0.47257923141934755
1303,0.25,9,200,0.7,1.0,0.1,0.1,0.0893990735116108,0.47264223484322304
1303,0.25,9,200,1.0,1.0,0.1,0.1,0.0893990735116108,0.47264223484322304
1305,0.25,9,300,1.0,1.0,0.1,0.1,0.08324124591375322,0.4726672771122462
1305,0.25,9,300,0.7,1.0,0.1,0.1,0.08324124591375322,0.4726672771122462
1307,0.25,-1,300,1.0,1.0,0.3,0.0,0.08483896387249197,0.4727172037852141
1307,0.25,-1,300,0.7,1.0,0.3,0.0,0.08483896387249197,0.4727172037852141
1309,0.3,9,200,0.7,0.7,0.1,0.0,0.08645930854935735,0.47277266911170546
1309,0.3,9,200,1.0,0.7,0.1,0.0,0.08645930854935735,0.47277266911170546
1311,0.25,-1,200,1.0,1.0,0.3,0.0,0.0889005720457684,0.4727830239883448
1311,0.25,-1,200,0.7,1.0,0.3,0.0,0.0889005720457684,0.4727830239883448
1313,0.05,5,300,1.0,1.0,0.0,0.3,0.25723376918852925,0.47287181161408515
1313,0.05,5,300,0.7,1.0,0.0,0.3,0.25723376918852925,0.47287181161408515
1315,0.3,9,300,0.7,0.7,0.1,0.0,0.08254934771592841,0.47291249286047704
1315,0.3,9,300,1.0,0.7,0.1,0.0,0.08254934771592841,0.47291249286047704
1317,0.3,-1,200,0.7,0.7,0.1,0.3,0.08499982796004243,0.4731391868563919
1317,0.3,-1,200,1.0,0.7,0.1,0.3,0.08499982796004243,0.4731391868563919
1319,0.05,7,200,0.7,1.0,0.3,0.1,0.2427168673163849,0.4731409675071658
1319,0.05,7,200,1.0,1.0,0.3,0.1,0.2427168673163849,0.4731409675071658
1321,0.3,-1,300,1.0,0.7,0.1,0.3,0.08232357609783804,0.47323922866110735
1321,0.3,-1,300,0.7,0.7,0.1,0.3,0.08232357609783804,0.47323922866110735
1323,0.05,5,300,1.0,0.7,0.1,0.1,0.2613471318440425,0.4734044364326918
1323,0.05,5,300,0.7,0.7,0.1,0.1,0.2613471318440425,0.4734044364326918
1325,0.3,5,300,0.7,1.0,0.1,0.0,0.09356940251308307,0.4735109925372403
1325,0.3,5,300,1.0,1.0,0.1,0.0,0.09356940251308307,0.4735109925372403
1327,0.05,7,200,0.7,1.0,0.1,0.1,0.24231961765460958,0.47354244360977366
1327,0.05,7,200,1.0,1.0,0.1,0.1,0.24231961765460958,0.47354244360977366
1329,0.3,5,300,0.7,1.0,0.1,0.1,0.0947831725450347,0.4736288842116222
1329,0.3,5,300,1.0,1.0,0.1,0.1,0.0947831725450347,0.4736288842116222
1331,0.3,5,200,0.7,1.0,0.1,0.1,0.11796851106410985,0.4736577659151604
1331,0.3,5,200,1.0,1.0,0.1,0.1,0.11796851106410985,0.4736577659151604
1333,0.3,9,200,1.0,0.7,0.3,0.0,0.08783686701834283,0.47374708950082944
1333,0.3,9,200,0.7,0.7,0.3,0.0,0.08783686701834283,0.47374708950082944
1335,0.3,9,300,0.7,0.7,0.3,0.0,0.08479158391197512,0.47376892574556534
1335,0.3,9,300,1.0,0.7,0.3,0.0,0.08479158391197512,0.47376892574556534
1337,0.05,5,300,1.0,0.7,0.3,0.1,0.2594772303066341,0.4738149373044711
1337,0.05,5,300,0.7,0.7,0.3,0.1,0.2594772303066341,0.4738149373044711
1339,0.3,9,300,1.0,0.7,0.3,0.3,0.08496187597081964,0.47389380082990046
1339,0.3,9,300,0.7,0.7,0.3,0.3,0.08496187597081964,0.47389380082990046
1341,0.3,9,200,1.0,0.7,0.3,0.3,0.08833349857360191,0.47396752280081134
1341,0.3,9,200,0.7,0.7,0.3,0.3,0.08833349857360191,0.47396752280081134
1343,0.05,5,300,0.7,1.0,0.3,0.3,0.25161320396141434,0.47413538434853686
1343,0.05,5,300,1.0,1.0,0.3,0.3,0.25161320396141434,0.47413538434853686
1345,0.3,7,300,1.0,0.7,0.1,0.1,0.08357373400803839,0.4743231159954708
1345,0.3,7,300,0.7,0.7,0.1,0.1,0.08357373400803839,0.4743231159954708
1347,0.25,7,300,1.0,0.7,0.3,0.1,0.08665109091291902,0.474339324174748
1347,0.25,7,300,0.7,0.7,0.3,0.1,0.08665109091291902,0.474339324174748
1349,0.3,7,200,0.7,0.7,0.1,0.1,0.0912663243254086,0.4743468256074426
1349,0.3,7,200,1.0,0.7,0.1,0.1,0.0912663243254086,0.4743468256074426
1351,0.3,-1,300,0.7,1.0,0.0,0.1,0.08173841037522629,0.47442076247196524
1351,0.3,-1,300,1.0,1.0,0.0,0.1,0.08173841037522629,0.47442076247196524
1353,0.25,7,200,0.7,0.7,0.3,0.1,0.0966899630719557,0.4745042729290618
1353,0.25,7,200,1.0,0.7,0.3,0.1,0.0966899630719557,0.4745042729290618
1355,0.3,5,300,1.0,0.7,0.0,0.0,0.0992893261533727,0.47451605528687185
1355,0.3,5,300,0.7,0.7,0.0,0.0,0.0992893261533727,0.47451605528687185
1357,0.05,7,200,0.7,1.0,0.0,0.3,0.24590864157023798,0.4745963075979229
1357,0.05,7,200,1.0,1.0,0.0,0.3,0.24590864157023798,0.4745963075979229
1359,0.3,-1,200,1.0,1.0,0.0,0.1,0.0837136694324651,0.4746050248664758
1359,0.3,-1,200,0.7,1.0,0.0,0.1,0.0837136694324651,0.4746050248664758
1361,0.05,5,300,1.0,1.0,0.3,0.0,0.2554142833302718,0.4747536511987813
1361,0.05,5,300,0.7,1.0,0.3,0.0,0.2554142833302718,0.4747536511987813
1363,0.05,5,300,0.7,0.7,0.1,0.3,0.26128747044220757,0.47476024551487406
1363,0.05,5,300,1.0,0.7,0.1,0.3,0.26128747044220757,0.47476024551487406
1365,0.3,5,200,0.7,1.0,0.1,0.0,0.1151562705661118,0.47485241233126146
1365,0.3,5,200,1.0,1.0,0.1,0.0,0.1151562705661118,0.47485241233126146
1367,0.05,7,200,0.7,1.0,0.0,0.1,0.24478108045168778,0.4750210353513285
1367,0.05,7,200,1.0,1.0,0.0,0.1,0.24478108045168778,0.4750210353513285
1369,0.05,5,300,1.0,1.0,0.0,0.0,0.2565668476494098,0.47503961450619187
1369,0.05,5,300,0.7,1.0,0.0,0.0,0.2565668476494098,0.47503961450619187
1371,0.3,5,300,1.0,0.7,0.3,0.3,0.09369788814731289,0.4752226838660758
1371,0.3,5,300,0.7,0.7,0.3,0.3,0.09369788814731289,0.4752226838660758
1373,0.05,5,300,1.0,0.7,0.0,0.1,0.2605630448122561,0.4752762120743783
1373,0.05,5,300,0.7,0.7,0.0,0.1,0.2605630448122561,0.4752762120743783
1375,0.3,5,200,0.7,0.7,0.0,0.0,0.12223157744537247,0.4753768426324489
1375,0.3,5,200,1.0,0.7,0.0,0.0,0.12223157744537247,0.4753768426324489
1377,0.05,5,300,0.7,0.7,0.0,0.0,0.261366493780632,0.4757842396518489
1377,0.05,5,300,1.0,0.7,0.0,0.0,0.261366493780632,0.4757842396518489
1379,0.3,5,200,1.0,1.0,0.0,0.0,0.12106335824711885,0.4757867930059377
1379,0.3,5,200,0.7,1.0,0.0,0.0,0.12106335824711885,0.4757867930059377
1381,0.05,5,300,1.0,1.0,0.1,0.0,0.255148403714826,0.4758490612222808
1381,0.05,5,300,0.7,1.0,0.1,0.0,0.255148403714826,0.4758490612222808
1383,0.3,-1,200,0.7,0.7,0.0,0.3,0.084398963091438,0.47596924929566126
1383,0.3,-1,200,1.0,0.7,0.0,0.3,0.084398963091438,0.47596924929566126
1385,0.3,-1,300,1.0,0.7,0.0,0.3,0.08186742182713762,0.4760230556070479
1385,0.3,-1,300,0.7,0.7,0.0,0.3,0.08186742182713762,0.4760230556070479
1387,0.25,5,300,1.0,1.0,0.1,0.0,0.10231405838134998,0.4760285244901686
1387,0.25,5,300,0.7,1.0,0.1,0.0,0.10231405838134998,0.4760285244901686
1389,0.05,5,300,1.0,0.7,0.1,0.0,0.26059296271162147,0.47610612926381224
1389,0.05,5,300,0.7,0.7,0.1,0.0,0.26059296271162147,0.47610612926381224
1391,0.3,5,300,1.0,1.0,0.0,0.0,0.09692327364114789,0.4762797464621778
1391,0.3,5,300,0.7,1.0,0.0,0.0,0.09692327364114789,0.4762797464621778
1393,0.05,5,300,0.7,1.0,0.1,0.1,0.25656442551681496,0.47631825226419516
1393,0.05,5,300,1.0,1.0,0.1,0.1,0.25656442551681496,0.47631825226419516
1395,0.05,5,300,1.0,1.0,0.1,0.3,0.2542008521498404,0.47655792495632976
1395,0.05,5,300,0.7,1.0,0.1,0.3,0.2542008521498404,0.47655792495632976
1397,0.3,5,200,1.0,0.7,0.3,0.3,0.1153930832620555,0.4767290505315843
1397,0.3,5,200,0.7,0.7,0.3,0.3,0.1153930832620555,0.4767290505315843
1399,0.25,5,200,0.7,1.0,0.1,0.0,0.1302092936693128,0.477168995092135
1399,0.25,5,200,1.0,1.0,0.1,0.0,0.1302092936693128,0.477168995092135
1401,0.05,5,300,0.7,0.7,0.0,0.3,0.2618005779476623,0.478026956779105
1401,0.05,5,300,1.0,0.7,0.0,0.3,0.2618005779476623,0.478026956779105
1403,0.05,5,300,0.7,1.0,0.0,0.1,0.25756691180071417,0.4807396963426921
1403,0.05,5,300,1.0,1.0,0.0,0.1,0.25756691180071417,0.4807396963426921
1405,0.05,5,200,1.0,1.0,0.3,0.1,0.30136990926222684,0.4853191611417737
1405,0.05,5,200,0.7,1.0,0.3,0.1,0.30136990926222684,0.4853191611417737
1407,0.05,5,200,1.0,1.0,0.0,0.0,0.3014208261040935,0.4859723256986946
1407,0.05,5,200,0.7,1.0,0.0,0.0,0.3014208261040935,0.4859723256986946
1409,0.05,5,200,1.0,0.7,0.3,0.3,0.3060018092071052,0.48657587194293067
1409,0.05,5,200,0.7,0.7,0.3,0.3,0.3060018092071052,0.48657587194293067
1411,0.05,5,200,0.7,0.7,0.3,0.0,0.3041930936674085,0.4866386746294989
1411,0.05,5,200,1.0,0.7,0.3,0.0,0.3041930936674085,0.4866386746294989
1413,0.05,5,200,0.7,0.7,0.1,0.1,0.3066205831798612,0.4869492102083719
1413,0.05,5,200,1.0,0.7,0.1,0.1,0.3066205831798612,0.4869492102083719
1415,0.05,5,200,1.0,1.0,0.0,0.3,0.3032136647857756,0.4871119646389113
1415,0.05,5,200,0.7,1.0,0.0,0.3,0.3032136647857756,0.4871119646389113
1417,0.05,5,200,1.0,0.7,0.3,0.1,0.3070916692074028,0.4873405875087044
1417,0.05,5,200,0.7,0.7,0.3,0.1,0.3070916692074028,0.4873405875087044
1419,0.05,5,200,0.7,1.0,0.3,0.0,0.30233921648036804,0.48761569646672476
1419,0.05,5,200,1.0,1.0,0.3,0.0,0.30233921648036804,0.48761569646672476
1421,0.05,5,200,0.7,1.0,0.1,0.3,0.300686106517067,0.48839267258499097
1421,0.05,5,200,1.0,1.0,0.1,0.3,0.300686106517067,0.48839267258499097
1423,0.05,5,200,1.0,1.0,0.3,0.3,0.30031715716232765,0.48842962028149445
1423,0.05,5,200,0.7,1.0,0.3,0.3,0.30031715716232765,0.48842962028149445
1425,0.05,5,200,1.0,0.7,0.0,0.1,0.30540466927199045,0.48883776702891923
1425,0.05,5,200,0.7,0.7,0.0,0.1,0.30540466927199045,0.48883776702891923
1427,0.05,5,200,1.0,0.7,0.1,0.3,0.30657716993365935,0.4888462816717155
1427,0.05,5,200,0.7,0.7,0.1,0.3,0.30657716993365935,0.4888462816717155
1429,0.05,5,200,1.0,0.7,0.1,0.0,0.30519366429082484,0.48907354890503935
1429,0.05,5,200,0.7,0.7,0.1,0.0,0.30519366429082484,0.48907354890503935
1431,0.05,5,200,0.7,0.7,0.0,0.0,0.3056272899747277,0.489252761920755
1431,0.05,5,200,1.0,0.7,0.0,0.0,0.3056272899747277,0.489252761920755
1433,0.05,5,200,1.0,1.0,0.1,0.0,0.3016498949564813,0.4894336135188425
1433,0.05,5,200,0.7,1.0,0.1,0.0,0.3016498949564813,0.4894336135188425
1435,0.05,5,200,1.0,1.0,0.1,0.1,0.30308669950633377,0.49009213040470023
1435,0.05,5,200,0.7,1.0,0.1,0.1,0.30308669950633377,0.49009213040470023
1437,0.05,5,200,0.7,0.7,0.0,0.3,0.30775831421820826,0.4923640804185788
1437,0.05,5,200,1.0,0.7,0.0,0.3,0.30775831421820826,0.4923640804185788
1439,0.05,5,200,0.7,1.0,0.0,0.1,0.30386869032254205,0.4930820667470194
1439,0.05,5,200,1.0,1.0,0.0,0.1,0.30386869032254205,0.4930820667470194
