Model,Train_set,Test_set,R²,RMSE,MAE
SVR,dft,dft,0.7023736891591953,0.8063957816827999,0.5414064615867179
SVR,dft,exp,0.3774057148198847,0.9915794229215492,0.7902542876086005
SVR,exp,exp,0.7336034501916968,0.6486183614029403,0.4160442449731228
SVR,exp,dft,0.03879900048355445,1.4491711967546328,1.1498123457725051
