Train,Test,R^2,RMSE,MAE
dft,dft,0.6855661907240955,0.8320125813914644,0.5572918562673744
dft,exp,0.3609633773950094,0.9451735900717931,0.7635613069035327
exp,exp,0.7810814245245232,0.5532099859464172,0.34206840170402
exp,dft,0.01634230461787678,1.4715915044985504,1.1631015233017257
