Train,Test,R^2,RMSE,MAE
dft,dft,0.6317420377557845,0.8969921854651707,0.676966520579293
dft,exp,0.3615380809411066,1.0041357751003657,0.7884288460076482
exp,exp,0.6869466389106658,0.7031275685352266,0.484660657842915
exp,dft,-0.03121732507190833,1.501024175659058,1.1635857513094288
