Train,Test,R^2,RMSE,MAE
dft,dft,0.774873327385534,0.7013358883585317,0.4631885109624192
dft,exp,0.4510306513189005,0.9311057081655266,0.7451944312136659
exp,exp,0.7739505951956447,0.5974844745239427,0.4096443088351044
exp,dft,0.013741752962206033,1.4679386676305501,1.1557702810908688
