composition,band_gap
Ac2O3,3.522599999999999
Ac16S24,2.2962
Ac1Ag1Te2,0.079399999999999
Ac1Al1O3,4.1024
Ac2Br6,4.103299999999999
Ac2Br2O2,4.241
Ac2Cl6,5.0865
Ac2Cl2O2,4.4451
Ac1Cr1O3,2.0031
Ac1Fe1O3,0.9887999999999992
Ac1Ga1O3,2.895900000000001
Ac1Ga1Te2,0.490999999999999
Ac1H3,0.640699999999999
Ac2I6,2.5892
Ac1In1Te2,0.3799
Ac2N2,0.0517
Ac1O1F1,4.256600000000001
Ac1Tl1Te2,0.6253000000000001
Ag2Au4F16,0.258499999999999
Ag8B48Cl48,2.7028
Ag40Te16Br12,0.8722000000000001
Ag30P8S32Cl6,1.288799999999999
Ag8B32O52,3.4397
Ag8Bi4O12,0.3872
Ag4C2O6,0.4736
Ag12Ge6S36O126,2.8072
Ag4Ge2Pb2S8,1.3699
Ag4Ge2S6,0.4646
Ag8H16S12O48,2.8821
Ag4Hg4Te6O24,0.1606
Ag4Hg2Ge2S8,0.4441
Ag2Hg1I4,1.2219
Ag8Hg4O8,0.410299999999999
Ag4Hg2S2I4,1.2212
Ag4Mo4O14,1.9011
Ag4P4Pd2O14,1.166799999999999
Ag6P3H3O12,1.3274
Ag16P8Se24,1.186599999999999
Ag4S4O14,2.301599999999999
Ag4S2O8,1.2289
Ag8Se4O12,1.7022
Ag8Se4O12,2.093499999999999
Ag4Se2O8,0.426399999999999
Ag12Sn6S36O126,2.4602
Ag4Sn2Hg2S8,0.015699999999999
Ag12Te6O24,0.0001
Ag4Te2S6,1.2999
Ag3As1F12,0.099399999999999
Ag3As1F12,0.153999999999999
Ag6As2O8,9.9999999999989e-05
Ag12As4S12,1.627799999999999
Ag6As2S8,0.3576
Ag36As12Se36,0.9037
Ag12Au4Se8,0.023499999999999
Ag6F16,0.306899999999999
Ag6Ge10P12,0.5388000000000001
Ag3P11,0.8305999999999991
Ag6P2O8,0.420999999999999
Ag6P2S8,0.9914
Ag6Sb8F48,0.012499999999999
Ag12Sb4S12,1.5142
Ag6Sn4Ge6P12,0.215499999999999
Ag6Sn2P14,0.5034000000000001
Ag12Te8Au4,0.1725
Ag16Mo8Se12O64,1.7787000000000002
Ag16P4I4O16,0.9546
Ag16Te4O20,0.004199999999999
Ag16Te4S4O16,0.6883
Ag20Bi4O16,1.5002
Ag5Hg4P8Cl5,0.9788
Ag5P1S4Cl2,1.2689
Ag10P2Se2O8,0.307599999999999
Ag40Te16Cl8,0.198499999999999
Ag28P4Se24,0.7841
Ag32Ge4S24,0.6102000000000001
Ag32Sn4S24,0.535099999999999
Ag16Sn2Se12,0.000999999999999
Ag18P28O56F56,0.026499999999999
Ag2As2S32F12,2.765
Ag2As2Se6F12,1.6736
Ag2As6H4O18,0.8362
Ag1As1F6,1.6805999999999992
Ag2As2O6,0.2921
Ag4As4Pb4S12,1.385999999999999
Ag2Au2I8O24,1.257299999999999
Ag2Au2Cl8,0.8406
Ag2Au2F8,1.0268
Ag2Au2O4,0.6522999999999991
Ag4B4F16,3.157
Ag4Bi4I16O48,2.4344
Ag2Bi2P4S12,1.183799999999999
Ag2Bi2P4Se12,1.2778
Ag1Bi2F12,0.3971
Ag2Bi6S10,0.5262
Ag2Bi2S2Cl4,1.0752
Ag1Br1,0.730399999999999
Ag1Cl1,0.9522
Ag1Cl1O4,2.3558
Ag6F18,0.208499999999999
Ag4H20S8O36,3.6925
Ag4Hg8As4O16,0.738599999999999
Ag4Hg8N4O20,0.5517000000000001
Ag4Hg8P4O16,1.1892
Ag2Hg2As2S6,1.2453
Ag4Hg4S4Br4,1.2604
Ag4Hg4S4I4,1.3584
Ag4I4,1.3759
Ag4I12O32,2.2937
Ag8I8O24,2.4375
Ag2Mo12Cl26,2.3227
Ag8Mo8P8O48,2.1219
Ag2N2O6,1.853899999999999
Ag8P8O16F16,1.9686
Ag1P1F6,3.2361
Ag8P8O24,2.0232
Ag1Pb1F6,0.217999999999999
Ag1Rh1S2O8,1.1739
Ag4S8O24F8,0.187799999999999
Ag4S4O12F4,2.4337
Ag2Sb2S32F12,2.7813
Ag1Sb2F12,0.5397999999999991
Ag2Sb6I2F48,0.289399999999999
Ag4Sb4F24,1.7739
Ag4Sb4O12,0.094599999999999
Ag4Sb4S8,1.3716
Ag1Sn1F6,0.405599999999999
Ag8Te8O24,1.5732
Ag4W12Br28,2.6891
Al12Bi48Cl48,1.4598
Al4I12Cl24,1.7285
Al2I6O18,3.346599999999999
Al4P12O36,5.9631
Al8Se32Cl32,1.1219
Al8Se16Cl32,1.4066
Al8Te16Cl32,1.3271
Al1V4S8,0.3003
Al22Tl2O34,5.323600000000001
Al22Tl2O34,4.590300000000001
Al4C6N12,2.9441
Al4Fe6Si6,0.230299999999999
Al8Mo12O48,3.7134
Al4Se6O24,3.120199999999999
Al16Ag8Cl40O8,3.441
Al8B12H4O32,5.5664
Al8Bi4S16,2.6364
Al8Bi4Se16,2.2404
Al8Cd12Ge12O48,2.9874
Al4Cd2Br16,2.9128
Al4Cd2Cl16,3.708199999999999
Al2Cd1S4,2.7263
Al2Cd1Se4,2.004699999999999
Al2Cd1Te4,1.6245
Al2Cr3Cu1S8,0.1357
Al4Ga4Bi4O18,2.7318
Al8Ge4O16F8,4.0658
Al4H24Se6O30,4.745100000000001
Al8H64S12O80,5.574
Al4H64S6O56,4.6645
Al8Hg12Cl32,2.5631
Al2Hg1S4,2.0244
Al2Hg1Se4,1.4253999999999991
Al2Hg1Te4,1.1108
Al8Ni4O16,3.205599999999999
Al4O6,5.853700000000001
Al2Os1,0.289899999999999
Al8Pb12F48,5.266
Al4Pb2O8,3.9425
Al4Pb2S8,2.5904
Al4Pb2Se8,1.9965
Al4Ru2,0.086399999999999
Al4S6,3.0435
Al16Sb40Se48Br72,1.801899999999999
Al4Se6,1.8004
Al8Si4O16F8,5.6953
Al16Si16Pb8O64,4.2562
Al8Si4O20,5.403799999999999
Al8Sn4Cl24O4,3.9866
Al16Te24,1.854
Al2Te5,1.046099999999999
Al4V2Cl16,0.8418000000000001
Al4Zn2O8,3.845999999999999
Al4Zn2S8,2.4934000000000003
Al2Zn1Se4,2.1529
Al2Zn1Te4,1.625099999999999
Al6B2C2,0.453
Al18B6C18,1.8202999999999991
Al4B6O15,5.8173
Al16B8O36,4.357800000000001
Al8Bi4O18,2.800199999999999
Al4C3,1.3154
Al8C2O8,3.823299999999999
Al8Cd2O14,3.0642
Al8Fe4Si10O36,3.862699999999999
Al4In1Ag1Se8,0.6835
Al10B2O18,4.9385
Al5Cu1S8,1.4217
Al6Cd4S1O12,2.7127
Al6Cd4Te1O12,2.5652
Al36Sn6Te60,1.439
Al14Tl6S24,2.7961
Al7Cr1Bi4O18,2.5541
Al32Pb36O84,2.8336
Al1Ag1P2Se6,1.6205999999999992
Al2Ag2O4,1.4090999999999991
Al2Ag2S4,1.8992
Al2Ag2Se4,1.135199999999999
Al1Ag1Sn1Se4,1.1072
Al2Ag2Te4,1.0469
Al1As1,1.503699999999999
Al4As12Se16Cl16,2.1167
Al2As6S10Cl8,2.2534
Al3As3O12,3.865
Al8B8Pb8O32,2.940799999999999
Al4Bi4Cl24,3.7568
Al4Bi4S4Cl16,2.8305
Al4Bi4Se4Cl16,2.542399999999999
Al4Bi4Te4Cl16,2.1634
Al4Br12,4.0992
Al4Br4O4,3.0144
Al4C12N12Cl24,2.5682
Al2Cd2Cl8,2.761
Al2Cl6,5.263
Al2Cl2O2,5.593999999999999
Al2Cr2Fe2O8,1.4767
Al1Cu1P2Se6,0.8799
Al2Cu2Br8,2.1451
Al2Cu2Cl8,2.5112
Al1Cu1Ge1Se4,0.8904999999999991
Al2Cu2O4,1.8148
Al2Cu2S4,1.6756
Al2Cu2Se4,0.8921999999999991
Al2Cu2Sn2S8,0.712699999999999
Al1Cu1Sn1Se4,0.551299999999999
Al2Cu2Te4,1.0186
Al4Fe4P4O20,0.5231
Al1Ga1As2,0.700499999999999
Al4H44S4O40,5.6133
Al2H24Cl6O12,5.3984
Al2H24N6O30,3.5696
Al4H60Br12N20,4.3958
Al4H60N20Cl12,4.9406
Al2H6,2.197699999999999
Al8H24N8Cl24,5.1434
Al2H10Se4O16,4.4382
Al2H12Br2O8,4.837899999999999
Al2H12I2O8,4.2593
Al8H48N16Cl24,5.3867
Al1H6N2F3,5.8135
Al4H4O8,5.546000000000001
Al2H2S2O10,5.6906
Al8Hg16Sb8Cl32,1.1967
Al4I12,3.2639
Al2I2Cl12,2.291
Al4In4Br16,3.5627
Al4In4Cl16,4.186100000000001
Al4In4I16,3.0861
Al6In6S18,2.081299999999999
Al6In6Se18,1.6333000000000002
Al2N2,4.0467
Al4Ni8B4O20,3.621100000000001
Al2Ni2Ag4F14,1.9697
Al1P1,1.6294
Al8P16I72,1.686
Al4P12N12Cl36,3.7338
Al4P4I32,1.4878
Al3P3O12,5.6126000000000005
Al2P2S8,2.8338
Al1Re1Ge1,0.1187
Al2S2Cl6O4,3.9643
Al2S2Cl14,2.4961
Al1Sb1,1.2255
Al4Sb8Se8Cl16,1.121999999999999
Al8Sb16Te16Cl32,1.0432
Al1Sb1O4,1.6178
Al2Se2Cl14,2.5979
Al2Si2Te6,1.2504
Al4Te4Cl28,3.3025
Al2Te2I14,1.8846
Al1Tl1Mo2O8,3.8702
Al2Tl4F10,4.0476
Al4Tl4Br16,4.0998
Al4Tl4Cl16,4.7337
Al2Tl2F8,4.433300000000001
Al4Tl4I16,3.5042
Al8Tl8S16,2.1201
Al8Tl8Se16,1.788999999999999
Al2Tl2Si6O16,4.586
Al6Tl6Si6O24,4.080999999999999
Al2V4O8,0.2716
Al4V8O16,0.161999999999999
Al4V4Mo4O28,2.3841
Al6V6O24,3.0384
Al1W1O4,2.980299999999999
As2Br6F12,1.6272
As2I6F12,1.3305
As2I4F12,0.5218
As16S64F96,1.2407
As1S24I3,2.0753
As8S12O48,4.5714
As8Cl12O4F20,3.3444000000000003
As16H8Pb8F104,4.6104
As8Ir4,0.8155000000000001
As8O12,4.0339
As8O20,1.426
As4Os2,0.6646999999999991
As8P8S28,2.6841
As4Pb2Xe6F36,2.5938
As4Pb28Cl8O34,2.0997
As8Pb8O20,2.936
As4Pb6O16,3.3141
As4Pb16O26,2.0725
As8Pb4O16,2.846199999999999
As2Pb1O6,2.1358
As8Pt4,0.0785
As8Rh4,0.2625
As4Ru2,0.4492
As8S8O36,4.1255
As8S12,1.9873
As4S2O12,4.417199999999999
As8Se12,1.4466
As3H5O10,3.066599999999999
As12H4O24,3.6721
As12Ir4,0.026799999999999
As6Pb4Br2O12,3.2587
As12Pb8Cl4O24,3.4974
As6Pb10Br2O24,2.9898
As12Pb20Cl4O48,3.271899999999999
As6Pb10Cl2O18,2.6399
As6Pb10O24F2,3.296399999999999
As2Au2O8,1.8671
As4Br12,3.1271
As4Br4O4F32,3.1609
As4Cl8F12,2.8871
As4Cl12,3.9873
As4Cl12O4,2.5284
As2Cl2F16,3.3906
As4Cl4O4F32,2.8596
As4F12,5.359999999999999
As2F10,4.6002
As4H72N12O28,4.1734
As2H6O2F12,4.8445
As2H2Pb2O8,3.1155
As2I6,2.2375
As2I10F12,1.4099
As4I4F48,0.649
As4Ir4S4,1.863
As4Ir4Se4,1.4699
As4Kr4F28,2.4978
As1N1O2F6,2.7442
As5N10F35,3.5121
As4Os4S4,1.1795
As4Os4Se4,1.0029
As4P4O16,4.5760000000000005
As4P4O20,2.0204
As2Pb2F14,4.0652
As4Rh4S4,1.2237
As4Rh4Se4,0.9137
As4Ru4S4,0.9146
As16S16,1.9674
As4S4Br12F24,2.5087
As4S4Cl12F24,3.7948
As4S4I8F24,1.1714
As16Se16,1.367999999999999
As4Se4Br12F24,2.5724
As4Se4Cl12F24,3.7178
As4Se4I12F24,1.4197
As4Se12Cl12F24,1.9559
As2Se12I2F12,1.577
As4Se4I4,1.2345
As6Xe12F54,1.596099999999999
As4Xe4F44,2.0307
As4Xe4F28,2.8699
Au1O2F6,0.1855
Au4O6,0.8689999999999991
Au4S2,1.9091
Au4Se6O20,0.9414
Au4Se8O22,1.4326
Au6F16,0.5426
Au4Br4,1.6885
Au8Br24,0.8891
Au2Br2F12,1.9482
Au4Cl4,1.674399999999999
Au4Cl8,0.897899999999999
Au4Cl12,1.3606
Au6Cl6O6,0.9762
Au6F18,1.5542
Au8F40,0.7042
Au4I4,2.0942
Au4S12O36F12,1.4998
Au4S4Cl20,1.7772
Au4S4Cl28,1.8191
Au8S8O32,1.600699999999999
Au2Se2,0.262799999999999
Au8Se8Br8,0.6302999999999991
Au4Se4Cl28,1.7274
Au4Se4Cl4O12,1.3674
Au4Xe8F68,1.3385
B10Pb6O21,3.259
B40H44C8,5.749499999999999
B40H52I4,2.5463
B40H56S4,2.5518
B44H40S4I4,3.4062
B4Mo2Pb12O24,2.4454
B16Pb16S40,1.7364000000000002
B8Pb16O28,2.454499999999999
B8Pb24S4O48,2.9511000000000003
B100S150,2.526399999999999
B8Se8O28,3.941799999999999
B8Se12O40,3.738
B12H16N4O20,5.5239
B6Pb20Br6O26,2.435399999999999
B12Pb12N4O40,3.0129
B12Pb24Br4O40,2.8245
B12Pb24Cl4O40,2.9337
B12C3,3.0415
B8Pb2O14,4.208499999999999
B10H24N2O24,5.760400000000001
B40H32N8O64,5.7298
B40H40C8I8,4.2014
B40H48Br8,3.0427
B40H56,3.606099999999999
B20Pb8Br4O36,3.4116
B20Pb8Cl4O36,3.4978
B20Pb8I4O36,3.3111
B12As2,2.6454
B12H20N2,5.6566
B12O2,1.856399999999999
B12P2,2.4757
B32H16Pb4O60,4.763299999999999
B72H88,2.9653
B18Pb16O42F2,3.4333
B1As5Pb6O20,2.9414
B1As1O4,4.2615
B2Br6,3.8273
B2Cl2O4F8,1.9592
B2Cl6,4.7135
B4Cl4F24,3.3471
B2H2Pb4O8,3.0854
B8H8S24O88,5.696299999999999
B2I6,2.6901
B2N2,4.3683
B4N4O8F16,3.002199999999999
B4N4F32,2.9979
B1P1,1.243499999999999
B4P4I12Br12,1.9673
B4P4Pb16O32,3.000499999999999
B4P4Br24,2.7247
B3P3Pb3O15,4.2593
B1P1S4,2.276
B6Pb12O18F6,3.1984
B4Pb28Br12O28,1.9254
B16S32,2.5677
B12S12Br12,3.683499999999999
B4S4F28,4.9968
B2Sb2Pb2S8,2.1522
B8Se16,1.771199999999999
B2Te6O6F30,3.7899
Ba4Ag24O16,0.9577999999999992
Ba4Ag8Te8,0.673299999999999
Ba2Al4Cl16,5.3891
Ba12Al24S48,3.6551
Ba2Al4Se8,3.0544
Ba2Al4Te8,1.5444
Ba2As12Pt8,0.1901
Ba2As4O12,2.7763
Ba2Au4F16,2.4882
Ba4Au8F48,1.515899999999999
Ba2Au4O8,1.1785
Ba2B24H24,5.8133
Ba4B8H32,5.6574
Ba6B12O24,4.5867
Ba2B4S8,2.7453000000000003
Ba2B4Se12,1.7096
Ba2Be4N4,1.178999999999999
Ba9Bi18S36,1.2751
Ba2Br4F16,3.2254
Ba2Br4O12,4.1953
Ba1Cd2As2,0.157599999999999
Ba1Cd2P2,0.6835999999999991
Ba2Cl4O16,5.4454
Ba2Cu4O4,1.386299999999999
Ba4Cu8S8,0.9028
Ba4Dy8S16,1.7407
Ba4Dy8Se16,1.3765
Ba4Dy8Te16,1.2938
Ba4Er8S16,1.721299999999999
Ba4Er8Se16,1.3665
Ba4Er8Te16,1.310799999999999
Ba8Fe16Br64,0.9257
Ba4Fe8O16,1.7417999999999991
Ba4Ga8As8,1.3062
Ba8Ga16O32,3.022
Ba4Ga8P8,1.427699999999999
Ba12Ga24S48,2.9088000000000003
Ba8Ga16Sb16,0.0277
Ba2Ga4Se8,1.8578
Ba1Ga2Te4,0.5291
Ba4Gd8Se16,1.225499999999999
Ba4Gd8Te16,0.7582000000000001
Ba4Ge8As8,0.028599999999999
Ba4Ge8P8,0.5134000000000001
Ba2H32O20,3.904
Ba8H16O16,4.577
Ba4Ho8S16,1.730699999999999
Ba4Ho8Te16,0.785
Ba2I4O12,3.543599999999999
Ba4In8P8,0.250899999999999
Ba8In16S32,2.2042
Ba8In16Se32,1.572
Ba2In4Te8,0.9642
Ba4Lu8S16,1.7477
Ba4Lu8Se16,1.3795
Ba4Lu8Te16,0.7892999999999991
Ba1Mg2As2,1.0689
Ba1Mg2Bi2,0.396799999999999
Ba1Mg2P2,1.1366
Ba1Mg2Sb2,0.8466
Ba12Mo24N48,0.0433
Ba4N8O24,3.6327
Ba12Nb24N48,2.1524
Ba4Nd8S16,1.6426
Ba2P8Au4,0.190999999999999
Ba12P24N48,3.9903
Ba4P8O24,5.6525
Ba2Pd4S8,0.7791999999999991
Ba1Sb2O6,2.8606
Ba8Sb16S32,1.5472
Ba8Sb16Se32,1.1026999999999991
Ba4Sc8Te16,0.5092999999999991
Ba1Si6N8,3.2602
Ba4Sm8S16,1.759
Ba4Sm8Se16,1.4344
Ba4Sm8Te16,0.7957000000000001
Ba12Ta24N48,2.658
Ba4Tb8S16,1.7379
Ba4Tb8Te16,1.2848
Ba4Tm8S16,1.7438999999999991
Ba4Tm8Se16,1.380399999999999
Ba4Tm8Te16,1.3203
Ba12V24N48,1.562399999999999
Ba4Y8S16,1.7564000000000002
Ba4Y8Se16,1.4872
Ba4Y8Te16,1.293499999999999
Ba4Zn8As8,0.2974
Ba10I1Br4N5,1.125899999999999
Ba10P6S1O24,3.1879
Ba13Si6Sn8As22,0.7270000000000001
Ba56Al4Sb44,0.7923999999999991
Ba30Zr28Se84,0.2641
Ba32Nb10N38,1.777
Ba16Re6O37,1.511199999999999
Ba17Sr1Sm12Cl68,0.006199999999999
Ba8In20As20,0.2213
Ba84Cd16Bi72,0.3222
Ba84Cd16Sb72,0.731399999999999
Ba6Al3Cu6F33,0.843399999999999
Ba8Al4H28,3.0237
Ba8Al4In4O20,2.0183
Ba8As8O28,3.335
Ba16As16S40,1.6148999999999991
Ba8As8Se20,1.155
Ba4As12O22,3.1926
Ba2As1Au1,0.5211
Ba4B22H14O44,5.657
Ba8B8O20,4.2362
Ba8B16Se52,1.332999999999999
Ba8B20Br4O36,5.3458
Ba8B20Cl4O36,5.2433
Ba8B20H4O40,4.787400000000001
Ba4B12Pb2O24,4.233700000000001
Ba24B12N24Cl12,2.7533000000000003
Ba4Bi4O10,2.012899999999999
Ba4Bi4Se6O4,1.419299999999999
Ba2Bi1Au1,0.422799999999999
Ba2Bi1Sb1O6,1.6958000000000002
Ba4Br4O2,3.2683
Ba2Br1N1,1.1377
Ba2Ca1B6O12,4.9616
Ba2Ca1B2O6,4.080500000000001
Ba4Ca2Pd6O12,1.4866
Ba16Ca8Mo8N32,2.412699999999999
Ba2Ca1Mo1O6,2.258
Ba2Ca1Se1O6,2.01
Ba2Ca1Te1O6,2.9976000000000003
Ba4Ca2U2O12,2.1948
Ba2Ca1W1O6,3.2912
Ba2Cd1B6O12,4.3316
Ba2Cd1B2O6,2.821899999999999
Ba4Cd2As4,0.390299999999999
Ba4Cd2Ge4O14,2.9166
Ba2Cd1Mo1O6,2.5376000000000003
Ba8Cd4S12,2.0892
Ba2Ce1Pa1O6,0.016199999999999
Ba2Ce1Pb1O6,2.3054
Ba2Ce1Pt1O6,1.420399999999999
Ba2Ce1Sn1O6,2.144399999999999
Ba8Co4Ge8O28,2.124
Ba8Co4O16,0.3179
Ba4Co2Si4O14,3.138099999999999
Ba8Cr4O16,1.9086999999999992
Ba8Cu4P24O72,1.1062
Ba2Cu1P2O8,0.258499999999999
Ba8Cu8O20,0.7110000000000001
Ba2Cu1Br1O2,2.307299999999999
Ba2Cu1Cl1O2,2.3029
Ba4Cu2F12,0.8501000000000001
Ba8Cu4I4O8,2.2608
Ba4Cu2Mo4F28,1.4195
Ba8Dy4Bi4O24,1.733099999999999
Ba8Dy4Cl28,4.8933
Ba2Dy1Nb1O6,2.8514
Ba2Dy1Pa1O6,3.462799999999999
Ba2Dy1Sb1O6,3.4688
Ba2Dy1Ta1O6,3.3837
Ba2Dy1U1O6,0.8682999999999991
Ba8Er4Cl28,4.9505
Ba2Er1Nb1O6,2.854199999999999
Ba2Er1Pa1O6,3.4587
Ba2Er1Ru1O6,0.0716
Ba2Er1Sb1O6,3.3776
Ba2Er1Ta1O6,3.393399999999999
Ba2Er1U1O6,0.8790000000000001
Ba2Eu1Mo1O6,0.0479
Ba4Fe2Mo2O12,0.9037
Ba8Fe4O16,1.9953999999999992
Ba8Ga8S20,2.8977
Ba8Ga4As4Se20,1.870299999999999
Ba8Ga4Bi4S20,2.391
Ba8Ga4Bi4Se20,1.7506
Ba16Ga8S32,1.8917
Ba8Ga4Sb4S20,2.396699999999999
Ba8Ga4Sb4Se20,1.806699999999999
Ba4Gd4Si8O26,0.122499999999999
Ba8Gd4Bi4O24,1.5940999999999992
Ba8Gd4Cl28,1.561499999999999
Ba2Gd1Mo1O6,0.9083
Ba2Gd1Nb1O6,2.71
Ba2Gd1Pa1O6,3.1597
Ba4Gd2Ru2O12,0.1467
Ba2Gd1Sb1O6,3.4839
Ba2Gd1Ta1O6,3.307599999999999
Ba2Gd1U1O6,0.8429000000000001
Ba4Ge2Te4Se4,0.8477000000000001
Ba8Ge8Se20,1.4401000000000002
Ba8Ge8Te20,0.6240999999999991
Ba4Ge10Ir8,0.201299999999999
Ba8Ge4As8,0.578599999999999
Ba24Ge12O48,3.7979
Ba8Ge4P8,0.6808999999999991
Ba8Ge4S16,2.2853
Ba4Ge2Se8,1.4121
Ba2H3I1,2.2391
Ba2H6Os1,1.9655
Ba4H12Pt2,1.7589
Ba2H6Ru1,1.8699
Ba8H32Pt4O32,2.4355
Ba2Hf1O4,3.437
Ba2Hf1S4,0.8648
Ba8Hg4S20,1.6693
Ba8Ho4Cl28,4.9186
Ba2Ho1Nb1O6,2.8516
Ba2Ho1Pa1O6,3.4556
Ba2Ho1Ru1O6,0.076
Ba2Ho1Sb1O6,3.4155
Ba2Ho1Ta1O6,3.447999999999999
Ba2Ho1U1O6,0.8731999999999991
Ba4I4O2,3.044099999999999
Ba4In4O10,0.919
Ba16In16S40,1.8678999999999992
Ba8In4Bi4O24,0.208
Ba4In2Bi2S10,1.452899999999999
Ba4In2Bi2Se10,1.061
Ba4In2Br2O6,1.8236999999999992
Ba4In2Cl2O6,1.914499999999999
Ba2In1Cu1O4,1.110799999999999
Ba4In2Ga2O10,1.414499999999999
Ba4In2O6F2,2.046699999999999
Ba2In1Os1O6,0.4224
Ba6In3Ru3O18,0.3628
Ba2In1Sb1O6,0.523999999999999
Ba4In2Sb2Se10,0.768
Ba2La1Ag5S6,1.4647
Ba2La1Bi1O6,1.827799999999999
Ba2La1Nb1O6,3.0639
Ba2La1Pa1O6,3.3736
Ba2La1Ru1O6,0.243699999999999
Ba2La1Sb1O6,3.8961
Ba2La1Ta1O6,3.621299999999999
Ba4Li2B10O20,5.1407
Ba4Li6Ta2N8,2.397
Ba8Li4Ge12,0.0776
Ba4Li2Re2N8,1.7902
Ba2Li1Re1O6,1.8198
Ba8Li4Si12,0.0921
Ba2Lu1Bi1O6,1.4518
Ba2Lu1Nb1O6,2.847899999999999
Ba2Lu1Ru1O6,0.0556
Ba2Lu1Sb1O6,3.2383
Ba2Lu1Ta1O6,3.408899999999999
Ba2Lu1U1O6,2.0388
Ba2Mg1B2O6,4.532399999999999
Ba8Mg4P8O32,4.8917
Ba4Mg6H20,3.161
Ba4Mg2Ge4O14,3.6256
Ba2Mg1H6,2.8864
Ba2Mg1Mo1O6,2.2648
Ba4Mg2Si4O14,4.4529
Ba2Mg1U1O6,2.0335
Ba2Mg1W1O6,3.223099999999999
Ba8Mn4As8O32,2.7135
Ba8Mn4B24O48,3.9788
Ba8Mn4P8O32,3.922
Ba4Mn4Cu2F28,1.1457
Ba16Mn16Si16O72,1.9934
Ba4Mn6Se12O36,0.9861
Ba8Mn4Ge8O28,2.434299999999999
Ba4Mn2Mo2O12,1.265399999999999
Ba8Mn4O12,1.4139
Ba8Mn4Te12,0.825199999999999
Ba8Mn4Te4O24,0.9485999999999992
Ba4Mn2W2O12,2.2267
Ba2N1Cl1,1.1077
Ba2Na1I1O6,2.2417
Ba2Na1Re1O6,1.8688
Ba8Nb8Te4O40,3.0541
Ba2Nb6Te2O21,2.1563
Ba8Nb4Cr4O24,1.582399999999999
Ba4Nb2Fe2O12,1.455
Ba2Nb1In1O6,3.3486
Ba8Nb4N12,1.9547999999999992
Ba2Nb1Rh1O6,0.8889
Ba4Nd4Si8O26,5.046200000000001
Ba2Nd1Bi1O6,1.683
Ba4Nd2Ga2Se10,1.6574
Ba4Nd2In2Se10,1.0692
Ba2Nd1Nb1O6,2.987299999999999
Ba2Nd1Pa1O6,3.4662
Ba2Nd1Ru1O6,0.1501
Ba2Nd1Sb1O6,3.7321
Ba2Nd1Ta1O6,3.4981
Ba2Nd1U1O6,0.897999999999999
Ba8Nd4W4O24,1.7938
Ba8Ni4P8O32,4.0996
Ba4Ni2Mo2O12,2.3514
Ba4Ni2W2O12,3.3409
Ba8P8O28,5.3745
Ba4P14Br2,1.6528
Ba4P14I2,1.766299999999999
Ba2P1Cl1,1.2602
Ba8P4I4O16,4.378
Ba2Pa1In1O6,3.3095
Ba8Pb4,0.028799999999999
Ba2Pb1O4,1.2232
Ba4Pd2F12,1.7554
Ba2Pr1Bi1O6,1.759999999999999
Ba4Pr2Nb2O12,2.9791
Ba2Pr1Pa1O6,3.4661
Ba4Pr2Ru2O12,0.1636
Ba2Pr1Sb1O6,3.711999999999999
Ba2Pr1Ta1O6,3.4861
Ba2Pu1Pb1O6,0.437999999999999
Ba2Pu1Zn1O6,0.6585000000000001
Ba4Re12S22,1.338499999999999
Ba8Sb8O20,2.5904
Ba16Sb24,0.3248
Ba4Sc4O10,2.851399999999999
Ba2Sc1Cu1O4,2.0282
Ba2Sc1Nb1O6,2.5719000000000003
Ba2Sc1O3F1,3.5461
Ba2Sc1Pa1O6,3.3981
Ba2Sc1Ta1O6,3.0173
Ba2Sc1U1O6,0.8326000000000001
Ba8Si12Ag4,0.051099999999999
Ba8Si12O32,4.8327
Ba4Si10N16,2.881599999999999
Ba8Si4O16,4.6319
Ba8Si4S16,3.0012
Ba4Si2Se8,2.278399999999999
Ba4Si2Te8,1.1029
Ba8Sm4Bi4O24,2.4961
Ba4Sm2Ga2Se10,1.7080000000000002
Ba2Sm1Mo1O6,0.9085
Ba8Sm4Nb4O24,2.907499999999999
Ba2Sm1Os1O6,0.0705
Ba2Sm1Pa1O6,3.4592
Ba2Sm1Sb1O6,3.605399999999999
Ba2Sm1Ta1O6,3.3634
Ba2Sm1U1O6,0.8488999999999991
Ba8Sm4W4O24,1.7704
Ba2Sn1Hg1,0.0374
Ba2Sn1O4,2.442199999999999
Ba8Sn4S12F8,2.4412000000000003
Ba8Sn4S16,1.955099999999999
Ba8Sn4Se12F8,2.0002
Ba8Sn4Se16,1.264599999999999
Ba32Sn16Se80,1.0872
Ba2Sr1Se1O6,2.3123
Ba2Sr1Te1O6,3.129199999999999
Ba4Sr2U2O12,2.2855
Ba2Sr1W1O6,3.2504
Ba4Ta4O14,2.9471
Ba2Ta6Te2O21,2.8259
Ba2Ta1Bi1O6,2.536299999999999
Ba8Ta4Cr4O24,2.2009
Ba4Ta2Fe2O12,1.862299999999999
Ba2Ta1In1O6,3.945899999999999
Ba8Ta4N12,2.0155
Ba2Ta1Tl1O6,2.241
Ba2Tb1Bi1O6,1.7302
Ba2Tb1Nb1O6,2.9923
Ba2Tb1Pa1O6,3.464899999999999
Ba2Tb1Sb1O6,3.507199999999999
Ba2Tb1Ta1O6,3.512799999999999
Ba2Tb1W1O6,1.6795
Ba4Te2O2,1.783
Ba4Te2P4O18,3.4372
Ba2Th1Cu2S5,0.9
Ba2Th1Cu2Se5,0.7546
Ba4Th2S12,1.3091
Ba4Ti2Ge4O16,3.7129
Ba4Ti2Si4O16,3.7274
Ba8Ti4O16,4.144
Ba8Ti4S16,2.096799999999999
Ba4Tl2H14O14,2.4953
Ba8Tl8O20,0.6503999999999991
Ba8Tl4F28,3.126
Ba2Tm1Nb1O6,2.8502
Ba2Tm1Pa1O6,3.4494
Ba2Tm1Ru1O6,0.0645
Ba2Tm1Ta1O6,3.4065
Ba16U8As16O80,2.2615
Ba4U2P4O20,2.1977
Ba4U4O14,0.5051
Ba2U1Cd1O6,1.8464
Ba2U1Cr1O6,0.9356999999999992
Ba2U1Fe1O6,0.5156000000000001
Ba2U1In1O6,0.6779000000000001
Ba2U1Mn1O6,0.0613
Ba2U1Ni1O6,1.6246
Ba2U1Zn1O6,1.786299999999999
Ba4V2Si4O16,2.6343
Ba2V2Cu1F12,0.7418
Ba8V8O28,3.4599
Ba8V12Bi4O44,3.0455
Ba4V6H2O18,1.9502
Ba8V16Cd12O60,2.9086
Ba2V1Cu2F12,0.6976000000000001
Ba8V4N12,1.3876
Ba8V4O16,1.5455
Ba8V4P8O36,2.5501
Ba8W4O20,3.1569
Ba2Y1Ag5S6,1.365799999999999
Ba8Y4Bi4O24,1.758499999999999
Ba8Y4Co4O20,1.5617
Ba8Y4Fe4O20,2.8847
Ba2Y1Nb1O6,2.8514
Ba2Y1Os1O6,0.055099999999999
Ba2Y1Pa1O6,3.491999999999999
Ba2Y1Ru1O6,0.0903
Ba2Y1Sb1O6,3.5377
Ba2Y1Ta1O6,3.463899999999999
Ba2Y1U1O6,0.8651999999999991
Ba8Y4W4O24,1.7928000000000002
Ba2Yb1Mo1O6,2.2435
Ba2Yb1U1O6,2.1684
Ba16Zn8B16O48,3.332799999999999
Ba2Zn7F18,4.050499999999999
Ba4Zn2As4,0.6404000000000001
Ba4Zn2Bi4,0.082399999999999
Ba4Zn2Ge4O14,3.1063
Ba2Zn1Mo1O6,2.385199999999999
Ba2Zn1N2,0.4771
Ba8Zn4O12,2.6704
Ba8Zn4S12,2.0208
Ba4Zn2Sb4,0.2922
Ba4Zn2Si4O14,4.0027
Ba2Zn1Te1O6,0.444399999999999
Ba2Zn1W1O6,3.3679
Ba2Zr6B1Cl17,1.0883
Ba8Zr4F32,5.9376
Ba2Zr1O4,2.9787999999999992
Ba2Zr1Sn1O6,3.6894
Ba12Al8As16,1.0493
Ba12Al8N16,1.566199999999999
Ba12Al8P16,1.2821999999999991
Ba3As2O8,3.906
Ba12B8N16,2.5859
Ba6B4O12,4.4465
Ba6Ga4S12,2.678199999999999
Ba3H12Ir2,3.1535
Ba6In4P8,1.1092
Ba12Na8Sb16,0.700399999999999
Ba3P2O8,5.1422
Ba12P8S32,2.533599999999999
Ba9Sb6O18,2.9311
Ba6Si8P12,0.405299999999999
Ba6Si4As8,0.8265
Ba12Sn8As16,0.851499999999999
Ba12Sn8P16,0.9956
Ba9Ta6S24,1.108
Ba18Al18As30,1.293599999999999
Ba18Al18P30,1.4661
Ba12Al4As12,0.6837999999999991
Ba12Al4H4O16,4.0379
Ba12Al4P12,0.670099999999999
Ba12Al4Sb12,0.555099999999999
Ba6As28,1.2631
Ba12B4Br12O12,3.7561
Ba6B12H4O26,5.0891
Ba6B12O22F4,5.2435
Ba6B2As2O6,1.523299999999999
Ba6B2P2O6,1.4667
Ba12Bi4Cl12O12,3.628699999999999
Ba6Bi4P8O32,3.8047
Ba6Bi4Ru2O18,0.4466
Ba6Bi4Te2O18,2.1188
Ba6Bi12Pb2Se26,0.8085
Ba6Bi2N2,0.6466000000000001
Ba6Ca4Si4N12,1.565
Ba12Ca12Mo8N32,2.2313
Ba6Ca2Bi4O18,0.250399999999999
Ba3Ca1Nb2O9,2.646
Ba6Ca2Sb4O18,3.1711
Ba3Ca1Ta2O9,3.1979
Ba6Co2C6N6,0.7976999999999991
Ba6Cr4O16,1.1478
Ba6Cr4O16,0.3043
Ba18Dy6B18O54,3.8533
Ba12Dy8P16S64,2.418999999999999
Ba6Dy4Mo2O18,1.3959
Ba6Dy4W2O18,2.2084
Ba18Er6B18O54,3.859899999999999
Ba12Er8P16S64,2.4204
Ba6Er4Mo2O18,2.063
Ba6Eu2Ru4O18,0.0215
Ba6Fe4Br4O10,2.4063
Ba6Fe4Cl4O10,2.4471
Ba6Fe4Te2O18,1.701299999999999
Ba6Fe4W2O18,1.515899999999999
Ba18Ga18P30,1.2456
Ba6Ga8O18,3.0829
Ba24Ga8As24,0.6858000000000001
Ba6Ga2N6,0.361899999999999
Ba12Ga4P12,0.601
Ba12Ga4S16Br4,3.0328
Ba12Ga4S16Cl4,3.1691
Ba24Ga8Sb24,0.3414
Ba12Gd8P16S64,1.404399999999999
Ba3Ge2B6O16,4.1759
Ba12Ge4O4,0.153
Ba12Ge4O20,3.2649
Ba12Ge4S20,2.0632
Ba3Hf2O7,3.5653
Ba6Hf2Ta8O30,2.4646999999999992
Ba18Ho6B18O54,3.822199999999999
Ba12Ho8P16S64,2.4239
Ba6Ho4Mo2O18,2.1402
Ba6In2B6O18,3.493699999999999
Ba12In8H48O48,3.2724
Ba6In4P8O32,3.7254
Ba6In4F24,4.5144
Ba3In2Mo1O9,1.8273
Ba3In2O6,0.598399999999999
Ba6In4W2O18,2.6734
Ba12In4As12,0.5236000000000001
Ba6In2Ir4O18,0.016399999999999
Ba6Ir2C6N6,0.6643
Ba6Ir2N6,0.011199999999999
Ba18Lu6B18O54,3.8606
Ba3Lu2Mo1O9,1.898299999999999
Ba3Lu4O9,3.1681
Ba3Mg1Nb2O9,2.647999999999999
Ba6Mg2Sb4O18,2.6494
Ba3Mg1Ta2O9,3.2733
Ba6Mn4O16,1.6908999999999992
Ba12Mn4Nb8O36,1.7737999999999992
Ba6Mn2Sb4O18,1.5103
Ba6Mo4P8O36,2.391499999999999
Ba24Mo8N32,1.9187999999999992
Ba6Na4Cr8F40,3.5814
Ba6Na6C10O30,0.007099999999999
Ba6Na2Bi2O12,1.7096
Ba6Na2Nb2O12,3.0766
Ba6Na2Ru2O12,0.528099999999999
Ba6Na2Sb2O12,2.8068
Ba6Na2Ta2O12,3.4044
Ba3Nb2Cd1O9,2.8138
Ba12Nb8Ni4O36,2.680799999999999
Ba3Nb2O8,4.499700000000001
Ba3Nb2Zn1O9,2.7287
Ba3Nb6Si4O26,2.281
Ba12Nb4As12O4,1.255
Ba6P28,1.8930999999999991
Ba24P16,0.250799999999999
Ba12P12Cl4O40,5.1465
Ba6P8,0.483899999999999
Ba3P6N8O6,4.549800000000001
Ba3Pu1O6,0.3789
Ba6Rh2C6N6,0.626599999999999
Ba6Ru2N6,0.6312000000000001
Ba12Sb8O4,0.359399999999999
Ba12Sb8S28,1.9021999999999992
Ba12Sb8Se28,0.9106
Ba12Sb16O4,0.301299999999999
Ba12Sb4I12,1.4021
Ba6Sb2N2,0.455499999999999
Ba18Sc6B18O54,3.4727
Ba3Si2B6O16,5.4031
Ba3Si6N2O12,4.6093
Ba3Si6N4O9,4.372
Ba12Si4I8,0.2502
Ba12Si4O4,0.421699999999999
Ba12Si4S20,3.0219
Ba6Sm2In2S12,1.9722
Ba6Sn4O14,2.4833
Ba6Sn4O14,1.820699999999999
Ba12Sn8S28,2.3703
Ba6Sr2Nb4O18,3.0998
Ba6Sr2Sb4O18,3.1456
Ba6Sr2Ta4O18,4.0225
Ba3Ta2Cd1O9,3.4856
Ba3Ta2Co1O9,2.229399999999999
Ba12Ta8Mn4O36,2.3396
Ba12Ta8Ni4O36,3.3673
Ba12Ta8Se36,1.202
Ba3Ta2Zn1O9,3.348799999999999
Ba6Ta8Ti8O42,2.1932
Ba6Ta8Ti2O30,2.3532
Ba3Ta6Si4O26,3.0288
Ba6Ta12Fe4O42,2.2005999999999992
Ba12Ta4As12O4,1.3151
Ba18Ta6N18Cl12,1.9944
Ba6Tb2B18O36,5.161799999999999
Ba12Tb8P16S64,2.4175
Ba6Tb4W2O18,2.3808
Ba6Te4O18,2.381599999999999
Ba12Te12Br8O32,3.2962
Ba6Te8O22,3.250099999999999
Ba3Th1Se7,0.923
Ba6Ti2Fe4O18,0.2463
Ba6Tm2B18O36,5.2609
Ba18Tm6B18O54,3.8436
Ba3Tm4O9,3.2767
Ba3Tm4O9,3.7874
Ba6U2Ag2S12,0.6431
Ba6U2Fe4O18,1.0145
Ba6U2In4O18,1.5562
Ba3V2O8,3.7465
Ba6V8P12O48,2.037899999999999
Ba6V8O26,2.9577
Ba6V8Pb2O28,3.1539
Ba6W2Cl4O10,3.9374
Ba24W8N32,2.03
Ba6W2O12,3.151399999999999
Ba18Y6B18O54,3.815299999999999
Ba12Y8B24O60,4.5169
Ba6Y4Mo2O18,1.569
Ba6Y4W2O18,2.3881
Ba6Zn10In4O22,1.772599999999999
Ba6Zn2Sb4O18,1.968499999999999
Ba3Zr2O7,2.6976
Ba12Zr8S28,1.005799999999999
Ba6Zr12Be2Cl36,1.0135
Ba12Pt9O27,1.5148
Ba8Ag2Au2O12,1.8623
Ba32Al16O56,3.6788
Ba4As2O1,0.669299999999999
Ba4Bi2O1,0.2841
Ba8Bi6F34,5.0306
Ba8Br12O2,4.1652000000000005
Ba4Ce1Mn3O12,1.9704
Ba8Cl12O2,4.3647
Ba4Co1Re2O12,1.536
Ba24Ga12O42,3.4462
Ba32Ge8As32,0.8220000000000001
Ba32Ge8P32,1.0088
Ba8Hf6O20,3.531699999999999
Ba8I12O2,3.9787
Ba8In4Te4S10,2.0642
Ba16In4Ag4S24,1.6864
Ba4In1Sb1O8,2.3682
Ba4Li1Bi3O12,0.5661
Ba4Li1Sb3O12,1.454399999999999
Ba8Li4Cd6As12,0.349899999999999
Ba8Li4Cd6P12,0.4853
Ba16Li4Mo8N28,1.842999999999999
Ba8Li2Nb6O24,2.579799999999999
Ba8Li2Ta6O24,3.113299999999999
Ba16Li4W8N28,2.050699999999999
Ba8Mg2Si4N12,1.6168
Ba4Mg1Ta10O30,2.4682
Ba4Na1B3N6,2.0441
Ba32Na8B24O72,3.9753
Ba4Na1Bi3O12,0.2816
Ba4Na1Sb3O12,1.5158
Ba4Na2W2O11,3.6266
Ba24Nb12O18F72,3.3512
Ba8Nb4O18,3.5089
Ba4Nb2W1O12,2.7361
Ba16Nb4Fe4O32,2.7302
Ba8P4O2,1.0411
Ba32P24,0.7701
Ba8Pd2O12,1.273
Ba8Pt2O12,1.8103999999999991
Ba4Re2Ni1O12,1.8907
Ba4Sb2O1,0.6382000000000001
Ba8Sb4O18,2.8294
Ba16Sb16Se44,1.138399999999999
Ba4Sc2Cu2O9,0.5834
Ba16Si12Br8,0.432199999999999
Ba32Si8As32,1.0362
Ba32Si8P32,1.0893
Ba8Si2Sb4Se22,0.868599999999999
Ba8Sn6O20,1.404399999999999
Ba4Ta10Co1O30,2.4312
Ba4Ta10Fe1O30,2.040699999999999
Ba16Ta8O36,3.9585
Ba8Ti26O60,2.529499999999999
Ba8Ti4Pt2O20,1.9973
Ba32Ti8As32,1.0537
Ba32Ti8P32,1.0636
Ba8U16As4O66,1.5822999999999992
Ba8W2N8Cl4,2.2089
Ba10Ga12H4,0.6019000000000001
Ba10Ga12H4,0.373499999999999
Ba20I8O48,2.4411
Ba20In16Sb24,0.4508
Ba10Ru4O20,0.228099999999999
Ba10Ti4N12,1.4748
Ba20Al4Ru8O44,0.0786
Ba10As6Cl2O24,3.995999999999999
Ba10B6Br2O18,3.781399999999999
Ba10B6Cl2O18,3.7311
B48O132Ba60,3.7594
Ba10Cr6Cl2O24,1.0844
Ba10Cr6O24F2,1.0051
Ba10Cr6O26,0.699299999999999
Ba10Cr2N10,0.1251
Ba15Cu12Cl3F51,0.106199999999999
Ba5Er8Ni4O21,2.4221
Ba20Ga4Ru8O44,0.0642
Ba10Li4Te6O30,1.211199999999999
Ba10Li4W6O30,2.291499999999999
Ba10Li4U6O30,1.2725
Ba10Mn6Cl2O24,1.7323
Ba10Mn6O24F2,1.8397
Ba10Mn10O28,1.0239
Ba10Na4Ru6O28,0.1436
Ba10Nb6O6F40,0.7117
Ba5Nb4O15,2.5999
Ba5Nd8Mn4O21,1.9202999999999992
Ba10Os6Cl2O30,0.6088
Ba10Os6N2O36,0.6002999999999991
Ba10P6Br2O24,4.963699999999999
Ba10P6Cl2O24,5.044399999999999
Ba10P6O24F2,5.064
Ba10P8,0.9422
Ba15Pt6O27,1.6295000000000002
Ba10Re6Br2O30,2.54
Ba10Re6Cl2O30,2.5265
Ba10Re6I2O30,1.9989
Ba10Re6N2O36,2.306499999999999
Ba10Re6O32,0.5103
Ba10Ru4Br4O18,0.4718
Ba10Sb8,0.264899999999999
Ba10Si2Br12O8,4.3819
Ba10Si2Cl12O8,4.6525
Ba5Sm8Mn4O21,1.9766999999999992
Ba10Ta4Cl4O18,3.5204
Ba5Ta4O15,3.0865
Ba5Tm8Ni4O21,2.3991
Ba10V6Cl2O24,4.0709
Ba10V6H2O26,3.9795
Ba10V10O28,1.324899999999999
Ba6Bi2Te3O18,2.0681
Ba6Cu11F34,0.2531
Ba12Dy4Al8O30,3.928
Ba12Dy4Ga8O30,3.5896
Ba12Er4Ga8O30,3.7436
Ba12Gd2Re6O36,1.938899999999999
Ba12Gd4Al8O30,3.431899999999999
Ba12Gd4Fe8O30,2.1756
Ba12Gd4Ga8O30,3.398599999999999
Ba12Ho4Ga8O30,3.553099999999999
Ba12La4Fe8O30,2.396199999999999
Ba6Lu2W3O18,2.9903
Ba12Lu4Al8O30,3.8537999999999992
Ba12Lu4Ga8O30,3.4879
Ba6Mg7H26,2.9959
Ba12Na4Si8O30,4.4294
Ba12Na2Cu6Te28,0.6019999999999991
Ba24Nb16S52O12,2.3692
Ba12Nd4Al8O30,3.9421
Ba12Nd4Fe8O30,2.3557
Ba12Nd4Ga8O30,3.649499999999999
Ba12Pr4Fe8O30,2.368999999999999
Ba12Pr4Ga8O30,3.657999999999999
Ba12Pr6I38,1.0187
Ba24Si100,0.043199999999999
Ba12Sm4Al8O30,3.941899999999999
Ba12Sm4Ga8O30,3.6226
Ba24Sn24Se52,9.999999999976698e-05
Ba12Sn14S40,1.3643
Ba12Tb4Al8O30,3.9253
Ba12Tb4Ga8O30,3.5957
Ba24Te40Br8O100,3.0197
Ba6Ti5Pt1O18,2.0101
Ba12Ti10S30O2,0.696499999999999
Ba12Tm4Al8O30,3.888499999999999
Ba12Tm4Ga8O30,3.5153
Ba12Y2Re6O36,1.9671
Ba12Y4Al8O30,3.9211
Ba12Y4Co8O30,1.209299999999999
Ba12Y4Fe8O30,2.4647
Ba12Y4Ga8O30,3.6041
Ba12Y4Ti8O34,2.6243
Ba24Zn4In8Cl80,3.5151
Ba7Al64O103,4.252400000000001
Ba14B8S26,2.5225
Ba14B8Se26,2.1858
Ba7Ca2Mn5O20,0.7955000000000001
Ba14Cu6H34,1.4921
Ba7Mn1Fe6F34,2.1105
Ba14Sc12Al4O38,2.420699999999999
Ba14Sr10Mo8N32,2.0781
Ba8Al10B12O41,4.4373000000000005
Ba32B20N40F4,2.308
Ba8Bi4H2O1,0.5652
Ba8Bi4O17,0.9074
Ba8Ce3Sb4O24,1.8772
Ba8Eu1B6N12,0.3669
Ba8Mn8O21,0.8045
Ba8P5Br1,1.308799999999999
Ba8Sb4H2O1,0.636999999999999
Ba32Sb24S68,1.687999999999999
Ba8Si43Ni3,0.028699999999999
Ba32Si24Sn4,0.258899999999999
Ba64Sn32S120,2.0442
Ba16U4Pd2Se32,0.353299999999999
Ba8Zr3Sb4O24,3.0097
Ba36Au8O48,1.8544
Ba18U8Ag20S48,0.4032
Ba4Ag4P12O36,3.243999999999999
Ba1Ag2Ge1S4,0.5960999999999991
Ba1Ag2Ge1Se4,0.035
Ba1Ag2Sn1S4,0.3679
Ba1Ag2Sn1Se4,0.065399999999999
Ba2Ag2P2,0.1217
Ba2Ag2S2F2,1.4324
Ba2Ag2Sb2,0.0415
Ba4Ag4Sb4S12,1.422899999999999
Ba2Ag2Se2F2,1.269299999999999
Ba2Ag2Te2F2,1.510999999999999
Ba4Al8Ge8O32,4.0798
Ba4Al8Si8O32,4.819699999999999
Ba1Al2B2O7,4.6477
Ba8Al16O32,4.1027
Ba1Al2Sb2O7,3.4109
Ba2Al8Sb4O24,3.249899999999999
Ba2Al8S14,3.1571
Ba1Al1Ge1H1,0.7492999999999991
Ba4Al4H20,2.7537000000000003
Ba1Al1Si1H1,0.709299999999999
Ba6As12,0.414499999999999
Ba4As8F48,3.988299999999999
Ba1As2Xe5F22,2.601099999999999
Ba16As16H16O64,3.929999999999999
Ba1Au2S4O16,1.785299999999999
Ba2B8Sb4O24,3.3759
Ba8B32O56,5.3277
Ba4B32H16O60,5.6377
Ba4B32O52,5.7813
Ba4B4As4F40,5.0288
Ba3B3As3O15,3.543599999999999
Ba2B2Cl2F8,5.9817
Ba3B3P3O15,5.495
Ba4B4Sb4S16,2.3423
Ba2Be4B4O12,5.3821
Ba1Be2P2O8,5.1229
Ba2Be4Si4O14,5.5695
Ba1Be1Si1O4,4.6114
Ba4Bi8B16O40,3.4493
Ba2Bi4Mo8O32,3.0997
Ba1Bi6P4O20,3.427599999999999
Ba4Bi4B4O16,3.5528
Ba2Bi2Br2O4,3.069099999999999
Ba2Bi2Cl2O4,3.177399999999999
Ba4Bi4F28,0.3525
Ba4Bi4F28,2.5411
Ba2Bi2I2O4,2.947
Ba2Bi2N2O10,2.219299999999999
Ba8Bi8Se24,0.9943999999999992
Ba4Br8,4.3731
Ba4Br4Cl4,4.6793
Ba2Br2F2,4.8824000000000005
Ba6C12N12O12,4.5717
Ba1C1N2,2.8508
Ba4C4O12,4.397399999999999
Ba1Ca1Ga4O8,3.0678
Ba4Ca4P16O48,5.7286
Ba4Ca8P24N48,4.172000000000001
Ba8Ca16W8N32,2.578899999999999
Ba4Ca16Co8N16,0.2914
Ba4Ca16Cu8N16,0.218799999999999
Ba8Ca8B16O40,4.4673
Ba4Ca4Cr4F28,3.7209
Ba4Ca4Ge4,0.181299999999999
Ba4Ca4Pb4,0.2152
Ba4Ca4Si4,0.1767
Ba4Ca4Sn4,0.2437
Ba4Cd4P16O48,4.5835
Ba2Cd2As4O14,2.5654
Ba2Cd2As2F2,0.9586
Ba4Cd4Ga4F28,4.4668
S32Ge8Cd8Ba8,2.6727
Ba4Cd4O8,0.9746999999999992
Ba2Cd2P4O14,3.5826
Ba2Cd2Sb2F2,0.289699999999999
Ba8Cd8Sn8S32,2.196399999999999
Ba2Ce2N4,0.6481
Ba4Ce4O12,2.2207
Ba1Cl2,5.4291
Ba2Cl2F2,5.4317
Ba2Co4P4O16,2.284099999999999
Ba4Co8Si8O28,0.044799999999999
Ba3Co3O6,0.3967
Ba2Co2P4O14,2.418199999999999
Ba4Cr4Si16O40,3.4476
Ba1Cr2P4O14,3.1307
Ba4Cr8O16,2.2386
Ba8Cr16O56,2.6252
Ba4Cr4F20,3.5561
Ba4Cr4N8,0.0102
Ba4Cr4O16,2.9695
Ba2Cr2P4O14,0.0343
Ba2Cu2Se4O12,0.3659
Ba3Cu6Ge3S12,0.973599999999999
Ba3Cu6Ge3Se12,0.3567
Ba3Cu6Sn3S12,0.384299999999999
Ba2Cu4Sn2Se8,0.452999999999999
Ba2Cu8S6,0.030799999999999
Ba4Cu4As8O28,0.6804999999999991
Ba2Cu2Se2F2,1.4265
Ba4Dy8O16,3.560699999999999
Ba2Dy4Si6O20,4.8053
Ba2Dy2Cu2Te6,0.5186000000000001
Ba4Er8O16,3.6265
Ba2Er4Si6O20,4.8348
Ba2Er8Si10O34,4.782
Ba2Er2Ag2Se6,1.3771
Ba2Er2Cu2S6,1.157499999999999
Ba2Er2Cu2Se6,0.9489
Ba2F6,0.7896000000000001
Ba1Fe2P4O14,1.7887
Ba2Fe4P4O16,2.1328
Ba2Fe4Se8O24,1.8294
Ba4Fe8Pb4O20,1.3233
Ba2Fe6P6O24,1.1157
Ba8Fe8F40,3.7113
Ba4Ga8Ge8O32,3.246499999999999
Ba4Ga8Si8O32,4.1576
Ba2Ga4B4O14,3.984199999999999
Ba1Ga2Ge1S6,2.7663
Ba1Ga2Si1S6,3.0907
Ba2Ga8O14,2.5768
Ba2Ga8S14,2.58
Ba4Ga4F20,5.7568
Ba1Ga1Ge1H1,0.0661
Ba2Ga2H10,3.1292
Ba1Ga1Si1H1,0.4792
Ba1Ga1Sn1H1,0.0524
Ba4Gd8O16,2.8146
Ba2Gd4Pd2O10,0.0275
Ba4Gd8Sc8O28,2.9688
Ba2Gd4Si6O20,0.145799999999999
Ba2Gd2Cu2S6,1.0862
Ba2Gd2Cu2Se6,0.8826
Ba2Gd2Cu2Te6,0.503099999999999
Ba1Ge1P2O8,4.1615
Ba4Ge4S24O84,4.003
Ba8Ge16,0.5255000000000001
Ba4Ge8S20,2.277999999999999
Ba3Ge12O27,3.0551
Ba2Ge14N20,2.1552
Ba1Ge1F6,5.6043
Ba16Ge16N32,2.4971
Ba4Ge4O12,3.5519
Ba4Ge4Pb4O16,3.4303
Ba8Ge8S24,2.4497
Ba4H8,2.8697
Ba2H8O6,4.2591
Ba2H10Br2O6,4.7616
Ba2H10Cl2O6,4.9758
Ba4H32O20,5.107
Ba2H2Br2,3.2113
Ba4H4Br4O4,4.2077
Ba2H2Cl2,3.4827
Ba4H4Cl4O4,4.8576
Ba2H2I2,2.811099999999999
Ba4H4I4O4,3.936199999999999
Ba2Hf2B4O12,4.7103
Ba1Hf1P2O8,4.9273
Ba2Hf2Si6O18,4.6887
Ba2Hf2N4,1.2537
Ba1Hf1O3,3.5394
Ba4Hf4S12,1.252399999999999
Ba4Hg8Cl8O8,1.610999999999999
Ba2Hg2As4O14,1.4956
Ba1Hg1O2,2.2727
Ba6Hg6Ru6O30,0.3504
Ba4Hg4S8,1.1569
Ba4Ho8O16,3.2256
Ba2Ho8Si10O34,4.770399999999999
Ba4I8,3.4525
Ba4I4Br4,3.542299999999999
Ba2I2F2,4.0263
Ba2In4P8O28,4.004799999999999
Ba2In2Cu2F14,1.3409
Ba8In8F40,4.7954
Ba4La4Bi8S24,0.837299999999999
Ba4La4Sb8Se24,0.6452999999999991
Ba2La4Si4S16,2.7289000000000003
Ba4La8O16,3.1295
Ba2La4Pd2O10,2.3421
Ba2La4Pt2O10,2.4067
Ba4La8Sc8O28,3.6458
Ba2La4Te10O28,3.2436
Ba4La8W4O28,3.3342
Ba2La4Zn2S10,1.4565
Ba2La2Ag2Se6,1.6435
Ba2La2Ag2Te6,1.2931
Ba4La4Cu4S12,1.0948
Ba4La4Cu4Se12,1.205299999999999
Ba4La4Cu4Te12,0.8131
Ba2La2Ga6O14,3.3009
Ba2Li2B18O30,5.7835
Ba2Li2B6S12,2.8597
Ba6Li12Si6O24,4.3955
Ba4Li8Ti24O56,2.9428
Ba1Li1As1,0.5928
Ba4Li4B4O12,4.489000000000001
Ba4Li4B4S12,2.1532
Ba4Li4Cr4F24,3.9628
Ba1Li1H3,2.2146
Ba2Li2P2,0.9631
Ba2Li2Sb2,0.6946999999999991
Ba2Lu4Si6O20,4.830500000000001
Ba1Mg2Fe1H8,1.447099999999999
Ba2Mg4H16Ru2,1.910699999999999
Ba4Mg8Si8O28,4.558
Ba4Mg8V8O32,3.5789
Ba4Mg4Cu4F28,0.2498
Ba4Mg4Mo4F28,4.7534
Ba4Mg4P8O28,5.5594
Ba4Mg4V4F28,2.529
Ba4Mn8Si8O28,2.6464
Ba4Mn8V8O32,2.2123
Ba3Mn15S18O72,4.3486
Ba2Mn16O32,0.772899999999999
Ba4Mn4F20,2.639
Ba3Mn3O9,0.8952999999999991
Ba4Mn4P8O28,3.984
Ba8Mn8Sn8Se32,0.9066
Ba1Mo1P2O8,1.704199999999999
Ba2Mo4P8O28,3.9317
Ba2Mo4P4O24,3.0078
Ba2Mo4P6O28,1.869699999999999
Ba2Mo4Se4O22,2.5898
Ba2Mo2O8,3.7927
Ba12Na12,0.087899999999999
Ba2Na2B18O30,5.6048
Ba4Na4P12O36,5.6086
Ba4Na4B20O36,5.1816
Ba2Na2B2O6,3.6487
Ba3Na3Bi3,0.2355
Ba4Na4Cr8F36,3.5815
Ba8Na8Cr8F48,4.3208
Ba8Na8Fe8F48,4.059
Ba1Na1H6Ir1,3.223099999999999
Ba3Na3P3,0.8555
Ba2Na2P2O8,4.6009
Ba8Na8V8F48,2.5539
Ba4Na4V4S16,1.5001
Ba2Nb4O12,3.016
Ba2Nb4O12,2.6146000000000003
Ba1Nb2V2O11,2.1233
Ba1Nb2Xe5F22,2.6409
Ba4Nb32O56,0.325099999999999
Ba4Nd4Sn8S24,0.3689
Ba4Nd8Be4O20,3.875499999999999
Ba1Nd2Co1O5,1.405899999999999
Ba1Nd2Ni1O5,1.9985
Ba4Nd8O16,3.097299999999999
Ba2Nd4Pd2O10,2.219099999999999
Ba2Nd4Pt2O10,2.5077
Ba4Nd8Sc8O28,3.5251
Ba2Nd2Ag2S6,1.6623
Ba4Nd4Cu4S12,1.3142
Ba2Nd2Cu2Te6,0.513899999999999
Ba2Ni4As4O16,2.8416
Ba2Ni2F8,4.6572
Ba1Ni1F6,0.4727
Ba2Ni2O6,1.469199999999999
Ba4Ni4P8O28,3.3322000000000003
Ba2Np2H6O12,1.458699999999999
Ba4Np4O16,0.510799999999999
Ba1O1,2.0906
Ba1O2,2.2352
Ba6P12,0.5585999999999991
Ba2P4H8O8,5.2848
Ba4P8H16O32,5.801
Ba4P8Xe16F80,2.702499999999999
Ba4P8Pb4O28,4.3622
Ba4P8Pd4O28,0.7159999999999991
Ba2P6,0.5735
Ba4P12Pt8,0.129199999999999
Ba4P16O44,5.3808
Ba8P8O24F8,5.25
Ba4P4Pd4,0.295599999999999
Ba4P4S12,3.1164
Ba4P4Se12,2.1651
Ba2Pb6O8,2.0029
Ba1Pb1F6,2.8927
Ba2Pb2O6,0.199299999999999
Ba1Pd1I4O12,1.905799999999999
Ba2Pd2Se4O12,1.6510999999999991
Ba2Pd2F8,1.4527
Ba2Pd2S4,0.3649
Ba4Pr4Sn8S24,0.3729
Ba1Pr2Ni1O5,2.167399999999999
Ba4Pr8O16,3.0759
Ba2Pr4Pd2O10,2.138899999999999
Ba4Pr8Sc8O28,3.543299999999999
Ba2Pr2Cu2Te6,0.5658000000000001
Ba12Pt24S36,1.3649
Ba4Re8H8O36,3.9278999999999993
Ba4Re8O36,0.4154
Ba2Re2H18,3.8349
Ba4Re4N12,1.7855
Ba1Ru2Xe5F22,1.239299999999999
Ba6Ru6O30,0.895899999999999
Ba1S1,2.1488
Ba2S4,1.598199999999999
Ba2S6,1.391299999999999
Ba2S8O26,4.6756
Ba4S4O16,5.950699999999999
Ba1Sb2F12,4.393800000000001
Ba1Sb2Xe5F22,2.5745
Ba2Sb2Cl2O4,2.881
Ba4Sb4F20,4.7525
Ba8Sb8Te24,0.620699999999999
Ba6Sc12O24,3.9283
Ba2Sc4Si6O20,4.758
Ba8Sc24Ag8S48,1.4793999999999992
Ba2Sc2Cu2S6,0.8353
Ba1Se1,1.948799999999999
Ba2Se4,0.6166
Ba4Se8O20,3.3889
Ba2Se6,0.926
Ba2Se2O6,3.886599999999999
Ba4Se4O16,3.7215
Ba8Si8S48O168,5.2901
Ba8Si16,0.7812999999999991
Ba4Si8B8O32,5.5233
Ba4Si8N8O8,3.0102
Ba4Si8O20,4.7582
Ba2Si6Sn2O18,3.7306
Ba1Si6N8O1,4.2279
Ba2Si14N20,3.9124
Ba2Si18Rh4,0.1793
Ba4Si4N8,2.9202
Ba6Si6O18,4.6708
Ba1Sm2Co1O5,1.4676
Ba4Sm8O16,3.184599999999999
Ba2Sm4Pd2O10,2.032
Ba4Sm8Sc8O28,3.534
Ba2Sn2Ge6O18,2.7866
Ba4Sn4H24O24,3.655999999999999
Ba1Sn1P2O8,3.703499999999999
Ba2Sn4H4O8,2.102
Ba6Sn12S18,1.569499999999999
Ba2Sn2F8,3.6599
Ba1Sn1F6,4.9883
Ba2Sn2Hg2S8,1.8593
Ba1Sn1O3,0.372399999999999
Ba4Sn4S8,1.638
Ba4Sr8P24N48,4.265599999999999
Ba1Sr3Co4O12,0.0437
Ba2Sr8U6O28,2.0784
Ba2Sr2Ta4O14,2.1929
Ba12Ta24O72,2.1161
Ba8Ta8F56,5.3839
Ba4Tb8O16,3.2062
Ba2Tb2Ag2Te6,0.7735000000000001
Ba2Tb2Cu2Te6,0.530999999999999
Ba1Te1,1.593
Ba2Te4,0.1253
Ba2Te4F20,4.8686
Ba2Te6,0.8198000000000001
Ba4Te16O36,3.1536
Ba2Te2O6,2.7149
Ba4Te4O16,2.1894
Ba4Te4S12,1.9088
Ba2Th2P4O16,5.0577
Ba4Th8S20,1.735999999999999
Ba2Th2N4,0.435799999999999
Ba4Th4O12,4.047
Ba1Ti1As2O8,2.4211
Ba1Ti1I6O18,2.7339
Ba1Ti1P2O8,2.592399999999999
Ba4Ti4S24O84,2.7332
Ba2Ti2Si6O18,3.0661
Ba4Ti8O20,2.8033
Ba1Ti1F6,4.3236
Ba1Ti1O3,2.293
Ba4Ti4O4F16,3.34
Ba4Tl8O16,0.8200000000000001
Ba4Tl4V4O16,3.5439
Ba2U4V4O24,1.9806999999999992
Ba2U2I12,0.199899999999999
Ba4U4O16,2.1144
Ba4U4Te24,0.181699999999999
Ba4U4Ti4O24,1.9643
Ba2V20O30,0.8558000000000001
Ba1V2Ni2O8,0.016199999999999
Ba2V4P8O28,2.0462
Ba3V6O18,2.878
Ba4V8Te4O32,2.6938
Ba4V4As4O24,2.6697
Ba4V4Cd4F28,2.5315
Ba4V4Cl4O12,2.3925
Ba4V4O4F16,2.7946
Ba4V4P4O24,2.469
Ba4V4Zn4F28,2.5205
Ba4W4F28,3.2735
Ba4W4N12,1.505
Ba2W2O8,4.8822
Ba4Y8O16,3.2515
Ba2Y4Si6O20,4.8161000000000005
Ba2Y2Ag2Se6,1.3282
Ba2Y2Ag2Te6,0.7675000000000001
Ba2Y2Cu2S6,1.1779
Ba2Y2Cu2Se6,0.9653
Ba2Y2Cu2Te6,0.5313999999999991
Ba8Y8Fe8O32,1.7746
Ba2Y2Si8N14,2.7321
Ba2Yb2Cu2Te6,0.7876000000000001
Ba4Zn4Se8O24,3.7891
Ba4Zn8As8O32,3.1532
Ba4Zn8P8O32,4.0373
Ba2Zn4Si4O14,3.3014
Ba4Zn4Ag4F28,0.3827
Ba2Zn2As2F2,0.247099999999999
Ba4Zn4Cl16,4.6302
Ba4Zn4Cu4F28,0.7594000000000001
Ba2Zn2F8,4.5489
Ba4Zn4Mo4F28,3.8518
Ba3Zn3O6,2.2724
Ba2Zn2P4O14,4.3419
Ba2Zn2S2O2,2.2367
Ba8Zn8Sn8S32,2.271099999999999
Ba2Zn2Te4O14,1.6684
Ba1Zr1As2O8,3.5173
Ba2Zr2B4O12,4.1173
Ba1Zr1P2O8,4.158799999999999
Ba2Zr2Si6O18,4.6556
Ba2Zr4F20,5.756399999999999
Ba1Zr4P6O24,4.3446
Ba2Zr2N4,0.9972
Ba2Zr2O6,3.1163
Ba4Zr4S12,0.99
Ba4Zr4Se12,0.372599999999999
Be6Ga12O24,2.8899
Be16H64N32,3.3217
Be6P12N24,4.0393
Be8As4H20O28,4.3533
Be2B1H3O5,5.6261
Be2C1,1.163699999999999
Be4Co2N4F28,0.662999999999999
Be8P8Pb4O32,4.5437
Be12Si6O24,5.8262
Be6As4H8O20,3.9653
Be24N16,3.3145
Be24P16,0.8891
Be6P4H8O20,5.8582
Be12Tl8Ni8F48,5.4318
Be12N18O57,3.592
Be8Si4H4O18,5.739199999999999
Be4Te1O7,1.280699999999999
Be5Pt1,0.095299999999999
Be12Ag12P12O48,2.8716
Be2Br4,5.180400000000001
Be4C4N8,5.5087
Be4Cr8O16,2.8371
Be2Ge2As4,0.6522999999999991
Be4Ge4N8,3.3941
Be2Ge2P4,0.9023
Be4H48N16Cl8,4.5575
Be4H48N16Cl8,5.392799999999999
Be4H56I16O72,3.3177
Be6H12,5.326
Be4H8Se4O16,4.7645
Be4H24N8F8,5.8694
Be4H32Cl8O16,5.6128
Be4H32I8O40,3.889199999999999
Be2H16N4O20,3.4834
Be2H16S2O16,5.2009
Be4H32Se4O32,4.1041
Be16I32,4.1443
Be8P16,0.836199999999999
Be1S1,3.1453
Be1Se1,2.663699999999999
Be2Si2As4,1.0226
Be4Si4N8,5.1459
Be2Si2P4,1.1502
Be2Sn2As4,0.6936999999999991
Be1Te1,2.017299999999999
Be4Tl8F16,4.4341
Be4Tl4As4O16,3.685099999999999
Be4Tl4P4O16,4.0851
Bi4B12O24,3.858599999999999
Bi4I12O36,3.0259
Bi4Mo24Cl60,2.133299999999999
Bi4P12O36,4.6172
Bi4W24Cl60,1.9545
Bi10Mo3O24,2.6912000000000003
Bi14Mo1O24,2.6318
Bi14S1O24,2.706699999999999
Bi60As4O100,2.2346
Bi8Mo12O48,2.717
Bi8P12Se36,1.3635
Bi4Pb6S12,0.5274999999999991
Bi4S12O42,4.0708
Bi4S6O24,4.177
Bi8Se12O36,3.4553000000000003
Bi48Cl20O62,2.1764
Bi8Au20F84,1.2285
Bi16C8O40,2.4505999999999992
Bi8I16O52,3.0737
Bi16Mo16O72,2.88
Bi4Mo4Se4O26,2.8105
Bi8Mo4O24,2.129299999999999
Bi8O12,2.194499999999999
Bi4P8O26,4.5172
Bi2Pb1Se4,0.4549
Bi8Pd4O16,0.498199999999999
Bi4Pt4O14,0.7805000000000001
Bi4S4O2,0.9401
Bi8S12,1.361799999999999
Bi4S2O4,0.8266
Bi2Se3,0.3769
Bi4Se6O20,3.2263
Bi8Se16Cl28,1.0179
Bi2Se1O2,0.368699999999999
Bi8Se4O20,2.8422
Bi32Te32O112,2.561199999999999
Bi2Te2S1,0.436799999999999
Bi2Te2Se1,0.544199999999999
Bi2Te3,0.3388
Bi8Te16O44,2.828999999999999
Bi4Te14Cl16,0.8311000000000001
Bi8Te4O20,2.4275
Bi4Te2O12,1.259299999999999
Bi8W4O24,1.913999999999999
Bi6Te4Cl20,1.2582
Bi3Br1O4,0.9257999999999992
Bi6Cl2O8,0.6355000000000001
Bi12I4O16,1.075599999999999
Bi18P6O42,2.3229
Bi18P6O42,2.5842
Bi6Sb2O14,2.168599999999999
Bi32Au16O72,0.7795000000000001
Bi16B8O36,2.8354
Bi32B8P8O80,2.8219000000000003
Bi16Br8O20,2.651699999999999
Bi16I8O20,2.3625
Bi8O14,0.9108
Bi8Ru2Br4,0.5357000000000001
Bi8Ru2I4,0.165
Bi20N4O40,2.6161
Bi6As4Pb1O20,2.9694000000000003
Bi24Cl12O28F4,2.8698
Bi6P4Pb1O20,3.333199999999999
Bi48Pt8Cl80,1.612499999999999
Bi7O5F11,3.9069
Bi32As4Au4Cl36,1.385199999999999
Bi72Ir16I24,0.5545
Bi2As2O8,2.8719
Bi4Au4Cl24,1.5926
Bi4B4O12,3.0096
Bi4B4Pb4O16,2.8773
Bi4Br12,2.8826
Bi2Br2O2,2.2251
Bi4Cl12,3.3934
Bi2Cl2O2,2.5681000000000003
Bi4F12,4.6808
Bi1F5,1.8137999999999992
Bi2I6,2.5349
Bi2I2O2,1.472999999999999
Bi4I4O16,2.3939999999999992
Bi4Ir4S4,0.6889999999999991
Bi4Ir4Se4,0.5346000000000001
Bi4Kr4F28,2.3847
Bi4O8,1.1596
Bi4O4F4,3.7632
Bi2P6Pb6O24,3.6994
Bi2P8H2O24,4.9887
Bi4P20O56,5.0993
Bi4P4O16,3.7758
Bi2P2Pb2O10,3.3519
Bi8P8S32,1.5094
Bi1Pb1Br1O2,1.510199999999998
Bi2Pb2Cl2O4,2.073699999999999
Bi1Pb1I1O2,1.7164
Bi4Rh4S4,0.340399999999999
Bi4Rh4Se4,0.237999999999999
Bi4S4Br4,2.032
Bi4S4Cl4,1.9636
Bi1Sb1,0.1101
Bi4Sb12P24O96,2.2741
Bi1Sb3F20,2.1691
Bi2Sb2O8,2.4246
Bi4Se4Cl4,1.8404
Bi4Se4Cl4O12,3.527199999999999
Bi1Te1Br1,1.2364
Bi2Te2Cl2,1.5135
Bi1Te1I1,1.2325
Bi4Te4Ir4,0.460799999999999
Bi4Te4N4O24,2.8005
Bi4Te4O16,2.2024
Bi4Te4Rh4,0.162
Br16O24,1.7587000000000002
Br12N4O16F40,1.5015
Br2Cl2,1.783
Br2Cl2,1.7759
Br2F6,2.211
Br2F10,3.4507
Br4N4O12,2.208
Br2O4F2,2.897999999999999
C4Se16Br8,1.5997
C72N84Cl36,2.7092
C16Br64,2.9265
C16Cl64,4.5103
C6N6Cl6,3.7938
C1S14,2.5569
Ca2Ag4O8,0.9283
Ca4Al8Cl32,5.421399999999999
Ca8Al16S32,3.4146
Ca2Al4Se8,2.8458
Ca1As2O6,3.3115
Ca1Au2F12,1.5298999999999991
Ca2Au4O8,1.6618
Ca4B24O40,5.8260000000000005
Ca2B4C4,0.475099999999999
Ca2B24H24,4.8911
Ca2B4H16,4.9736
Ca1Be2As2,0.6613999999999991
Ca2Be4N4,2.0774
Ca1Be2P2,0.7359
Ca8Bi16O32,2.6093
Ca1Cd2As2,0.216399999999999
Ca1Cd2P2,0.8195999999999991
Ca1Cd2Sb2,0.102
Ca4Cl8O24,4.7579
Ca4Co8O16,1.6139
Ca2Cu4O8,0.6713
Ca4Er8S16,1.5692
Ca2Ga12Te20,0.7370000000000001
Ca1Ga2As2,0.681
Ca2Ga4P4,0.1778
Ca8Ga16S32,2.747099999999999
Ca8Ga16Se32,1.922499999999999
Ca4H16N8,2.6985
Ca1H2O2,4.1119
Ca4Ho8S16,1.552699999999999
Ca4I8O24,3.5614
Ca2In4P4,0.4085
Ca4Lu8S16,1.5804
Ca1Mg2As2,1.2605
Ca1Mg2Bi2,0.3886
Ca1Mg2Sb2,0.7931
Ca4N8O24,3.6398
Ca3P6Ir6,0.494299999999999
Ca8P16O48,5.4963
Ca4Rh8O16,0.823399999999999
Ca1Sb2O6,2.6943
Ca4Sc8S16,1.286299999999998
Ca4Tm8S16,1.567899999999999
Ca4Y8S16,1.5361
Ca1Zn2As2,0.3873
Ca1Zn2N2,0.6376000000000001
Ca1Zn2P2,0.875
Ca20Ag2P14O56,3.7416
Ca20Ge32B12O102,3.0963
Ca10P6C1O27,5.137399999999999
Ca20P12S2O48,3.7477
Ca10P6Se1O24,3.747499999999999
Ca11Al14O32,3.4332000000000003
Ca22Al2Sb18,1.176599999999999
Ca22Ga2Sb18,1.0841
Ca22In2Sb18,0.8472000000000001
Ca44Sn12C32,0.6589
Ca56Al4Sb44,0.5897
Ca56Ga4As44,0.597399999999999
Ca56Mn4P44,0.0095
Ca19Mg8H54,2.9263
Ca19Mg2P14O56,5.077
Ca42Cd8Bi36,0.152
Ca42Zn8As36,0.9742
Ca42Zn8Sb36,0.6327
Ca8Al8Sn8O36,2.8373
Ca8Al12H12O32,4.488300000000001
Ca8Al32Pb4O60,3.9161
Ca4Al2Pb2F18,5.777500000000001
Ca8Al4V4O20,1.610399999999999
Ca2As2O7,3.3366
Ca4As8Xe10F68,2.868699999999999
Ca8As4Cl4O16,3.808899999999999
Ca2As1I1,1.5566
Ca8B8O20,4.7075
Ca8B20Br4O36,5.1916
Ca8B20Cl4O36,5.2728
Ca8B24O44,5.639
Ca4B16H4O30,5.6576
Ca8B4Cl4O12,4.576599999999999
Ca8B4H4N8,3.002
Ca8B4N8Cl4,3.333
Ca8B4N8F4,2.9265
Ca4Bi2As2O12,3.2393
Ca2Bi1Au1,0.0002
Ca2Br1N1,2.4254
Ca4Cd2As4,0.8529999999999991
Ca4Cd2P4,1.2927
Ca8Cd4Sb8,0.318999999999999
Ca8Co4Te4O24,1.6102999999999992
Ca4Co2W2O12,1.2029
Ca8Cu8O20,0.9862
Ca8Fe8O20,0.8630999999999991
Ca2Fe1H6,1.500299999999999
Ca8Fe4Sb4O24,1.4857
Ca4Fe2W2O12,3.0012
Ca2Ge1,0.5756
Ca8Ge4O16,3.6002
Ca8Ge4S16,2.5311
Ca2H6Os1,2.7001
Ca2H6Ru1,2.4473000000000003
Ca8H4N4,1.6356000000000002
Ca4I2N2,2.348499999999999
Ca4La2Ru2O12,0.428499999999999
Ca4La2Sb2O12,3.7082
Ca4La2Ta2O12,4.0074
Ca4Mg2W2O12,3.6923
Ca2Mn3O8,1.501399999999999
Ca4Mn2W2O12,2.1817
Ca2N1Cl1,2.371
Ca48N24F24,1.1658
Ca8Nb8O28,3.011
Ca8Nb4Cr4O24,2.7637
Ca8Nb4Fe4O24,2.087099999999999
Ca8Nb4N12,1.783599999999999
Ca4Nd2Ru2O12,0.499299999999999
Ca4Nd2Ta2O12,4.256600000000001
Ca4Ni2W2O12,2.933
Ca8P8O28,5.7342
Ca4P12O34,5.5089
Ca8P4Cl4O16,5.377099999999999
Ca2P1I1,1.6997
Ca8P4N12,2.601800000000001
Ca4Pb2O8,1.4813
Ca4Pr8Mo12O42,0.1934
Ca2Pt3O8,1.1236
Ca4Sb4O14,1.743399999999999
Ca8Sb8S20,1.6811999999999991
Ca4Sc2Nb2O12,3.1457
Ca4Sc2Sb2O12,3.6317999999999993
Ca4Sc2Ta2O12,3.733799999999999
Ca4Se6O16,3.433
Ca2Si1,0.320999999999999
Ca6Si9Pb9O33,3.2434
Ca4Si10N16,3.344899999999999
Ca8Si4O16,4.199400000000001
Ca8Si4S16,3.1115
Ca8Sn4,0.0559
Ca2Sn1Hg1,0.1485
Ca8Sn4N8,0.024199999999999
Ca4Sn2O8,2.7198
Ca8Sn4S16,2.2605
Ca28Ta28O98,3.3532
Ca8Ta4Cr4O24,2.7922
Ca4Ta2Mo2O12,1.4283
Ca8Ta4N12,1.9488999999999992
Ca4Ta2V2O12,0.431499999999999
Ca2Ti3O8,2.7744
Ca4V4O14,2.9553000000000003
Ca2V3O8,1.496299999999999
Ca4V2Bi2O12,3.097899999999999
Ca8V4Cl4O16,3.4639
Ca8V4N12,1.651199999999999
Ca4Zn4Cu2P6,0.2778
Ca2Zn1N2,0.7618
Cs2Pr2Zn2Te6,1.3607
Cs2Pt4Se6,1.0495
Cs4Pu4P8S28,0.1506
Cs8Rb8Mn16Cl48,1.4203
Cs1Rb2Mo1F6,3.0636
Cs2Rb4Pd2F10,2.3387
Cs4Rb8Sb16F60,4.0177
Cs4Re4Cl16O8,1.4967
Cs2Re6O12F20,3.0473
Cs4Re12S16Br8,1.8417
Cs4Re12Se16Br8,1.4231
Cs4Re24Se32I12,1.2321
Cs8Re8Br32,0.4053
Cs2Re2F16,1.7181000000000002
Cs4Re4O16,4.2585
Cs4Re4O4F24,2.9741
Cs24Re24S48,1.2522
Cs1Ru1F6,1.235199999999999
Cs2S2,1.726
Cs2S4O12F4,0.303299999999999
Cs4S12,1.6567
Cs4S4O12,5.111499999999999
Cs4S4O12F4,5.164499999999999
Cs4S4O16,0.6397
Cs8Sb8,0.5557999999999991
Cs1Sb1P2O8,2.958
Cs4Sb4S8O32,4.089700000000001
Cs4Sb8F44,4.5025
Cs2Sb4F14,4.3035
Cs4Sb8P4O32,1.9806
Cs8Sb24F128,3.9634
Cs2Sb2Cl12,2.0825
Cs4Sb4Cl4F12,3.6597
Cs8Sb8F32,4.4026
Cs1Sb1F6,5.0381
Cs2Sb2H8O10,3.4555
Cs2Sb2O4,2.3758
Cs12Sb12O12F48,3.5747
Cs4Sb4S8,1.736399999999999
Cs4Sb4S24,1.8204
Cs4Sb4Se8,1.1399
Cs2Sb2Te2O12,0.9535999999999992
Cs2Sb2W2O12,0.1143
Cs1Sc1S2O8,4.1888
Cs4Sc4Se8O24,4.1332
Cs1Sc1W2O8,4.1422
Cs1Sc3Cu2Te6,0.006999999999999
Cs2Sc6F20,5.3828
Cs2Sc2O4,2.9595
Cs2Se2Br6,1.833
Cs32Si32,1.5634
Cs8Si16B8O48,5.3918
Cs4Si8H4O20,4.7013
Cs12Si24Sb12O84,3.401799999999999
Cs4Si4Bi4S16,2.4826
Cs8Si8Sb8O40,2.191699999999999
Cs4Si4Te12,1.261299999999999
Cs2Sm2Mo4O16,3.6731
Cs2Sm2Nb12Br36,0.9853
Cs6Sm6P24O72,5.6019
Cs2Sm2W4O16,3.4736
Cs2Sm4Ag6Te10,1.1579
Cs4Sm8Cl28,4.4861
Cs2Sm4Cu2Se8,0.9508
Cs2Sm2Cd2Se6,2.0217
Cs2Sm2Cd2Te6,1.5693
Cs4Sm4Ge4S16,2.4631
Cs4Sm4Ge4Se16,1.6665
Cs2Sm2Hg2Se6,1.3625
Cs2Sm2Mn2Se6,0.531199999999999
Cs2Sm2O4,2.9281
Cs1Sm1S2,2.1397
Cs4Sm4Si4S16,2.8414
Cs2Sm2Zn2Se6,2.042399999999999
Cs2Sm2Zn2Te6,1.4086
Cs32Sn32,1.2659999999999991
Cs2Sn4Cl10,3.0582
Cs4Sn4Br12,0.9682
Cs4Sn4Cl12,2.9154
Cs4Sn4F12,3.7852
Cs1Sn1I3,0.449999999999999
Cs4Sn4P4S16,2.1236
Cs2Sn2S6,1.6557
Cs2Sn2Se6,1.189599999999999
Cs2Sr2B6H24,5.3107
Cs1Sr2Ta3O10,2.0452
Cs4Sr4Br12,4.5563
Cs4Sr4Cl12,5.3123000000000005
Cs2Sr2I6,3.959
Cs2Sr2Ta12Cl36,0.1436
Cs2Ta2B4O12,3.4027
Cs4Ta4Cu8Te16,1.2436999999999991
Cs1Ta1P2O8,3.3857
Cs2Ta4P10O36,2.9928
Cs4Ta16P12S76,1.1991
Cs2Ta2Cl12,2.9077
Cs2Ta2Ge2S10,0.9885
Cs2Ta2I12,1.1787
Cs2Ta2N4,2.1446
Cs8Ta8P8S48,1.7818
Cs2Ta2S6,0.515099999999999
Cs4Ta4Se12,0.0868
Cs4Ta4V8O32,2.7305
Cs2Ta2W2O12,3.1466
Cs2Tb2Mo4O16,3.6397
Cs2Tb2Nb12Br36,0.9606999999999992
Cs2Tb2P8O24,5.3063
Cs2Tb2W4O16,3.4158
Cs2Tb4Ag6Se10,1.094399999999999
Cs2Tb4Ag6Te10,1.061999999999999
Cs4Tb8Cl28,4.5419
Cs2Tb4Cu6Se10,1.1974
Cs2Tb2Cd2Se6,2.0647
Cs2Tb2Cd2Te6,1.5409000000000002
Cs2Tb2Mn2Se6,0.5118
Cs4Tb4P8O28,5.1362
Cs2Tb2S4,2.205399999999999
Cs4Tb4Si4S16,2.8852
Cs2Tb2Zn2Se6,2.1028
Cs2Tb2Zn2Te6,1.3573
Cs4Tc12Se16Br8,1.0219
Cs4Tc4O16,3.414399999999999
Cs4Te4,1.0019
Cs4Te16,0.514899999999999
Cs2Te2Au2,1.416
Cs4Te4F20,4.6339
Cs4Te4Se12,0.9842
Cs2Th4P6O24,4.5121
Cs4Ti4P8S32,1.3678
Cs2Ti4Cl14,0.288699999999999
Cs1Ti3P5O19,2.7906
Cs2Ti16F66,4.5689
Cs2Ti2Al2O8,3.8816
Cs8Ti8As8O40,3.0409
Cs2Ti2Cu6Se8,1.251199999999999
Cs4Tl12O20,0.3555
Cs4Tl4Br16,1.9724
Cs2Tl2F6,2.1858
Cs4Tl4F16,2.7921
Cs2Tl2O2,1.3911
Cs8Tl8S16,1.269
Cs2Tm2Mo4O16,3.584699999999999
Cs2Tm2Nb12Br36,0.9403999999999992
Cs1Tm1W2O8,4.7348
Cs4Tm8Cl28,4.6387
Cs2Tm4Cu6Se10,1.247299999999999
Cs2Tm2Cd2Te6,1.548
Cs2Tm2Mn2Se6,0.5038
Cs4Tm4P8O28,5.1972
Cs2Tm2S4,2.223999999999999
Cs4Tm4Si4S16,2.9693
Cs2Tm2Zn2Se6,2.171599999999999
Cs2Tm2Zn2Te6,1.383899999999999
Cs2U4F18,0.1779
Cs2U4O12,0.3349
Cs2U12F50,0.077999999999999
Cs4U4Cr4O24,0.6384999999999991
Cs1U1F6,0.9396999999999992
Cs2U2N6O22,3.0783
Cs4U4Nb4O24,2.1589
Cs4U4P12O44,2.3621
Cs2U2Sb2O12,1.6823
Cs8U8Te48,0.0423
Cs4U4V4O24,1.946
Cs4V4N8O32,1.7603
Cs2V4I6O26,1.829699999999999
Cs2V4P10O32,0.0091
Cs4V8Sb4O32,2.7044
Cs2V6Se4O24,2.3398
Cs2V6O16,2.070599999999999
Cs2V2Br6,0.6528
Cs2V2Cl6,0.483499999999999
Cs2V2Fe2F12,1.814
Cs2V2I6,0.597299999999999
Cs2V2N4,0.5028
Cs2V2Ni2F12,2.3655
Cs4V4O12,3.1105
Cs4V4O4F16,3.5464
Cs4V4P8O28,1.8855
Cs4V4P4O20,2.8884
Cs8V8S8O48,2.141
Cs4V4Se4O20,3.0977
Cs2V2Te2O12,1.7666
Cs2V2Zn2F12,2.296599999999999
Cs4W12Br28,2.7127
Cs4W12Cl28,2.9160999999999992
Cs8W8F56,4.630599999999999
Cs4Xe4F28,3.267699999999999
Cs1Y1Mo2O8,3.9764
Cs2Y2Nb12Br36,0.9779
Cs4Y4Se8O24,4.102
Cs2Y2W4O16,3.4186
Cs1Y10C4I18,0.217
Cs4Y8Cl28,4.4204
Cs6Y12Cu6Te24,0.687299999999999
Cs2Y2Cd2Se6,2.085499999999999
Cs2Y2Hg2Se6,1.3946
Cs2Y2Mn2Se6,0.5245000000000001
Cs2Y2O4,2.8461
Cs4Y4P8O28,5.1175
Cs2Y2Zn2Se6,2.1117
Cs2Y2Zn2Te6,1.4051
Cs2Yb2Mn2Se6,1.2409
Cs6Zn12B18O42,3.5131
Cs1Zn4P3,0.1202
Cs2Zn2Co2F12,1.6216
Cs2Zn2Fe2F12,2.2145
Cs8Zn8P8O32,3.9671
Cs4Zr4N20O60,3.4525
Cs2Zr4P6O24,4.3061
Cs2Zr12B2I28,0.8390999999999991
Cs4Zr24C4Cl60,1.1421
Cs2Zr12C2I28,0.071899999999999
Cs2Zr12Mn2Cl28,1.234
Cs2Zr12Mn2I28,0.5971000000000001
Cs2Zr2Cu2Se6,0.2984
Cu2I4O12,0.4999
Cu2Pt4S8,0.1401
Cu4S6O24,0.1135
Cu4Ge2S6,0.111099999999999
Cu4H20N8O34,1.0384
Cu4Hg4S2F12,0.4967
Cu2Hg1I4,0.5589000000000001
Cu4O2,0.512699999999999
Cu4O6,0.136
Cu8P28,0.8419999999999991
Cu8P32Se12Br8,1.5045000000000002
Cu8P32Se12I8,1.411699999999999
Cu4Pb2O4,0.629
Cu4Si2Hg2S8,0.401099999999999
Cu4Si2Hg2Se8,0.0161
Cu4Si2Se6,0.238699999999999
Cu4Si2Te6,0.267099999999999
Cu2W1Se4,1.275699999999999
Cu6H4O4F8,0.3217
Cu6Hg4Te12O32,0.215199999999999
Cu12Mo32Br8O92,0.019299999999999
Cu12P60I8,1.012
Cu18P24S24I18,1.626
Cu36P48Se48Br36,1.3783
Cu12P32S24Cl12,1.872599999999999
Cu12P32Se24Br12,1.364599999999999
Cu6P2S8,1.0202
Cu8Si2P16,1.2078
Cu4Sn1P10,0.241699999999999
Cu10Se2Cl10O8,0.067699999999999
Cu12As8S18,0.3558
Cu12Ge2W2S16,0.8154
Cu6Hg3Sb4S12,0.186099999999999
Cu2Ag4N8O24,0.144799999999999
Cu2Ag4P8O24,0.395699999999999
Cu2Ag4P4O14,0.4723
Cu4Ag4F12,0.2559
Cu2As2Pb2O8,1.8171
Cu4As4Pb4S12,0.7903000000000001
Cu2B2S4,1.742499999999999
Cu2B2Se4,1.487
Cu2Bi4Se8O24,0.7250000000000001
Cu4Bi4Pt4S12,0.474899999999999
Cu4Bi4S8,0.464
Cu2Bi2Se2O2,0.3006
Cu1Br1,0.487099999999999
Cu2H4S2O10,0.0072
Cu4Hg4Se8O24,0.7590999999999991
Cu2I2,1.6471
Cu4I4O16,0.9536
Cu8Mo24Br56,1.6943
Cu8Mo24Cl56,1.9002
Cu8Mo24I56,1.5743
Cu4Ni4Sb4S12,0.0911
Cu4P40,1.0585
Cu4P8,0.8679000000000001
Cu4P8Pb4O28,0.8003
Cu4P16O44,0.6119999999999991
Cu4P16S12Br4,1.739999999999999
Cu4P16S12I4,1.731399999999999
Cu4P16Se12Cl4,1.6399
Cu4P16Se16I4,1.7151
Cu6P6H6O24,0.722399999999999
Cu4P4O16,0.3277
Cu4P4S12,1.1555
Cu1Pb1F6,0.2011
Cu2Pt2F12,0.0814
Cu1Re2H8O12,1.3068
Cu8Re8O32,1.495299999999999
Cu1Rh1O2,0.6553000000000001
Cu1Sb2Xe4F20,0.6888000000000001
Cu2Sb4Xe4F32,0.0694
Cu4Sb12Xe4F92,0.5704
Cu1Sb6S2O16,0.423
Cu4Sb4S8,0.722699999999999
Cu4Sb4Se8,0.498599999999999
Cu4Se8Br4,0.8486
Cu4Se8Cl4,0.8067000000000001
Cu4Se12Br4,1.029899999999999
Cu1Sn1F6,0.099499999999999
Cu4Te8Br4,0.7460999999999991
Cu4Te8Cl4,0.5968999999999991
Cu4Te8I4,0.8277999999999991
Cu4Te8Pb4O28,0.1653
Cu8Te8Br8,0.801199999999999
Cu8W24Br56,2.0538
Cu8W24Cl56,2.4028
Dy16B48O96,5.636699999999999
Dy2Cl6O24,5.780299999999999
Dy2Cu6S6,1.3966
Dy4I12O36,3.415199999999999
Dy4N12O36,3.4144
Dy4P12O36,5.9047
Dy2Zn6P6,0.280299999999999
Dy22In12Si8,0.0196
Dy4Mo6O24,3.5811
Dy8S12O48,5.8184000000000005
Dy8Se12O48,3.9475
Dy16Te24O72,3.2491
Dy4Au10F42,1.5532
Dy4Be4Ge2O14,4.4691
Dy4Be4Si2O14,5.089600000000001
Dy2C1N2O2,3.9833
Dy16C8I24,0.552099999999999
Dy4C2O10,4.4556
Dy4Cd2S8,1.0877
Dy4Cd2Se8,0.5809000000000001
Dy4Cr2Fe2O12,2.224199999999999
Dy4Cr2Sb2O14,1.894299999999999
Dy8Ge8O28,3.7413
Dy8Ge4O20,4.0049
Dy4Hf4Mo14O56,3.2263
Dy4Mg2Se8,1.287399999999999
Dy4Mn4O14,0.9041
Dy4Mn2Ni2O12,0.5364999999999991
Dy4Mo8O30,3.315699999999999
Dy8Mo4O24,2.166
Dy16O24,3.925499999999999
Dy4Pb4O14,1.1816
Dy4Pt4O14,1.5345
Dy8S12,0.593799999999999
Dy2S1O2,3.0076
Dy8Se12,0.3663
Dy2Se1O2,2.1479
Dy12Se6O6F12,2.8497999999999992
Dy2Si9B36C1,1.172199999999999
Dy8Si4O20,4.6662
Dy4Sn4O14,2.7123
Dy8Te12,0.5488000000000001
Dy4Te10O26,2.985999999999999
Dy2Te1O2,0.8027999999999991
Dy8Te4O24,3.006599999999999
Dy2Te1S2,1.835799999999999
Dy8Ti8O28,3.0572
Dy8Ti4O20,3.2941000000000003
Dy8W4O24,3.653799999999999
Dy8Zr4S20,1.1966
Dy12Al20O48,4.6542
Dy6Cu6Sb8,0.2964
Dy6Cu2Ge2S14,1.8098
Dy6Cu2Ge2Se14,1.1277
Dy6Cu2Si2S14,1.800599999999999
Dy6Cu2Si2Se14,1.5196
Dy24Ga16,0.005699999999999
Dy12Ga20O48,3.5134
Dy6Ga2S12,2.061499999999999
Dy12S12N4,1.3945
Dy6Sb10O24,3.1684
Dy6Sb2O14,2.7960000000000003
Dy6Sb2O14,3.7098
Dy12Sc8Al12O48,4.7071000000000005
Dy12Se12N4,1.170999999999999
Dy6Se8O24F2,3.741099999999999
Dy12Si12O40F4,5.2743
Dy6Ta2O14,3.408299999999999
Dy16B4Cl4O28,4.7369
Dy16Cd4Ni4,0.036799999999999
Dy16Cd4Pt4,0.025799999999999
Dy16Mg4Ni4,0.0126
Dy16Te12N8,1.8172
Dy4Te3S4,1.396599999999999
Dy20C8Br36,0.8479999999999991
Dy20C8I36,0.6995
Dy6Al2Si1S14,2.466999999999999
Dy12Al86Mo8,0.0383
Dy6H40N8O49,2.9558
Dy6Mn1Si2S14,0.986699999999999
Dy24Se44,0.5265000000000001
Dy12Ta8Al86,0.025
Dy14C4I24O2,0.027099999999999
Dy16Ga6Co2,0.0001
Dy16In6Co2,0.0019
Dy18Al10S42,2.4394
Dy2Ag2W4O16,3.1201
Dy8Ag8S16,1.7401
Dy4Ag4Se8,1.306
Dy2Ag2Te4,0.895799999999999
Dy2As2O8,3.6275
Dy4As4S4,0.0288
Dy4As4S4,0.4718
Dy4As4Se4,0.078199999999999
Dy4B16Mo4,0.281299999999999
Dy4B16W4,0.5661
Dy4B4O12,5.3594
Dy1Bi2Br1O4,1.329
Dy1Bi2Cl1O4,1.3739
Dy1Bi2I1O4,1.3667999999999991
Dy2Br6,3.0029
Dy2Cl6,3.8954
Dy2Cl2O2,4.349
Dy4Cr4B16,0.3833
Dy4Cr4O12,2.4922
Dy2Cr2O8,0.297999999999999
Dy2Cr2Te2O12,2.7169
Dy2Cu2Pb2S6,1.5979
Dy4Cu4Pb4Se12,1.208699999999999
Dy4Cu4S8,1.6186999999999991
Dy1Cu1Se2,1.066799999999999
Dy6H18,0.004799999999999
Dy8H8S8O40,5.5844000000000005
Dy1H1Se1,1.487699999999999
Dy2I6,2.1725
Dy4Mn8O20,1.0799
Dy4Mn4Fe4O20,1.146
Dy4Mo4Br4O16,1.8414
Dy2Mo2Cl2O8,2.7283
Dy1N1,0.043099999999999
Dy2Nb2O8,3.490199999999999
Dy1Ni1Bi1,0.2084
Dy1Ni1Sb1,0.3123
Dy2O2F2,5.020200000000001
Dy2P4H10O20,5.614400000000001
Dy2P6H12O12,5.3411
Dy2P10,0.0937
Dy4P20O56,5.4471
Dy2P2O8,5.8933
Dy8P8S8,0.3391
Dy8P8S32,2.159699999999999
Dy1Pa1O4,2.400399999999999
Dy4Pt4F28,2.3154
Dy4Rh4O12,0.8883000000000001
Dy2S2Br2,2.8776
Dy4S4Cl4,2.7618
Dy2S2I2,2.7811
Dy4Sb4O16,2.3553
Dy1Sb1Pd1,0.229899999999999
Dy1Sb1Pt1,0.049299999999999
Dy4Sc4S12,1.773699999999999
Dy4Se4Cl4O12,4.366899999999999
Dy8Se8O24,1.8154
Dy2Ta2O8,4.0284
Dy4Te4As4,0.3109
Dy2Ti2Cl2O6,3.1574
Dy4Tl4Mo8O32,3.2866
Dy2Tl2P4Se12,1.5375
Dy2Tl2W4O16,2.917099999999999
Dy1Tl1S2,1.5281999999999991
Dy1Tl1Se2,1.233199999999999
Dy1Tl1Te2,0.7156
Dy4V4O12,1.6567999999999992
Dy2V2O8,2.9764
Dy2Zn2P2O2,1.2613
Er2Al6C6,0.026099999999999
Er16B48O96,5.7486000000000015
Er2Cl6O24,5.0285
Er2Cu6S6,1.445599999999999
Er4Cu12Te12,0.368399999999999
Er4I12O36,3.4776
Er4N12O36,3.2472
Er4P12O36,5.9041000000000015
Er2Re6O24,3.8254
Er2Zn6P6,0.3703
Er40W8O84,3.078999999999999
Er8S12O48,5.7109000000000005
Er4Se6O18,3.9484999999999992
Er4Au10F42,1.5935
Er8B8Cl8O20,5.0806
Er2C1N2O2,4.0097
Er4Cd2S8,1.1479
Er4Cr2Sb2O14,2.1271
Er8Ge8O28,3.7373
Er12Ge6O30,3.8644
Er4Mg2S8,2.0129
Er4Mn4O14,1.1678
Er4Mo8O30,3.286699999999999
Er8Mo4O24,1.8785
Er16O24,3.9629
Er16Pb8S32,2.1115
Er4Pt4O14,1.4127
Er12S18,1.4691
Er2S1O2,3.0733
Er8Se12,0.7923
Er2Se1O2,2.1741
Er2Si2O7,4.798599999999999
Er8Si16C4N24,3.2788
Er8Si4O20,4.7586
Er4Sn4O14,2.6825
Er8Te12,0.0521
Er4Te10O26,3.012599999999999
Er2Te1O2,0.603499999999999
Er8Te4O24,3.1806
Er2Te1S2,1.77
Er8Ti4O20,3.3625
Er4Tl2Cu6S10,1.428799999999999
Er8W4O24,3.6554
Er12Al12Cr8O48,3.539499999999999
Er12Al20O48,4.758
Er6Cu6Sb8,0.333899999999999
Er6Cu2Ge2S14,1.7469
Er6Cu2Si2S14,1.875999999999999
Er24Ga16,0.002499999999999
Er12Ga20O48,3.5384
Er6Ga2S12,2.106499999999999
Er12O8F20,5.6188
Er6Pb8F34,5.0743
Er6Ru2I6,0.0495
Er6Sb10O24,3.1368
Er6Sb2O14,3.7509
Er12Sc8Al12O48,4.8641000000000005
Er6Ta2O14,3.688
Er3Tl2Cu5S8,1.2826
Er16B4Cl4O28,4.7594
Er8C14,0.3912
Er16Cd4Pt4,0.0158
Er16Mg4Ni4,0.022299999999999
Er8Os2Br8,0.7195
Er8Zn10Ge12,0.0208
Er4Zr3O12,4.1461
Er5Re2O12,0.0117
Er20C8Br36,0.922099999999999
Er12Al86Mo8,0.0155
Er6Co1Br10,0.0176
Er6H40N8O49,2.9432
Er6Ni1I10,0.6135
Er12Si22N40O2,3.638899999999999
Er14C4I24N2,1.2187
Er7Co1I12,0.439899999999999
Er7Ir1I12,0.3853
Er16Ga6Co2,0.010299999999999
Er16In6Co2,0.002099999999999
Er8Mn3Mo5O28,0.666
Er2Ag2P4Se12,1.7618
Er8Ag8S16,1.7885
Er4Ag4Se8,1.2801
Er2Ag2Te4,0.8936000000000001
Er4Al4Ge4O20,3.7548
Er2As2O8,3.5786
Er4As4S4,0.4672
Er4As4Se4,0.4869
Er4B16Mo4,0.5880999999999991
Er4B16W4,0.5911000000000001
Er6B6O18,5.6534
Er1Bi2Br1O4,1.357
Er1Bi2Cl1O4,1.3769
Er1Bi2I1O4,1.375
Er2Br2O2,4.3820000000000014
Er2Cl6,3.7739
Er2Cl2O2,5.2575
Er4Co4O12,1.4471
Er4Cr4B16,0.161099999999999
Er8Cr8H8O40,2.456
Er4Cr4O12,0.2571
Er2Cr2O8,0.300399999999999
Er2Cr2Te2O12,2.6495
Er2Cu2Pb2S6,1.5553
Er4Cu4Pb4Se12,1.133099999999998
Er4Cu4S8,1.629299999999999
Er8Ge8Bi8O40,3.534399999999999
Er6Ge6Rh12,0.015699999999999
Er2H4Cl6O26,5.2042
Er2H4Cl2O4,4.921099999999999
Er2H2O4,3.9885
Er1H1Se1,1.4817
Er2I6,2.0376
Er4Mn8O20,1.0779
Er4Mo4Br4O16,1.9042
Er2Mo2Cl2O8,2.7062
Er4Mo4O16F4,3.7331
Er1N1,0.124299999999999
Er2Nb2O8,3.4799
Er1Ni1Bi1,0.169999999999999
Er1Ni1Sb1,0.2739
Er2O2F2,5.1794
Er4P16H4O48,5.554600000000001
Er4P20O56,5.4363
Er2P2O8,5.919600000000001
Er8P8S8,0.232599999999999
Er8P8S32,2.1659
Er1Pa1O4,2.4341
Er4Pt4F28,2.2785
Er4Rh4O12,0.9642
Er2S2Cl2,2.9329
Er2S2F2,1.324399999999999
Er4Sb4O16,2.382399999999999
Er1Sb1Pd1,0.209299999999999
Er4Se4Cl4O12,4.3487
Er2Se2I2,2.309
Er1Sn1Au1,0.006099999999999
Er2Ta2O8,4.050700000000001
Er4Te4As4,0.3619
Er2Ti2Cl2O6,3.1421
Er4Tl4Mo8O32,3.252
Er2Tl2P4Se12,1.4836
Er2Tl2W4O16,2.9077
Er4Tl8P8Se28,1.0722
Er1Tl1S2,1.4109
Er1Tl1Se2,1.2151
Er1Tl1Te2,0.8205999999999991
Er4V4O12,1.5838
Er2V2O8,2.9661
Er1Zn1Cu1P2,0.1001
Eu2Al4Cl16,1.6997
Eu2Al4S8,1.1797
Eu2Al4Se8,1.002199999999999
Eu4B8H32,1.572
Eu4B8O16,0.290299999999999
Eu4Dy8S16,0.1116
Eu4Dy8Se16,0.1657
Eu4Er8Se16,0.1678
Eu4Ga8As8,0.023899999999999
Eu8Ga16S32,0.2343
Eu4Ho8Se16,0.1142
Eu4Lu8Se16,0.1428
Eu3P6Ir6,0.336099999999999
Eu1Re2O8,0.2764
Eu4Y8Se16,0.124399999999999
Eu8B8O20,0.0819
Eu8B20Br4O36,0.799199999999999
Eu8B20Cl4O36,0.759
Eu8B4I4N8,0.189499999999999
Eu2C1N2Cl2,0.9358999999999992
Eu2Fe1H6,0.072099999999999
Eu2H3Br1,0.091
Eu4Hf4Mo14O56,0.3594
Eu4I4O2,0.048
Eu4Mg2Si4O14,0.0118
Eu8Si4Cl8O12,0.642799999999999
Eu8Si4O16,0.288899999999999
Eu4Si2S8,0.2894
Eu2Ta1Al1O6,0.3394
Eu6Al4As8,0.0059
Eu6Al4P8,0.0266
Eu6As4S16,0.2486
Eu6B4O12,0.4588
Eu12Ge8As16,0.012199999999999
Eu6Nb2O14,0.150999999999999
Eu6Rh8Pb26,0.028599999999999
Eu6Sn26Ir8,0.1086
Eu6Ta2O14,0.1545
Eu8Br12O2,0.8538000000000001
Eu32C16N32F40,0.162399999999999
Eu8Cl12O2,0.9888
Eu8I12O2,1.200199999999999
Eu10B6Cl2O18,0.2876
Eu10P6Cl2O24,0.6537000000000001
Eu10P6O24F2,0.390699999999999
Eu12Mo20O78,0.098199999999999
Eu7Cl2F12,0.5699000000000001
Eu2Al24O38,0.169599999999999
Eu4Al8O16,0.099199999999999
Eu32Al32F160,0.7047999999999991
Eu2B8O14,2.1466
Eu10Br20,1.045799999999999
Eu4C4N8,0.4575
Eu4C4O12,0.429299999999999
Eu4Cl8,1.214399999999999
Eu2Cl2F2,0.115499999999999
Eu2Cu2Se2F2,0.030499999999999
Eu4Dy4Cu4S12,0.0621
Eu2H2Cl2,0.307999999999999
Eu2Hf2F14,0.1365
Eu1Hf1O3,0.479599999999999
Eu4Hf4S12,0.1287
Eu4I8,1.3259
Eu1In2Ge4Ir4,0.1271
Eu2Lu2Cu2S6,0.1897
Eu8Mg24Si8N32,0.207599999999999
Eu2Mg2H8,0.170599999999999
Eu2Mo2O8,0.166599999999999
Eu4Nb8O24,0.155199999999999
Eu4P28,0.376
Eu4P4S12,0.8440000000000001
Eu4P4Se12,0.493299999999999
Eu4S4O16,1.0685
Eu2Se2O6,0.086599999999999
Eu4Si8N8O8,0.5023
Eu4Tl4P4S16,0.0566
Eu2Tm2Cu2S6,0.234099999999999
Eu2V2O8,0.1841
Eu2Zr2F12,0.5628000000000001
Eu4Zr4O12,0.186599999999999
Eu4Zr4S12,0.145299999999999
Fe2I6O18,2.0217
Fe4P8O24,2.3833
Fe6P18O54,2.793399999999999
Fe4Sb8O16,0.5327000000000001
Fe4Sb8O24,0.5366000000000001
Fe1Si4P4,1.023299999999999
Fe8Mo12O48,2.6649000000000003
Fe4S6O24,0.0045
Fe8Se24O60,0.709399999999999
Fe8Se12O48,2.2467
Fe8As4O16F4,1.9063999999999992
Fe4B4O10,3.2492
Fe4Cu6Se12O36,0.2582
Fe4Ge2O8,1.407699999999999
Fe8H8Se12O40,2.3287
Fe8H24S12O60,2.1469
Fe8Mo4P48,0.021099999999998
Fe4Ni2O8,1.361599999999999
Fe4P4O14,0.7385
Fe12P18O54F18,2.5033
Fe4P8Pb6O32,2.4141999999999992
Fe8P4Cl4O16,0.5959999999999991
Fe8P4O16F4,0.2855
Fe4P2O10,0.318099999999999
Fe4Pb2Se8O24,1.8645
Fe8Si4O16,3.6769
Fe4Te4Pb6O24,1.754
Fe12P16O56,1.8996
Fe6P4O16,0.8948
Fe12Te16O48,1.7774
Fe12B44H4O80,0.3226
Fe6B14Br2O26,3.676799999999999
Fe6B14Cl2O26,3.8698
Fe6B14I2O26,3.0026
Fe12B4O20,1.019499999999999
Fe6P4H4O20,1.7308
Fe6Pb10F38,2.9969
Fe6Sb4Br8O8,2.3936
Fe6Sb10I6O18,2.5007
Fe8As20Pb2O44,1.7469
Fe8As10O26,1.717499999999999
Fe7As6O24,1.5249
Fe7Sb10Br8O18,2.4551
Fe7Sb10Cl8O18,2.5717
Fe4Ag4Se8O24,1.179
Fe1Ag2Sn3S8,0.8741000000000001
Fe1Ag1O2,1.148499999999999
Fe4Ag4P8O28,1.8448
Fe2As4,0.282999999999999
Fe4As4O16,1.557999999999999
Fe4As4S4,0.7373000000000001
Fe4As4Se4,0.448599999999999
Fe4B8,0.5153999999999991
Fe2B2O6,1.481599999999999
Fe4B4Pb4O16,2.1228
Fe4Bi4Se12O36,2.6249
Fe6Cl18,0.4268
Fe2Cl8,0.2505
Fe2Cl2O2,1.9133
Fe1Cu1O2,0.8043999999999991
Fe2F4,1.6921
Fe2F6,3.1061
Fe2F12,0.5263
Fe4H8S4O20,3.1761
Fe1H4Cl2O2,3.851899999999999
Fe2H16Br4O8,1.7042000000000002
Fe4H32N12O52,2.3425
Fe4Ni8B4O20,1.6665
Fe2Ni2Sb12,0.128499999999999
Fe4O4,1.8157
Fe2P4,0.4327
Fe2P4H16O20,4.3922
Fe4P8H4O28,2.6776
Fe4P8Pb4O28,3.9606
Fe4P12H8O40,2.9572000000000003
Fe4P16,0.8049000000000001
Fe4P16O44,3.5753999999999992
Fe1P6W3O24,2.0933
Fe4P4Cl32,1.4768
Fe2P2O8,1.3564
Fe4P4S4,0.5054000000000001
Fe1Re2H8O12,2.683799999999999
Fe2S4,0.8770000000000001
Fe4S4Cl28,1.4278
Fe4S4O16,2.7173
Fe4Sb4P16O56,2.6756
Fe1Sb3P6O24,1.9333
Fe4Sb12Pb16O52,1.253
Fe2Sb12Pd2,0.248899999999999
Fe1Sb1O4,1.0037
Fe4Sb4S4,0.547
Fe4Sb4Se4,0.621999999999999
Fe4Sb4Te4,0.298099999999999
Fe2Se4,0.3741
Fe2Se2Br14,0.086399999999999
Fe2Se2Cl14,1.3187
Fe4Se4O12F4,1.4261
Fe4Si4,0.180200000000001
Fe8Si16,0.6966000000000001
Fe4Si4P12O44,2.8712
Fe4Sn4O12,0.8620000000000001
Fe2Te4,0.077399999999999
Fe4Te12Br4O28,1.0909
Fe4Te12Cl4O28,2.2711
Fe2Te12O26,2.3607
Fe4Te4As4,0.6818999999999991
Fe2Te2Br14,1.0553
Fe2Te2Cl14,1.2641
Fe4Te4O12F4,1.4996
Fe2W2O8,2.401
Ga12Bi48Cl48,1.422499999999999
Ga2I6O18,3.318699999999999
Ga6P18O54,4.9919
Ga10Ge1Pb3O20,3.0318
Ga16Mo24O96,3.6554
Ga4S6O24,4.33
Ga8Bi4S16,2.5289
Ga8Bi4Se16,1.8901
Ga8Co4O16,1.7927
Ga8Cu4Se16O48,0.7535000000000001
Ga4Cu2Cl16,0.5977
Ga8Fe4O16,0.5741
Ga8Hg12Cl32,2.489
Ga2Hg1S4,1.5707
Ga2Hg1Se4,0.9168
Ga2Hg1Te4,0.661099999999999
Ga8I12,2.2709
Ga8Mo4Se8O40,3.6215
Ga4Ni2Cl16,0.4607
Ga8Ni4O16,1.2806
Ga4O6,2.007799999999999
Ga4Pb2O8,3.4457
Ga16Pb8S32,2.2715
Ga16Pb8Se32,2.0313
Ga2Pd1Br8,1.5761999999999992
Ga2Pd1I8,1.4176
Ga4Ru2,0.1293
Ga4S6,1.7106
Ga8Sb4Te16Cl28,1.230899999999999
Ga16Se16O56,3.4975
Ga4Se6,1.043599999999999
Ga8Sn8S20,1.839799999999999
Ga8Te8Br28,1.0077
Ga8Te8Cl28,1.458899999999999
Ga8Te8Mo4O40,3.2165
Ga4Te6,0.6375000000000001
Ga2Te5,0.7230999999999991
Ga4Te2O12,0.7341000000000001
Ga4Te2S4,2.0196
Ga4Te2Se4,1.6141
Ga6Bi10Cl24,1.813
Ga12Cl28,4.1516
Ga12Fe4,0.2215
Ga12Os4,0.676999999999999
Ga6Pb10F38,4.7152
Ga12Ru4,0.378699999999999
Ga6Sb14S16Cl28,2.0643
Ga12Te12Br4,1.3147
Ga12Te12Cl4,1.3323
Ga12Te12I4,1.259099999999999
Ga8Bi4O18,2.8782
Ga4Hg11As4Br16,1.0916
Ga4Hg11P4Cl16,1.718799999999999
Ga36Sn6Te60,0.8666
Ga36Te60Pb6,1.019
Ga14Sb14Te16Cl52,1.4002
Ga14Te20,0.5754
Ga16Sb14Se16Cl58,1.684699999999999
Ga8Ag8P16Se48,1.713499999999999
Ga2Ag2O4,0.583299999999999
Ga2Ag2S4,0.9622
Ga2Ag2Se4,0.249199999999999
Ga1Ag1Sn1Se4,0.8903000000000001
Ga2Ag2Te4,0.1926
Ga1As1,0.1861
Ga3As3O12,3.0694
Ga4B4Pb4O16,3.371399999999999
Ga4Bi12Sb8O44,2.7016
Ga8Br16,3.089
Ga4Br12,3.3559
Ga8Cl16,3.8564
Ga2Cl6,4.1775
Ga4Cl4O4,2.675
Ga2Cu2Br8,1.9902
Ga2Cu2Cl8,1.8173
Ga1Cu1Ge1Se4,0.7335
Ga1Cu1I4,1.4404
Ga2Cu2O4,0.7812999999999991
Ga2Cu2S4,0.7056
Ga2Cu2Se4,0.0398
Ga2Cu2Te4,0.205799999999999
Ga2F6,4.7051
Ga4Fe8B4O20,2.0716
Ga2Ge2Te2,0.1672
Ga4H60N20Cl12,4.2614
Ga16H48Br48N16,3.6361
Ga2H6N2F6,5.308899999999999
Ga4H36N12F12,5.0556
Ga4H4Cl8,4.788
Ga4H4O8,3.2607
Ga4H4Se4O16,4.1423
Ga8Hg16Sb8Cl32,1.1427
Ga2Hg2Cl8,2.8274
Ga12I24,2.4744
Ga4I12,2.3721
Ga2N2,1.726499999999999
Ga1N5O14,1.2545
Ga4Ni8B4O20,3.072799999999999
Ga1P1,1.603899999999999
Ga8P16I72,1.7419
Ga4P12H8O40,5.1828
Ga3P3O12,4.439100000000001
Ga4P4S16,2.3331
Ga4Re4Cl24O8,1.9749
Ga4S4,2.0036
Ga1Sb3Pb4O13,1.388999999999999
Ga4Sb4Cl24,3.939999999999999
Ga1Sb1O4,0.7966999999999991
Ga8Se8,1.2121
Ga4Se4Cl4,2.51
Ga6Te6,1.0066
Ga4Te4Cl4,2.1702
Ga2Te2I14,1.5853000000000002
Ga4Te4O12F4,3.7146
Gd16B48O96,2.692999999999999
Gd2Cl6O24,2.2925
Gd4I12O36,1.2373
Gd4N12O36,2.5904
Gd8P24O72,3.4526
Gd8S24O96,0.0048
Gd20S38,0.445
Gd8Mo12O48,3.2407
Gd8Au20F84,1.5508000000000002
Gd16B8O24F24,2.7369
Gd4Be4Ge2O14,3.2809
Gd4Be4Si2O14,3.314799999999999
Gd8Br12N4,1.8727
Gd2C1N2O2,2.4257
Gd2C1Cl2,0.4861
Gd2C1F2,0.7328
Gd4Cl6,0.1814
Gd4Cr2Sb2O14,1.9649
Gd4Fe2Sb2O14,1.8178
Gd4Ga2Sb2O14,2.377399999999999
Gd12Ge12O42,2.7793
Gd2Ge1Mo1O8,2.4793000000000003
Gd4Hf4Mo14O56,3.094
Gd4Hf4O14,2.8263
Gd8Hf4S20,1.0037
Gd4Hg2O8,1.9856
Gd4In2Sb2O14,2.3762
Gd4Mg2Pt2O12,2.035799999999999
Gd4Mn2Co2O12,0.9184
Gd4Mn2Sb2O14,1.6004
Gd8Mo4O24,2.1748
Gd4Nb4S14O60,0.029799999999999
Gd16O24,2.9411
Gd4P8O26,3.3033
Gd8S12,0.5267000000000001
Gd2S1O2,2.019399999999999
Gd8Se12,0.449
Gd2Se1O2,1.3547
Gd12Se6O6F12,1.348399999999999
Gd8Si8O28,3.2104
Gd8Si16C4N24,2.0209
Gd8Si4O20,3.0808
Gd8Te12,0.056499999999999
Gd4Te8O22,0.248
Gd2Te1O2,0.772899999999999
Gd8Ti4O20,3.1401
Gd12Al20O48,3.4609
Gd6As10O24,2.387
Gd3Au1O6,1.5063
Gd6C2I6,0.061099999999999
Gd6Cu6Sb8,0.3003
Gd6Cu2Ge2Se14,0.7897000000000001
Gd6Cu2Si2Se14,0.844399999999999
Gd12Ga20O48,2.9042000000000003
Gd6Ga2O12,2.9661
Gd12In4S24,0.9636
Gd12Lu8Ga12O48,3.078999999999999
Gd6N2Cl12,1.9483
Gd24Os8O56,0.1301
Gd12Re4O32,1.643199999999998
Gd6Ru2O14,0.1389
Gd6S2O2F10,1.9623
Gd6Sb8Au6,0.4978
Gd6Sb10O24,2.7225
Gd6Sb2O14,2.4705
Gd12Sc8Al12O48,3.2885
Gd12Sc4S24,0.389599999999999
Gd6Se4N2O2,1.754
Gd12Se12N4,1.0937
Gd6Se8O24F2,2.7821
Gd6Si4Cl10O12,2.531
Gd6Ta2O14,2.6563
Gd12Te8N4O4,0.844499999999999
Gd16Au8O36,1.9649
Gd16B4Cl4O28,3.0154
Gd4Ti1Se4O4,0.3285
Gd6Co1Cl10,0.0748
Gd6W1O12,2.7937000000000003
Gd2Ag2W4O16,2.8117
Gd2As2O8,3.4222
Gd4B4S12O48,2.6591
Gd6B6N12,2.1031
Gd6B6O18,3.1001
Gd4Be8B20O44,0.3102
Gd1Bi2Br1O4,1.023199999999999
Gd1Bi2Cl1O4,0.8529
Gd1Bi2I1O4,1.3080999999999992
Gd2Br6,2.2701
Ca16Zr40Ti16O128,3.1694
Ca6Al4As8,1.1101
Ca24Al16N32,2.1954
Ca6Al4P8,1.248199999999999
Ca21As14O56,3.6559
Ca18B12N24,2.4714
Ca6B4O12,4.8224
Ca6Ga4N8,1.9148
Ca6Ga4P8,0.9434
Ca12Ge8As16,0.727699999999999
Ca12Ge8P16,0.9508
Ca72P48O192,4.9116
Ca6Si16P28,1.2361
Ca12Si8As16,0.8230000000000001
Ca12Si8P16,0.8441999999999991
Ca62Sn40,0.035699999999999
Ca12Al8Ge12O48,3.5021
Ca6Al6N10,2.5573
Ca12Al4As12,0.7300999999999991
Ca12Al4N12,2.4565
Ca12Al4Sb12,0.252399999999999
Ca3As1Br3,1.6726
Ca3As1Cl3,1.8439
Ca12As4I12,2.1921
Ca12As4N4,0.894
Ca6B8H24O6,4.7904
Ca12B4I12N8,3.945999999999999
Ca3B1N3,0.5682
Ca3Bi1N1,0.3687
Ca3Bi1P1,0.0759
Ca6C6Cl4,1.2768
Ca3Cd1O4,2.52
Ca6Co2Se8O24,2.9679
Ca12Cr8Ge12O48,3.310799999999999
Ca12Cr8Si12O48,3.247699999999999
Ca6Cr6P8O32,3.252199999999999
Ca6Cu6P8O32,0.6475000000000001
Ca12Fe8Ge12O48,2.4715
Ca6Fe4Se12O36,1.9936
Ca12Fe8Si12O48,2.6417
Ca12Ga8Ge12O48,3.172099999999999
Ca9Ga12O27,2.639299999999999
Ca12Ga4As12,0.332999999999999
Ca6Ga2N6,0.8826
Ca12Ge12Mo8O48,1.8503
Ca12Ge12Rh8O48,1.5931000000000002
Ca6Ge2O2,0.140199999999999
Ca6Hf6Ag2F40,0.8421000000000001
Ca12Hf4Si8O36,4.7635000000000005
Ca12In8Ge12O48,2.6718
Ca12In4P12,0.9918
Ca6La6B10O30,4.1362
Ca12Lu8Ge12O48,3.2916
Ca12Mn8Ge12O48,1.017
Ca6Mn6As8O32,2.0539
Ca6Mn2Co2O12,2.1034
Ca24N16,1.3497
Ca12Nb8Co4O36,2.1471
Ca3P1Cl3,1.8419
Ca12P4I12,2.216999999999999
Ca3P1N1,0.8055999999999991
Ca54Re18N72,0.066999999999999
Ca12Sb4I12,1.8545999999999991
Ca3Sb1N1,0.4075
Ca3Sb1P1,0.6583
Ca12Sc8Ge12O48,3.6138
Ca12Sc8Si12O48,4.2109
Ca6Sc2Co2O12,2.6504
Ca12Si4Cl8O16,4.5029
Ca12Si8Sn4O36,3.5852
Ca12Si12Mo8O48,3.077000000000001
Ca6Si2O2,0.056599999999999
Ca6Sn2H4,0.111799999999999
Ca12Ta16O48F8,3.8977
Ca6Te2O12,3.2598000000000003
Ca12Ti12Cr8O48,3.090699999999999
Ca12Tl8O24,1.204699999999999
Ca12Tm8Ge12O48,3.259
Ca3U1N4,1.333299999999999
Ca6U2O12,2.260099999999999
Ca12V8Si12O48,1.8973
Ca21V14O56,3.5793
Ca6V2N6,0.7644999999999991
Ca12W4Cl8O20,3.9325
Ca6W2O12,3.706
Ca12Y8Ge12O48,3.426599999999999
Ca3Zn2Cu2P4,0.042899999999999
Ca12Zn12Te8O48,2.3035
Ca12Zr4Si8O36,4.4939
Ca43Al16Pb13,0.238999999999999
Ca4Al6Cr1O16,2.8012
Ca16Al24Mo4O64,3.713
Ca4Al6S1O12,3.7247
Ca16Al24S4O64,4.6874
Ca4Al6Te1O12,3.146499999999999
Ca4As2O1,1.213499999999999
Ca32As24,0.6617000000000001
Ca4Bi2O1,0.8131
Ca4Bi6O13,2.169199999999999
Ca16C4N16,1.790699999999999
Ca8Cl12O2,5.2239
Ca4Er1B3O10,4.4289
Ca4Gd1B3O10,3.3154
Ca16Ge4N16,1.409
Ca8Hf2N8,1.2158
Ca4La1B3O10,4.3032
Ca4Mg4Fe3H22,1.584499999999999
Ca8Nb4S18O72,2.3518
Ca16Nb8O36,3.3225
Ca4Nd1B3O10,4.3686
Ca4P2O1,1.2714
Ca16P8O36,4.747400000000001
Ca8P12O38,5.3711
Ca8Pd2O12,1.822699999999999
Ca4Sb2O1,0.907899999999999
Ca16Si8O28F8,4.8233
Ca16Si4N16,1.4498
Ca32Si8P32,1.1988
Ca4Sm1B3O10,4.3982
Ca8Sn2N8,1.929199999999999
Ca8Ta4S18O72,3.1155
Ca16Ta8O36,3.983499999999999
Ca8Ti2N8,1.5392
Ca4Y1B3O10,4.4498
Ca8Zr2N8,1.2411
Ca10Al4Sb12,0.155599999999999
Ca20Cu8N16,0.313899999999999
Ca10Ga4As12,0.088999999999999
Ca30I12O72,2.541299999999999
Ca10In4Sb12,0.1562
Ca30Re12O72,2.1283
Ca10Si4N12,2.1605
Ca10Sn4As12,0.242099999999999
Ca51W12N56O3,1.8087
Ca20Al8Si8N32,2.7945
Ca10As6Cl2O24,3.5157
Ca10As6H2O26,3.9055
Ca10As6O24F2,3.9518
Ca5B3O9F1,4.236800000000001
Ca5Bi6Cl12O8,3.113499999999999
Ca5Co3Si4O16,2.702999999999999
Ca10Nb2N10,0.7783000000000001
Ca20P12Cl4O48,5.625299999999999
Ca10P6H2,0.6829000000000001
Ca10P6H2O26,5.1992
Ca10P6O24F2,5.5148
Ca5P8,1.1418
Ca20Sb12,0.2412
Ca20Si4P8O48,4.7968
Ca10V6Cl2O24,3.7998
Ca10V6O24F2,3.8686
Ca20V4N20,1.7935999999999992
Ca65Ga24Sn19,0.1482
Ca12Al14Cl2O32,3.8007
Ca12Al14O32F2,3.875099999999999
Ca12Fe2Co6O24,0.2065
Ca12Ga2N10,0.8130000000000001
Ca12Mn2N10,0.732399999999999
Ca6Sn2N1F1,0.132299999999999
Ca12Te6N4,1.843299999999999
Ca7H12Cl2,3.6946
Ca14Nb2Si4N18,1.9855
Ca28Si4N24,1.822099999999999
Ca18B4C8Cl16,1.495499999999999
Ca18Cr2P14O56,2.8908
Ca18In2P14O56,4.337099999999999
Ca18La10Cl66,3.6782
Ca3Ag3As3,0.020699999999999
Ca2Ag2As2O8,1.3007
Ca3Ag3P3,0.007
Ca2Al4Si4O16,4.729699999999999
Ca2Al4B4O14,4.8228
Ca2Al8O14,3.9994
Ca4Al4B4O16,4.6961
Ca8Al8H40,2.6885
Ca2As4Xe8F40,2.6249
Ca1As2F12,4.821400000000001
Ca4As8H24F72,5.0448
Ca4As8H4F52,4.8391
Ca4As12F60,4.8741
Ca16As16Pd16,0.160599999999999
Ca4B12H12O28,5.9041
Ca4B12H4O24,5.8113
Ca8B32O56,5.7875
Ca2B16H8O30,5.5888
Ca4B4H4O12,4.963699999999999
Ca8Bi16O40,0.0504
Ca1Bi6P4O20,3.528699999999999
Ca2Bi2Cl2O4,3.6238
Ca1Bi1I1O2,1.553
Ca4Bi4O12,0.665299999999999
Ca2Br4,4.5304
Ca6C12N12O12,3.8085
Ca1C1N2,3.5774
Ca2C2O6,4.999499999999999
Ca1Cd1C2O6,3.336299999999999
Ca1Cd3O4,0.1892
Ca1Cd1O2,0.375499999999999
Ca2Cd2P4O14,3.8448
Ca2Ce8Si6O26,0.1608
Ca1Ce1N2,0.389199999999999
Ca1Ce1V2O8,1.5741
Ca4Cl8,5.5987
Ca2Cl2F2,5.6702
Ca2Co2P8O24,3.2999
Ca1Co1F6,1.3308
Ca4Co4Ge4O16,2.0128
Ca1Cr2F12,1.4544
Ca4Cr8P8O36,2.1309
Ca2Cr2F10,3.2323
Ca1Cr1F6,1.5339
Ca2Cr2O8,2.3714
Ca4Cr4P8O28,0.1076
Ca1Cu2F8,1.2139
Ca2Cu2F8,0.7392000000000001
Ca4Cu4P8O28,0.6887999999999991
Ca4Fe4Ge8O24,1.6032000000000002
Ca2Fe2P8O24,4.4626
Ca4Fe8P8O36,2.0735
Ca2Fe6P8O28,4.0021
Ca2Fe2Cl2O4,0.6341
Ca4Fe4F20,2.833
Ca4Fe4P8O28,3.3507
Ca2Ga8O14,2.5387
Ca4Ga4B4O16,3.9612
Ca1Ga1Ge1H1,0.4359
Ca2Gd4Ge8O24,3.1596
Ca2Ge2N4,2.662199999999999
Ca6Ge6O18,3.481299999999999
Ca4H8,3.0275
Ca4H96Br8N32,3.9677
Ca4H96I8N32,3.5261
Ca16H48N16O80,3.4578
Ca1H6S4O16,5.8984000000000005
Ca2H16Br4O24,3.1367
Ca2H16Cl4O24,5.2201
Ca2H2Br2,4.1152
Ca2H2Cl2,3.8394
Ca2H2Cl2O2,5.3295
Ca2H2I2,3.5271
Ca1H1N1,2.192999999999999
Ca6Hf6S18O72,4.6781
Ca1Hf1N2,0.543299999999999
Ca4Hf4O12,4.4855
Ca2Hf2Tl2F14,5.5318000000000005
Ca1Hg1O2,2.125
Ca2Ho2Mo4O12,1.3182
Ca2Ho2V4O12,1.1093
Ca1I2,3.8971
Ca2In4O8,2.020799999999999
Ca2In2Br6,3.136
Ca1La2B10O19,4.3132
Ca2La8Si6O26,4.4836
Ca2La2Al6O14,4.3945
Ca4La4Ga4O16,3.4555
Ca1Mg1C2O6,5.0091
Ca2Mg2Si4O12,4.9716000000000005
Ca2Mg4S6O24,5.7659
Ca1Mg2N2,1.9968999999999992
Ca8Mg24Si8N32,2.4021
Ca4Mg4Ge4O16,4.024299999999999
Ca4Mg4Ni4H16,1.872999999999999
Ca4Mg4Si4O16,4.6294
Ca2Mn2Ge4O12,1.7943000000000002
Ca2Mn2P8O24,4.3842
Ca4Mn8O16,2.0103
Ca2Mn6P6O26,0.339899999999999
Ca4Mn24Si4O48,0.5927
Ca2Mn2F10,2.5589
Ca1Mn1F6,3.2129
Ca4Mn4Ge4O16,1.754799999999999
Ca2Mn2P4O14,3.4785
Ca4Mn4Si4O16,2.5994
Ca4Mo8P8O36,2.7872999999999992
Ca1Mo1F6,2.5031
Ca2Mo2N6,0.872599999999999
Ca4Mo4O12,1.105
Ca2Mo2O8,3.5007
Ca2Nb4P12O42,2.3764
Ca4Nb8O16,1.277299999999999
Ca4Nb8O24,3.6052
Ca2Nb4P4O22,2.4743
Ca2Nb10P18O72,2.4189
Ca2Nd2Al6O14,4.2799
Ca2Ni2P8O24,4.6204
Ca2Ni6P8O28,3.7349
Ca1Ni1F6,2.1462
Ca2Np2H18O18,1.4339
Ca2Np2P4O16,0.480099999999999
Ca4Np4H28O32,1.5401
Ca1O1,3.6301
Ca1O2,2.7345
Ca6P6,0.3443
Ca2P4H8O8,5.5901
Ca2P4H4O14,5.706
Ca4P8Pd4O28,0.3569
Ca4P8Xe20F88,2.7611
Ca2P6,0.0049
Ca2P8H4O24,5.6369
Ca4P16O44,5.5138
Ca2P12H8N24,4.1792
Ca4P4H4O16,5.4321
Ca4P4S12,3.0848
Ca4P4Se12,2.1335
Ca1Pb1F6,3.455899999999999
Ca4Pb4I24,1.785299999999999
Ca1Pd1F6,2.1062
Ca2Pr2Mo4O12,1.2495
Ca2Pr2Al6O14,4.2872
Ca1Pt1F6,2.643
Ca4Re4N12,1.8813
Ca1S1,2.3819
Ca8S16Cl16O48,4.7193000000000005
Ca4S12O40,5.0004
Ca2S2O8,5.9508
Ca2Sb20S12O20,1.7817999999999992
Ca4Sb8H8F56,4.6984
Ca4Sc8O16,3.457999999999999
Ca1Se1,2.0728
Ca8Se16O40,3.5053
Ca4Se4O12,4.2602
Ca2Se2O8,3.2683
Ca12Si24N24O24,4.369099999999999
Ca16Si16N32,3.508800000000001
Ca6Si6O18,4.8413
Ca1Sn1B2O6,3.7069
Ca6Sn6S18O72,1.7000000000000002
Ca1Sn4P6O24,3.5904
Ca1Sn1F6,5.418
Ca4Sn4N8,1.3787
Ca4Sn4O12,2.3301
Ca2Ta4Bi4O18,2.9261
Ca4Ta8O24,3.473899999999999
Ca2Ta8O22,3.543799999999999
Ca2Ta10P18O72,3.0697
Ca2Ta2Al2O10,3.900699999999999
Ca12Ta12F84,5.0679
Ca2Tc2N6,0.474
Ca1Te1,1.5535
Ca4Te8O20,3.3756
Ca2Te6O16,2.0176
Ca20Te20O60,2.895
Ca4Te4O16,2.2712
Ca2Th2P4O16,4.628500000000001
Ca1Th1V2O8,3.0505
Ca6Ti6S18O72,2.2441
Ca8Ti16H16O48,3.1485
Ca1Ti4P6O24,2.7105
Ca1Ti1F6,4.5826
Ca4Ti4Ge4O20,2.9496
Ca16Ti16N32,2.2431
Ca4Ti4O12,2.3053
Ca4Ti4Si4O20,2.985499999999999
Ca2Tl2Br6,3.7234
Ca2Tl2Cl6,4.2088
Ca2U2Mo8O32,2.0852
Ca4U4P8O32,0.141299999999999
Ca2U2Se4O16,1.9467999999999992
Ca2U4B4O20,2.0258
Ca1U3Ti8O24,0.0593
Ca2U2I12,0.9085
Ca1U1O4,2.103899999999999
Ca2V2P8O24,2.9611
Ca1V2O6,2.8812
Ca4V8P8O36,1.5018
Ca2V8Ag4O24,1.9174
Ca8V8Bi8O40,3.248399999999999
Ca4V4Si4O20,1.1317
Ca1W1F6,3.7379
Ca2W2N6,0.5612
Ca2W2O8,4.3443
Ca4Y4B4O16,4.3059
Ca2Y2P14O40,5.369
Ca2Zn4P4O16,3.787199999999999
Ca4Zr4P8O32,4.392
Ca6Zr6S18O72,3.8219
Ca1Zr4P6O24,4.172099999999999
Ca1Zr1N2,0.3938
Ca4Zr4O12,3.8263
Ca4Zr4Ti8O28,2.9332000000000003
Ca2Zr2Tl2F14,5.5631
Cd1Ag2I4,1.7741
Cd1As2O6,1.934899999999999
Cd2Au4F16,1.7789
Cd2Au4F24,1.8309
Cd2B4H16,3.9565
Cd2Co4O8,1.9265999999999992
Cd2Cu4O8,0.320199999999999
Cd2Fe4O8,1.8272
Cd2Ga4Cl16,3.7398
Cd2Ga4O8,1.5793
Cd1Ga2S4,2.1205
Cd1Ga2Se4,1.3487
Cd1Ga2Te4,1.0357
Cd2H4O4,1.7022
Cd4I8O24,3.2739000000000003
Cd2In4S8,1.050399999999999
Cd1In2Se4,0.956399999999999
Cd1In2Te4,0.8481000000000001
Cd8N16O48,3.4581
Cd8P16O48,3.9273
Cd1Pt3O6,0.2137
Cd2Rh4O8,0.8366999999999991
Cd1Sb2O6,1.4136
Cd4W24Br56,2.0519
Cd32As16H16O80,1.5943
Cd8As4O16F4,1.705099999999999
Cd4Bi2As2O12,2.0584
Cd2Cu1P2O8,0.698099999999999
Cd4Ga2Ag2S8,1.0437
Cd8Ge4O16,1.0923
Cd8H8S4O24,2.9722
Cd8H12Cl4O12,2.0958
Cd4Hg26As16Cl24,1.4033
Cd4P4O14,2.713899999999999
Cd4P12O34,4.4138
Cd8P4O16F4,2.3713
Cd4Sb4O14,0.3778
Cd4Si2P8O28,4.145
Cd4Si2O8,1.462999999999999
Cd4Sn2O8,0.399799999999999
Cd8Te8O28,1.768799999999999
Cd12As8O32,1.6354000000000002
Cd6B4O12,1.4576
Cd6Cl4O4,1.1749
Cd3Cu2P10,1.2626
Cd36P24O96,2.5482
Cd12As4Cl12,1.4485
Cd3As1I3,0.8399000000000001
Cd6B8Pb6O24,2.654899999999999
Cd12B4P4O28,2.0403
Cd24P16,0.0018
Cd6P2Cl6,1.8279
Cd3P1I3,1.2987
Cd6Si2O10,0.9679
Cd6Te2O12,0.5061
Cd32As16Br24,0.9704
Cd32As16Cl24,0.8937
Cd4Mo1W3O16,2.7918000000000003
Cd8O2F12,1.8997
Cd32P16Br24,1.3986
Cd32P16Cl24,1.3826
Cd4P6S1N12,2.9902
Cd32Sb16I24,1.130599999999999
Cd10Mo4P16O56,2.5954
Cd28P16Cl24,1.8003999999999991
Cd28Te28Cl32O68,3.4292
Cd4Ag8Ge4S16,0.8323
Cd1Ag2Sn3S8,0.643199999999999
Cd2As4,0.133199999999999
Cd4As8Xe16F80,2.415699999999999
Cd4As8H4F52,4.0501
Cd2Au2O4,0.8955000000000001
Cd8B16F64,5.596299999999999
Cd4B8Xe4F40,2.8874
Cd8B32O56,4.1707
Cd1Bi12Cl14O12,1.5446
Cd4Bi4B4F40,2.0295
Cd2Bi2Cl2O4,2.8427
Cd2Bi2O6,0.766999999999999
Cd2Br4,2.8551
Cd1C1N2,2.3076
Cd2C2O6,2.6226000000000003
Cd1Cl2,3.5244
Cd2Co2P8O24,2.5498000000000003
Cd1Co3P8O24,3.0064
Cd2Cu4Ge2S8,0.388499999999999
Cd2Cu4Si2S8,0.9802999999999992
Cd2Cu4Si2Se8,0.339999999999999
Cd1Cu2Si1Te4,0.299999999999999
Cd2Cu2F8,0.7327
Cd1F2,2.8977
Cd4Ge4Bi8O24,1.9126999999999992
Cd2Ge2As4,0.0085
Cd4Ge4N8,0.9590999999999992
Cd2Ge2P4,0.6455000000000001
Cd4H8S4O20,3.4934
Cd4H8Se4O20,2.5187
Cd8H24N8O40,3.2998
Cd4H16Br8O32,4.0222
Cd4H16N4Cl12,3.5397
Cd1H6N2Cl2,3.542399999999999
Cd2H2Cl2O2,2.4655
Cd2H2O2F2,1.8626
Cd2Hg4S2O12,1.3352
Cd2Hg4Se2O12,0.9505999999999992
Cd2Hg8As4I8,0.4617
Cd4Hg24As16Br24,1.3456
Cd4Hg24Sb16I24,0.8608999999999991
Cd4Hg4As4Br4,1.0028
Cd1Hg1O2,0.3315
Cd3I6,2.3382
Cd2In4O8,0.9137
Cd2Mo2O8,2.4682
Cd2Ni2P8O24,0.042999999999999
Cd4P56Pb4,1.3747999999999991
Cd8P16,1.4556
Cd2P4H16O20,4.2597000000000005
Cd4P8Xe20F88,2.4563
Cd2P8,0.6551
Cd4P16O44,4.4704000000000015
Cd6P6H6O18,3.4223
Cd2P2S6,1.756199999999999
Cd2P2Se6,1.0486
Cd1Pb2Cl2O2,2.435499999999999
Cd1Pb1F6,2.3364000000000003
Cd1Pd1F6,1.7751
Cd1Pt1F6,2.1901
Cd2S2,1.125
Cd4S8O28,4.2148
Cd2S2O8,2.8625
Cd8Sb8,0.020099999999999
Cd4Sb20O4F112,0.0242
Cd2Se2,0.5724
Cd4Se8,0.6141999999999991
Cd2Se4O10,2.9054
Cd4Se4O12,3.0904
Cd2Se2O8,1.6838000000000002
Cd2Si2As4,0.400199999999999
Cd12Si12O36,2.8901
Cd2Si2P4,1.4257
Cd2Sn2As4,0.006299999999999
Cd1Sn1F6,3.8568
Cd2Sn2O6,0.9762
Cd4Sn4P56,1.444499999999999
Cd2Sn2P4,0.269499999999999
Cd1Te1,0.5846
Cd2Te2Pb12O20,2.0475
Cd2Te2Mo2O12,3.189399999999999
Cd8Te8O24,3.019
Cd2W2O8,3.262699999999999
Ce2Al40V4,0.021799999999998
Ce3Al9Br36,0.2026
Ce1As12Ru4,0.238199999999999
Ce8B24H96,0.3439
Ce2B8Os8,0.226899999999999
Ce2Cl8O32,1.6159
Ce1Fe4As12,0.1467
Ce1Fe4P12,0.520899999999999
Ce1Fe4Sb12,0.231199999999999
Ce2I8O24,1.4876
Ce1Mo6S8,0.338499999999999
Ce1P12Os4,0.282999999999999
Ce1P12Ru4,0.191500000000001
Ce2P6O18,0.222799999999999
Ce8P32O96,1.2397
Ce8S16O64,1.0168
Ce1Sb12Os4,0.0514
Ce1Sb12Ru4,0.0433
Ce4Se8O24,1.2671
Ce8Se16O64,1.2845
Ce4Al18Ir6,0.0205
Ce4Ga18Ir6,0.0078
Ce8H32S12O64,0.0454
Ce2Se1N2,0.8943000000000001
Ce8Si8O28,0.0701
Ce4Te8Cl4O22,1.4548
Ce4Te14Br4O34,1.2014
Ce6Bi8Pt6,0.2042
Ce12C4Cl20,0.209399999999999
Ce6Cu2Si2S14,0.0071
Ce6Sb8Pt6,0.2721
Ce6Si4S16Br2,0.0883
Ce6Si4S16Cl2,0.1024
Ce6Si4S16I2,0.1101
Ce6Si2Ag2S14,0.019699999999999
Ce16C4I24N4,0.008099999999999
Ce8Se6N4,0.0143
Ce6Th4O19,0.102799999999999
Ce2Ag12N18O54,2.2186
Ce4As4O16F4,1.495499999999999
Ce4As4Rh4,0.025599999999999
Ce4B4O12,0.058699999999999
Ce4Bi4Rh4,0.0144
Ce6C6O18F6,0.079899999999999
Ce2Cl6,0.011099999999999
Ce2Cu2Ge2H2,0.2008
Ce6F18,0.9484
Ce6F24,2.1473
Ce2Hf4F22,0.1023
Ce2Hf2F14,0.3565
Ce2I6,0.7358999999999991
Ce4Mg4B20O40,0.289999999999999
Ce2Ni2Ge2,0.056799999999999
Ce1O2,1.8647
Ce4P8O28,1.3714
Ce2P10O28,0.677099999999999
Ce8P8S32,0.223899999999999
Ce2Pt4,0.0089
Ce1Sc3B4O12,0.2621
Ce4Si12N20,0.118999999999999
Ce3Si3B3O15,0.157499999999999
Ce8Sn24Ru8,0.0053
Ce4Tl4P16O48,0.346899999999999
Ce4Tl4P8S24,0.2887
Ce4Tl8P8S28,0.232899999999999
Ce8Tl8F40,1.511
Ce4Tl4P8S28,0.278299999999999
Ce2Zr4F22,0.3153
Ce2Zr2F14,0.029399999999999
Cl4O14,3.6753
Cl8F24,2.5175
Cl2F10,3.086799999999999
Cl8O16,0.9646
Cl4O12,1.2103
Cl4O4F12,3.6609
Co1As2O6,2.065699999999999
Co4Cl8O32,3.1573
Co4I8O24,2.0717
Co4N8O24,1.8283
Co4N16O48,0.043099999999999
Co4Pt12O24,0.1366
Co8Ge12S12,0.5427999999999991
Co8Ge12Se12,0.3737
Co8Ge12Te12,0.4535
Co8Sn12Se12,0.3384
Co8Sn12Te12,0.4171
Co21Cu3O32,0.017
Co8As4H4O20,1.9439
Co4P4O14,2.0784
Co8P4Cl4O16,2.6302000000000003
Co8P4H4O20,2.4941
Co4Te6O16,2.4813
Co12As8O32,1.958699999999999
Co6P4O16,2.9001
Co6P8Pb2O28,3.0652
Co18Te6O36,1.0654
Co16Se12Cl8O36,2.4618
Co10Se8Br4O24,2.528
Co10Te8Cl8O22,1.8011
Co24Te12Cl8O48,2.2763
Co14Sb4O24,0.8058999999999991
Co14Te8Br12O24,2.2401
Co18Te10Pb12O60,1.3596
Co4Ag4N12O36,2.480299999999999
Co2Ag2O4,1.331999999999999
Co4As8,0.172299999999999
Co2As8F36,3.4419
Co8As8Se8,0.3947
Co2Au2O4,0.5255000000000001
Co8Bi16S8O56,2.244799999999999
Co2Bi12S4O32,2.350099999999999
Co4Bi4As4O20,2.0761
Co1Br2,0.1072
Co1Cl2,0.0843
Co2F4,2.2721
Co4F12,1.6435
Co4H48Br8O24,2.852999999999999
Co4H48Br8O48,3.2083
Co4H8Cl8O4,0.8128000000000001
Co4H8S4O20,1.172
Co1H4Cl2O2,2.573
Co2O2,0.5880000000000001
Co4O8,0.5904
Co4P8,0.437799999999999
Co2P4H16O20,2.448
Co4P8Pb4O28,3.161299999999999
Co4P16O44,3.364999999999999
Co4P4O16,0.483499999999999
Co4P4S4,1.1231
Co8P8Se8,0.6371
Co1Pt1F6,1.9373
Co4S4O16,2.1606
Co4Sb8Br8O12,1.595799999999999
Co4Sb12,0.1633
Co8Sb8S8,0.367399999999999
Co4Se8O20,2.3763
Co2Se2O8,1.3657
Co1Sn1F6,2.6481
Co2Te2Mo2O12,1.847299999999999
Cr1Bi14O24,2.019199999999999
Cr4P12O36,3.3621
Cr4Bi12O30,2.408
Cr8Mo12O48,2.3556
Cr4Cd2O8,1.8327
Cr4Co2O8,2.606
Cr4H48I6N18,1.9093
Cr4Hg2O8,1.2575
Cr4Ni2O8,0.7009999999999991
Cr12P12O42,0.657
Cr8P16Pb12O64,2.4535
Cr8P4Br4O16,2.2655
Cr4Te8O22,2.3209
Cr4Te2O12,1.4893
Cr4W2O12,1.609599999999999
Cr12Fe8O48,1.823599999999999
Cr6Ag2O16,1.2442
Cr6B14Br2O26,0.466099999999999
Cr12B28Cl4O52,2.7626
Cr6B14I2O26,2.026499999999999
Cr6B14O26F2,3.1891
Cr4Ag1Bi1O14,1.698599999999999
Cr4In1Ag1Se8,9.999999999976698e-05
Cr16Si8Br8O28,2.2567
Cr16Si8Cl8O28,2.320299999999999
Cr5In1S8,0.134599999999999
Cr20O48,1.794699999999999
Cr1Ag1P2Se6,0.6964
Cr1Ag1O2,1.6634
Cr1Ag1Se2,0.4239
Cr2Ag2Sn2Se8,0.0041
Cr6As6O24,2.5028
Cr1Au1O2,1.266
Cr1Au1S2,0.5956
Cr4B4Pb4O16,2.324799999999999
Cr6Br18,1.2759
Cr2Cd2O8,2.2913
Cr2Cl6,1.5182
Cr2Cl2O2,0.3688
Cr2Co2O8,0.506
Cr4Cu4P8S24,0.0876
Cr1Cu1P2Se6,0.639999999999999
Cr2Cu2O4,1.5391
Cr2F4,0.006399999999999
Cr2F6,3.0453
Cr8F32,1.5712000000000002
Cr4F20,1.4475
Cr1F6,2.0863
Cr2H24Cl6O12,3.197
Cr4H60S8O60,3.332799999999999
Cr4H72O36F12,4.2569
Cr1H1O2,3.155799999999999
Cr4H4Se12O32,3.000299999999999
Cr2Hg2Pb4O12,2.0918
Cr4Hg12Pb8O32,1.9243
Cr4Hg24As16Br28,1.143599999999999
Cr4Hg4O16,1.931
Cr6I18,1.159
Cr4Ni8B4O20,2.7366
Cr2Ni2Ag4F14,1.657399999999999
Cr2O4,0.041999999999999
Cr4P8Pb20O52,2.1886
Cr1P6W3O24,2.0678
Cr6P6O24,2.4649
Cr4Pb8F28,3.6136
Cr2Pb4O10,1.8544
Cr4Pb4O16,2.0522
Cr2Sb6Pb8O26,1.1067
Cr4Sb4F40,1.2929
Cr4Sb4O16,0.8623000000000001
Cr4Sn4Sb4O24,0.9006000000000001
Cr8Te24,0.1806
Cs4B24Br24,2.5614
Cs4B24Cl24,3.2704
Cs2B12H12,5.3831
Cs4B24I24,1.687599999999999
Cs4Bi16Te24,0.848399999999999
Cs4Nb24Cl60,0.967
Cs2Sb4S8,1.4413
Cs2Sb4Se8,1.121999999999999
Cs2Te4O12,0.361699999999999
Cs20P8Pd2Se32,1.253099999999999
Cs40Si28O36,1.415
Cs40Tl24Si4O16,0.192299999999999
Cs24Nb2In12As18,0.8548
Cs12Sn2As6O1,0.558
Cs8P12Se24,1.3135
Cs2Ag1As1Br6,1.116099999999999
Cs4Ag2As2S8,1.5615
Cs2Ag1Au1Cl6,0.448
Cs2Ag1Bi1Cl6,1.8663
Cs2Ag1Bi1F6,2.7645
Cs8Ag4Br12,2.7333
Cs8Ag4Cl12,3.0042
Cs4Ag2F8,0.185
Cs8Ag4I12,2.8367
Cs2Ag1Mo1F6,2.7943
Cs2Ag1Sb1Cl6,1.662399999999999
Cs6Al3N15O45,2.917
Cs2Al2As2O7,3.662199999999999
Cs4Al4B4O14,4.249
Cs2Al2P2O9,4.899699999999999
Cs2Al2Sb2O7,3.6378
Cs2Al1Ag1F6,3.4974
Cs2Al1In1H6,0.610799999999999
Cs8Al4P12O40,4.6788
Cs2Al1Tl1F6,5.6085
Cs2Al1Tl1H6,1.136199999999999
Cs4As4Pd2,0.9487999999999992
Cs4As4Pt2,0.9559
Cs4As6,0.447499999999999
Cs8As16Pd12O56,0.3336
Cs16As64S104,1.5193999999999992
Cs8As4H20O24,3.9705
Cs4Au4Se6,1.4734
Cs4Ba4C6O18,4.3381
Cs8Ba4P8O28,4.8119
Cs8Be4Cl16,5.3524
Cs8Be4O8,3.1264
Cs4Bi4Pd2,0.454
Cs16Bi32O56,2.6314
Cs4Bi8Se14,0.7744999999999991
Cs2Br1Cl6F1,0.9489
Cs6C3N6,2.2806
Cs6C3N6,2.6868
Cs8C4O12,3.3306
Cs8Ca8S12O48,5.6575
Cs2Ca1Br4,4.0811
Cs2Ca1Cl4,4.7867
Cs2Ca1H4,3.0097
Cs2Ca1P2O7,4.9064
Cs8Ca4V8O28,3.4021
Cs8Cd8Mo12O48,4.1415
Cs4Cd6Te8,1.558699999999999
Cs8Cd4Bi8S20,1.7308999999999992
Cs8Cd4Br16,3.4843
Cs8Cd4Ge12S32,2.3475
Cs4Cd2I8,2.8822
Cs8Cd4P8O28,3.3607
Cs8Cd4Sn12Se32,1.371999999999999
Cs2Ce10Os2I17,0.0196
Cs2Ce1Ag1Br6,2.6247
Cs2Ce1Cl6,1.823599999999999
Cs4Ce2O6,2.2437
Cs8Co4Br16,0.6984
Cs8Co4Cl16,0.732699999999999
Cs8Co4Si4O16,2.8661000000000003
Cs6Cr3N15O45,2.7358
Cs4Cr2H8F20,1.9123
Cs8Cr4O16,3.2458
Cs4Cu4Sb4Se10,0.8173
Cs4Cu4Si16O38,0.7552000000000001
Cs4Cu6P8O28,0.7549
Cs4Cu6Sn2F24,0.7047
Cs8Cu4Br16,0.1547
Cs8Cu4Cl16,0.376299999999999
Cs2Cu1F6,0.2646
Cs2Dy1Ag1Cl6,3.8171
Cs8Dy4Cl20,4.8906
Cs2Er1Ag1Cl6,3.4947
Cs8Er4Cl20,4.9539
Cs8Ga8B8O28,4.0051
Cs4Ga6As10O36,2.4875
Cs2Ga1Ag1F6,2.7308
Cs8Ga4P12O40,4.207000000000001
Cs16Ga8Sb16,1.2101
Cs8Gd4Cl20,2.9185
Cs2Ge1Te3O12,0.6737000000000001
Cs8Ge8S20,2.6987
Cs2Ge1B4O9,4.274900000000001
Cs2Ge1Cl6,2.215
Cs24Ge12O36,3.3437
Cs4Ge2P8O26,4.236700000000001
Cs4Ge2Se6,1.655199999999999
Cs4Ge2Se8,1.6824
Cs8Ge4Te16,0.537999999999999
Cs4H8Pd2,2.9382
Cs4H8Pt2,3.2534
Cs4H12C2O12,4.0513
Cs2H6Pt1,3.908299999999999
Cs2Hf1W3O12,3.0183
Cs2Hf1Br6,3.2973
Cs2Hf1Cl6,4.2277000000000005
Cs2Hf1I6,2.2062
Cs4Hf2O6,3.8149
Cs4Hg2B18Se18,1.8712
Cs2Hg3Ge2S8,1.7759
Cs2Hg3I8,1.731399999999999
Cs4Hg6S8,1.732499999999999
Cs4Hg6Se8,1.195399999999999
Cs4Hg12S14,0.6230999999999991
Cs8Hg4Br16,2.4673
Cs8Hg4Br16,2.8128
Cs16Hg8Cl32,3.0746
Cs2Hg1F4,2.0818
Cs4Hg2I8,2.0411
Cs2Hg1O2,2.068899999999999
Cs2Hg1Te1,1.8046
Cs8Ho4Cl20,4.9039
Cs8I16O44,2.984999999999999
Cs2I1Cl6F1,1.126099999999999
Cs16In16Sb24,1.267199999999999
Cs4In6,0.216299999999999
Cs2In1Ag1Br6,0.255599999999999
Cs2In1Ag1Cl6,1.3421
Cs2In1Ag1F6,2.1888
Cs2Ir1F6,0.077699999999999
Cs4K4B20O34,4.6216
Cs4K4Cd6O10,1.2436
Cs8K8Te4O20,2.024899999999999
Cs2K1Ag1F6,0.637099999999999
Cs2K1As1Br6,3.0015
Cs2K1As1F6,4.6474
Cs2K1Bi1F6,4.9469
Cs2K1Ce1Br6,0.314
Cs2K1Co1F6,3.0136
Cs2K1Cr1Cl6,1.553499999999999
Cs2K1Cr1F6,4.287
Cs2K1Cu1F6,0.8990999999999991
Cs2K1Dy1Cl6,5.1988
Cs2K1Er1Cl6,5.2229
Cs2K1Fe1F6,4.095599999999999
Cs2K1Gd1Cl6,3.2188
Cs2K1Ho1Cl6,5.2294
Cs2K1In1Br6,2.3584
Cs2K1In1Cl6,3.5784
Cs2K1In1F6,5.4629
Cs2K1Lu1Cl6,5.2423
Cs4K2Mn6F24,0.810199999999999
Cs2K1Mn1F6,1.7435
Cs2K1Mo1F6,4.1117
Cs2K1Nd1Br6,4.2395
Cs2K1Pr1Br6,4.2336
Cs2K1Rh1F6,2.101299999999999
Cs2K1Sc1Cl6,3.7113
Cs2K1Sc1I6,2.3591
Cs2K1Sm1Cl6,5.0573
Cs2K1Tb1Cl6,5.0878
Cs2K1Tl1F6,3.605
Cs2K1Tm1Cl6,5.2319
Cs2K1Y1Br6,4.2852
Cs2K1Y1Cl6,5.1935
Cs2La10Ru2I17,0.0035
Cs8La4Br20,3.3266
Cs8La4Cl20,4.097300000000001
Cs4Li4Ge2O8,3.4744
Cs4Li4Si2O8,3.8531
Cs4Li4Ti2O8,3.955399999999999
Cs4Li6Ga2O8,3.6593
Cs4Li2As2O8,3.7302
Cs2Li1Ce1Br6,0.2909
Cs2Li1Cr3F12,3.1832
Cs2Li1Cr1F6,4.3359
Cs2Li1Dy1Cl6,5.0917
Cs2Li1Er1Cl6,5.1941
Cs2Li1Gd1Cl6,2.782
Cs2Li1In1Br6,1.318
Cs4Li2In2Cl12,3.2418
Cs2Li1Lu1Cl6,5.3389
Cs8Li4Mn4O16,1.818
Cs2Li1Mo1F6,4.8178
Cs4Li2Nb2S8,2.4582
Cs2Li1Nd1Br6,3.9972
Cs2Li1Nd1I6,2.9743
Cs2Li1Pr1Br6,3.9721
Cs2Li1Pr1I6,2.960899999999999
Cs4Li2Sc2Cl12,3.8154
Cs2Li1Sm1Cl6,4.9508
Cs2Li1Tb1Cl6,5.0434
Cs2Li1Tm1Cl6,5.2527
Cs2Li1V3F12,2.163399999999999
Cs4Li2V2O8,3.9955
Cs4Li2V2S8,1.5877999999999992
Cs2Li1Y1Br6,4.0508
Cs2Li1Y1Cl6,4.8986
Cs2Li1Y1I6,3.008499999999999
Cs2Lu1Ag1Cl6,3.7052
Cs8Mg8Mo12O48,4.2715
Cs8Mg4Ge12Se32,1.4687
Cs16Mg8Si40O96,4.9135
Cs8Mg4Sn12Se32,1.4299
Cs8Mn4P16O48,4.6555
Cs8Mn8Mo12O48,3.303
Cs4Mn6S8,0.409699999999999
Cs8Mn4Bi8S20,0.8597999999999991
Cs8Mn4Br16,2.6151
Cs2Mn1Cl4,1.2335
Cs2Mn1Cl6,1.342299999999999
Cs2Mn1F4,3.459399999999999
Cs2Mn1F5,1.3155
Cs2Mn1F6,3.3832
Cs4Mn2Ni2F12,3.9301
Cs8Mn4O16,0.6356
Cs4Mn2S4,1.1924
Cs16Mn8Si40O96,2.4585
Cs4Mn2Sn2Te8,0.3822
Cs4Mn2Te4,1.0568
Cs4Mo6O20,3.4187
Cs8Mo12P12O68,2.2994
Cs4Mo6Se2O24,2.4983
Cs8Mo4O16,4.6118
Cs8Mo4S16,1.735799999999999
Cs8Mo4Se16,1.224
Cs4Na4B20O34,4.7735
Cs8Na12In4O16,2.428599999999999
Cs8Na12Tl4O16,1.7763
Cs2Na1Al1H6,1.8894
Cs8Na4As28,1.4374
Cs2Na1As1Br6,2.559
Cs2Na1As1F6,4.557799999999999
Cs4Na2As2O8,3.5372999999999992
Cs2Na1Bi1Cl6,3.7126
Cs2Na1Bi1F6,5.021000000000001
Cs2Na1Ce1Br6,3.1789
Cs2Na1Ce1Cl6,0.3601
Cs2Na1Ce1I6,2.3813
Cs4Na2Co2F12,2.801
Cs4Na2Cr2F12,4.2707
Cs2Na1Dy1Cl6,4.9885
Cs2Na1Er1Cl6,5.3424
Cs4Na2Fe2F12,3.841
Cs4Na2Ga2F12,5.9704
Cs4Na2Ga2P4,1.482
Cs2Na1Gd1Cl6,3.0186
Cs2Na1Ho1Cl6,5.2906
Cs2Na1In1Br6,1.8935
Cs2Na1In1Cl6,2.9904
Cs2Na1In1F6,5.304
Cs2Na1In1H6,1.255799999999999
Cs2Na1Lu1Cl6,5.494
Cs2Na1Mo1F6,4.3824
Cs2Na1Nd1Br6,4.1254
Cs2Na1Nd1Cl6,4.9943
Cs2Na1Pr1Br6,4.125199999999999
Cs2Na1Pr1Cl6,4.9676
Cs2Na1Pr1I6,3.1147
Cs2Na1Rh1F6,1.9082
Cs2Na1Sc1Br6,3.1061
Cs2Na1Sc1Cl6,3.8894
Cs2Na1Sc1I6,2.2294
Cs2Na1Sm1Cl6,5.1745
Cs2Na1Tb1Cl6,5.2046
Cs2Na1Tl1Cl6,1.9178
Cs2Na1Tl1F6,3.6228
Cs2Na1Tm1Cl6,5.4487
Cs2Na1U1Cl6,0.5004000000000001
Cs4Na2V2O8,3.9493
Cs2Na1Y1Br6,4.2176
Cs2Na1Y1Cl6,5.0774
Cs2Na1Y1I6,3.1517
Cs4Nb6Cl14O10,2.3094
Cs16Nb32O88,3.0055
Cs2Nb6Pb1Cl18,1.0644
Cs4Nb2Ag2S8,2.2195
Cs4Nb2Ag2Se8,1.8213
Cs4Nb2Cu2Se8,1.635099999999999
Cs2Nb1F6,0.247799999999999
Cs2Nd1Ag1Br6,3.3798
Cs2Nd1Ag1Cl6,3.8207
Cs4Ni2N8O24,2.9547
Cs4Ni6S8,0.9065999999999992
Cs2Ni3Se4,0.6160000000000001
Cs4Ni2As4,0.5567000000000001
Cs2Ni1F6,2.4357
Cs2Ni1O2,2.6343
Cs8Np4S8O40,0.213099999999999
Cs2Np1Br6,0.091099999999999
Cs2Np1O4,0.2765
Cs2O1,0.583199999999999
Cs2O2,1.6496
Cs4P4Pd2,1.0311
Cs4P6,0.8470999999999991
Cs4P8Pd6O28,1.3628
Cs8P4Au4S16,2.1538
Cs8P4H20O24,4.6676
Cs8P4O12F4,4.402
Cs4P2Se10,1.4824
Cs4Pa2F14,4.0373
Cs4Pb2I4Cl4,2.9646
Cs4Pb4O6,2.0761
Cs2Pb1Cl6,1.4541
Cs2Pb1Cl1F6,0.098999999999999
Cs8Pb4O8,1.8593
Cs4Pb2O6,1.3724
Cs2Pd1I2Br4,0.723599999999999
Cs2Pd1I2Cl4,0.9218
Cs2Pd3S4,1.3815
Cs2Pd3Se4,0.986699999999999
Cs2Pd1Br6,0.756
Cs2Pd1Cl4,1.839
Cs2Pd1Cl6,1.3617
Cs2Pd1F6,2.306499999999999
Cs8Pd4Se32,1.1887
Cs2Pr10Co2I17,0.052999999999999
Cs2Pr10Ru2I17,0.0013
Cs8Pr4Cl20,4.7712
Cs4Pt2,1.6743
Cs2Pt3S4,1.6386
Cs2Pt3Se4,1.3326
Cs2Pt1Br6,1.4417
Cs2Pt1C2,1.2698
Cs2Pt1Cl6,2.1146
Cs2Pt1F6,2.6933
Cs2Pt1I6,0.655099999999999
Cs2Pu1Cl6,0.365
Cs2Rb1As1Br6,2.8942
Cs2Rb1As1F6,4.5627
Cs2Rb1Bi1F6,4.7749
Cs2Rb1Cu1F6,0.8744000000000001
Cs2Rb1Fe1F6,4.1178
Cs2Rb1Ga1F6,5.9411000000000005
Cs2Rb1In1F6,5.3728
Cs2Rb1Lu1Cl6,5.0606
Cs2Rb1Sc1I6,2.3929
Cs2Rb1Sm1Cl6,4.8937
Cs2Rb1Tb1Cl6,4.923299999999999
Cs2Rb1Tl1F6,3.7422
Cs8Re4Cl12O12,2.3472
Cs12Re12Se30,0.7173
Cs16Re24Se32I24,2.0776
Cs2Re1Cl6,1.2397
Cs2Re1F6,1.8006000000000002
Cs8Ru4O16,0.585599999999999
Cs8S4,2.0952
Cs4S6,1.3635
Cs8S20,1.8661999999999992
Cs8S4O16,5.0111
Cs16Sb8,0.2839
Cs4Sb4Pd2,0.8965999999999991
Cs4Sb4Pt2,0.740699999999999
Cs8Sb16S28,1.641
Cs4Sb16S26,1.664
Cs4Sb2F10,4.7187
Cs2Sc1Ag1Cl6,3.3916
Cs2Sc1Ag1F6,3.651099999999999
Cs2Sc1Ag1I6,2.0571
Cs2Sc1In1I6,1.9467999999999992
Cs2Sc1Tl1F6,5.2805
Cs2Sc1Tl1I6,2.4146
Cs2Se1,1.7952
Cs4Se6,0.7396
Cs8Se20,0.9618
Cs2Se1Cl6,2.7509
Cs8Se4O16,3.8216
Cs12Si6S36O126,5.269699999999999
Cs16Si16O40,4.4604
Cs8Si8Se20,2.515399999999999
Cs8Si12Sn4O36,3.9233
Cs4Si2As4,1.0347
Cs2Si1B4O9,4.7924
Cs24Si12O36,3.6834
Cs4Si2P4,1.2699
Cs4Si2S6,2.9485
Cs4Si2Se8,1.9385
Cs2Sm1Ag1Cl6,3.8478
Cs4Sn2Au4S8,2.0449
Cs4Sn2Ge6O18,2.6155
Cs2Sn1H12N6,2.5332
Cs2Sn1H6O12,2.5642
Cs2Sn2Hg3S8,1.6243
Cs8Sn8O12,2.5267
Cs4Sn6Sb4S20,1.8595
Cs8Sn12Hg4Se32,1.203399999999999
Cs4Sn2As4,0.7669
Cs4Sn2As4Se18,0.7742000000000001
Cs2Sn1Br6,1.438899999999999
Cs2Sn1Cl6,2.59
Cs2Sn1F6,5.3369
Cs2Sn1I6,0.293799999999999
Cs4Sn2O6,2.386
Cs8Sn4S56,1.5134
Cs4Sn2Se6,1.723599999999999
Cs8Sn4Te16,0.633
Cs4Sr2P4O14,4.853499999999999
Cs2Sr1V4O12,2.6812
Cs2Ta6Pb1Cl18,1.4561000000000002
Cs4Ta2Ag2S8,2.5939
Cs2Tb6Te7N2,0.7433999999999991
Cs2Tb1Ag1Cl6,3.8150999999999993
Cs2Tc1Cl6,1.2924
Cs2Tc1F6,1.8113
Cs2Tc1I6,0.6815
Cs8Te4,1.774
Cs16Te16O40,2.8746
Cs4Te6,0.5258
Cs8Te16O36,2.405899999999999
Cs2Te1Br6,2.1121
Cs2Te1Cl6,2.7815000000000003
Cs2Te1I6,1.3877000000000002
Cs4Te2O6,3.535199999999999
Cs8Te4O16,2.846899999999999
Cs4Te2O2F8,5.0319
Cs4Th2As4O16,3.6164
Cs8Th4P12S36,2.285199999999999
Cs4Th2Si12O30,4.7695
Cs16Th16P16Se104,1.6041999999999992
Cs2Th1Cl6,4.6873000000000005
Cs4Ti2Ag4S8,1.6053000000000002
Cs4Ti2Cu4Se8,1.3642
Cs4Ti2Ge6O18,2.9569
Cs8Ti4P8O32,3.4745
Cs4Ti2Si12O30,3.5085
Cs2Ti1W3O12,2.8344
Cs6Ti6S27,0.8114999999999991
Cs4Ti8O18,3.0106
Cs2Ti1Cl6,2.2291
Cs4Ti2Cu6F24,0.3339
Cs2Ti1I6,0.8643000000000001
Cs4Ti2O6,3.3373
Cs4Ti2P8O26,2.691
Cs4Ti2S6,1.2724
Cs2Tl1Ag1F6,0.805299999999999
Cs2Tl1As1Br6,1.2314
Cs2Tl1As1I6,1.0046
Cs2Tl1Bi1F6,3.093899999999999
Cs16Tl8Br40,1.276
Cs8Tl4Cl20,1.809
Cs2Tl1Cr1F6,4.1533
Cs2Tl1Fe1F6,2.9057
Cs2Tl1Ga1F6,4.763400000000001
Cs2Tl1In1Br6,1.8255
Cs2Tl1In1Cl6,2.7015
Cs2Tl1In1F6,3.9896
Cs2Tl1Mo1F6,3.8865
Cs2Tl1Rh1F6,1.9056
Cs2Tl1Ru1F6,0.5579000000000001
Cs2Tm1Ag1Cl6,3.7563
Cs8Tm4Cl20,5.0095
Cs4U2Br8O4,1.9545
Cs2U1Cl4O2,2.3217
Cs4U2Si12O30,0.270799999999999
Cs16U8Si16O64,2.2088
Cs2U2O7,1.5078
Cs2U3Te2O14,1.8635
Cs2U4Nb4O23,1.838499999999999
Cs8U4As8O36,2.1136
Cs24U12Mo12O84,1.9356
Cs2U1O4,1.8211
Cs8U4P8O36,2.1222
Cs8V4P8O32,2.9895
Cs4V6O16,2.1336
Cs4V8O18,0.097099999999999
Cs4V2Ag2S8,1.3867
Cs4V2F12,1.7856
Cs4V2H2O8,3.4847
Cs2W1O2F4,3.1768
Cs4W6Se2O24,3.2939
Cs8W4O16,4.544799999999999
Cs8W4S16,2.1616
Cs2Y1Ag1Cl6,3.8705
Cs2Y1Ag1F6,3.3465
Cs8Y4Cl20,4.701499999999999
Cs2Y1Tl1F6,4.705399999999999
Cs4Zn6S8,2.694499999999999
Cs8Zn4Bi8S20,1.7343000000000002
Cs8Zn4Br16,3.8346
Cs8Zn4Cl16,4.8112
Cs8Zn4Ge12Se32,1.4028
Cs8Zn4H16,3.8811
Cs24Zn12I48,3.224
Cs16Zn8O16,1.979
Cs16Zn8Si40O96,4.2057
Cs8Zn4Sn12Se32,1.2553
Cs2Zr1Ag2Te4,1.483099999999999
Cs2Zr1I6O18,3.4585
Cs6Zr3Si18O45,4.975199999999999
Cs4Zr2Si6O18,4.789899999999999
Cs2Zr1W3O12,2.9771
Cs2Zr7C1I18,0.1184
Cs2Zr1Cl6,3.6531
Cs2Zr1I6,1.839799999999999
Cs4Zr2O6,3.8566
Cs4Zr2Se6,1.3691
Cs3Cr20Se32,0.002099999999999
Cs6Na52In96,0.008099999999999
Cs3Se2O8,0.4225
Cs12Ag4As16Se32,1.604299999999999
Cs6Ag4Sb6S16,1.131599999999999
Cs3Ag9Sb4S12,1.5938999999999992
Cs24Al8As16,0.969
Cs6Al2Ge4O14,3.447199999999999
Cs12Al4O12,2.2572
Cs24Al8P16,1.1821
Cs12Al4Te12,2.1588
Cs12As4P12Se36,1.749499999999999
Cs12As44,1.4052
Cs3As2Cl9,2.6409
Cs3As5O9,3.1425
Cs24As56,1.5702999999999991
Cs12As4O16,3.3566000000000003
Cs12As4Se16,1.2415
Cs12Au8Br44,1.1515
Cs6Au2O2,1.3261
Cs36Au12O24,1.8333
Cs12B4Se12O48,3.1535
Cs6B6Se20,1.7936
Cs6B2As4,1.4845000000000002
Cs24B8O24,2.6073
Cs6B2P4,1.6955
Cs12B4S12,2.545
Cs3Bi1,0.178999999999999
Cs12Bi8P12S48,1.9768
Cs3Bi2Br9,2.599599999999999
Cs3Bi2Cl9,3.229899999999999
Cs6Bi4I18,2.3796
Cs12Bi4Cl24,3.8725
Cs3Bi1F6,4.5888
Cs12Bi4O12,3.0476
Cs12Bi4Se12,2.034799999999999
Cs6Br2O2,1.551499999999999
Cs3Ca2Cl7,5.174799999999999
Cs6Cd2H10,2.7222
Cs12Ce4Cl24,0.460399999999999
Cs6Co2Br10,0.6983
Cs6Co2Cl10,0.7602
Cs3Co1F6,2.912
Cs12Co4I20,0.9287
Cs6Cr4Br18,1.0085
Cs6Cr4Cl18,0.2688
Cs6Cr4I18,0.7209000000000001
Cs12Cu8Br20,2.131
Cs12Cu8Cl20,2.3072
Cs12Cu8I20,2.4429
Cs12Cu20O16,1.6896
Cs6Er4Br18,4.2885
Cs6Er4I18,2.8905000000000003
Cs6Er10P12S48,2.2701
Cs12Er4Cl24,5.0846
Cs12Er4O12,2.2999
Cs12Eu4Si24O60,0.6834
Cs6Fe4F18,4.0424
Cs12Fe16P20O80,2.4999
Cs3Fe1F6,4.0085
Cs12Fe4O12,2.1129
Cs12Fe4Se12,0.045
Cs18Ga12F54,5.7462
Cs24Ga8As16,0.695199999999999
Cs3Ga1F6,5.8579
Cs6Ga2O6,2.877
Cs24Ga8P16,0.9444999999999992
Cs12Ga4Se12,2.3562
Cs12Gd4P8O32,3.1528
Cs6Ge4Sb6O26,1.7817
Cs6Ge8Au2,0.9316
Cs12Ge36H24N8,1.1855
Cs12Ge4As4Se20,1.842499999999999
Cs12Ge4Se12,1.5806
Cs12Ge4Te12,1.1962
Cs6H2S4F24,4.4739
Cs6H2Se4O16,3.4782
Cs6H24N8F6,4.8381
Cs6Hf4Cu2Te20,1.189
Cs6Hf4P10S36,2.1363
Cs6Ho4Br18,3.9708
Cs6Ho14Se24,1.4958
Cs24Ho8Cl48,5.1094
Cs12Ho4O12,2.3008
Cs6I2O2,1.5285000000000002
Cs12I4O20,1.411099999999999
Cs12I4O20,2.0299
Cs6In4Cl18,3.5398
Cs6In6P8O32,3.1055
Cs3In1F6,5.3129
Cs12In4O12,2.1174
Cs24In8P16,0.7103
Cs12La4Mo12O48,3.7278
Cs12La4Br24,3.9286
Cs6La2I12,3.056
Cs9Li12B21O42,4.5305
Cs6Li2Pb8,0.7565000000000001
Cs6Mg2H10,2.5844
Cs3Mn3V4O16,0.889699999999999
Cs6Mn2Cl10,2.8966000000000003
Cs6Mn2I10,1.9819
Cs6Mo4O12F6,3.9977
Cs6Mo4Cl18,0.1505
Cs12Na8Sn4P12,1.027
Cs6Na2Pb8,0.4754
Cs6Nb4As2Se22,0.9588
Cs6Nb4I18,0.434599999999999
Cs12Nb8S44,1.5397
Cs12Nb8Se44,0.8620999999999991
Cs6Nb12S2Br34,0.5779999999999991
Cs6Nb18Te8O64,1.4336
Cs12Nd4Mo12O48,3.7419
Cs12Nd4P8S32,2.3644
Cs24Nd8Cl48,5.0145
Cs12Nd4Cr12O48,2.6163
Cs6Ni2F14,0.873499999999999
Cs6Np2Cl8O4,0.2279
Cs6Np2H16O18,1.6332
Cs12P24N44,4.2176
Cs12P28,2.4278
Cs6P14Pb4O42,4.9376
Cs12P4O16,3.572299999999999
Cs12P4Se16,1.9376
Cs6Pb8Au2,0.7054
Cs6Pd2F10,2.0825
Cs12Pr4Mo12O48,3.7495
Cs6Pr10P12S48,2.3179
Cs12Pr4Cl24,4.895
Cs12Pu4H16O28,1.229199999999999
Cs12Re8N20,0.3266
Cs6Re6S8I8,2.4339
Cs6Re12S14Cl14,2.372099999999999
Cs12Re4O20,2.0941
Cs12Re4O20,2.3753
Cs6Ru4Cl18,0.488599999999999
Cs3Sb1,0.6126
Cs3Sb2Br9,1.9837
Cs3Sb2Cl9,2.395299999999999
Cs6Sb4I18,1.8829999999999991
Cs12Sb20O56,1.187
Cs6Sb10Se18,0.410299999999999
Cs12Sb4O12,3.0838
Cs12Sb4O16,2.7517
Cs12Sb4S12,2.654
Cs12Sb4S16,2.130499999999999
Cs12Sb4Se12,2.2748
Cs12Sb4Se16,1.3871
Cs6Sc4Br18,3.0319
Cs6Sc4Cl18,3.9353
Cs12Sc4Cl24,3.984
Cs12Sc4O12,3.0416
Cs6Si2F14,5.633800000000001
Cs12Sm4P8S32,2.373199999999999
Cs6Sm14Se24,1.4741
Cs6Sm14Te24,0.864599999999999
Cs6Sn2P2Se14,1.418899999999999
Cs12Sn4Te12,1.0929
Cs12Ta8S44,1.7232
Cs12Ta20O56,3.7913
Cs12Ta4S16,2.9443
Cs6Tb20C8Cl42,0.6759000000000001
Cs6Tb4Br18,3.859
Cs6Tb14Te24,0.8438000000000001
Cs3Tb1F6,5.745
Cs6Ti4Cl18,0.2181
Cs12Ti12Te44,0.079
Cs6Ti2F14,2.9901
Cs6Tl4Cl18,2.189
Cs3Tl1F6,3.6388
Cs12Tl4O12,1.5853000000000002
Cs3Tm11Te18,0.9707
Cs6Tm4I18,2.8922
Cs12Tm4O12,2.6196
Cs12U8Ge8O44,0.194299999999999
Cs6U4P2O20,2.150299999999999
Cs6V4O4F14,2.8433
Cs3V1F6,3.1001
Cs12V4S16,1.6048
Cs3V1Se4,1.4894
Cs12Y4P8O32,4.588900000000001
Cs6Y4H36N18,2.2297
Cs6Y4Br18,4.0683
Cs6Y4Cl18,4.8945
Cs6Y14Se24,1.5161
Cs3Y1F6,5.9892
Cs12Y4O12,2.341599999999999
Cs6Zn2Cl10,4.2844
Cs12Zn4I20,3.1447
Cs6Zr4I18,0.395599999999999
Cs6Zr4P10S36,1.9114
Cs6Zr14B2Cl40,1.1888
Cs6Zr14Mn2Cl40,1.1378
Cs8B18S18,3.2401
Cs4Au6S5,2.409
Cs8Ba2P12O36,5.1063
Cs8Ba2V12O36,3.0382
Cs32Bi8As24Se56,1.4702
Cs8Bi2Sb2Cl24,0.315399999999999
Cs4Cd1Ni3F12,4.4602
Cs8Co6F20,2.399
Cs4Cu3F10,0.123
Cs4Cu1Si2O7,0.5831000000000001
Cs8Fe2Mo6O24,3.0126
Cs8Fe4O10,0.523299999999999
Cs8Fe6F20,3.1395
Cs16Fe4O12,0.390299999999999
Cs16Fe4O16,2.000199999999999
Cs8Ga4Se10,2.1204
Cs8Ge2P8S24,2.0929
Cs16Ge4P16Se48,1.3838
Cs16Ge4O16,2.8955
Cs16Ge4Te24,1.0706
Cs8Hf6Se28,1.6893999999999991
Cs16Hf4O16,2.7399
Cs8In4S10,2.1801
Cs4In1Sb1Cl12,1.0907
Cs4Ir1O4,0.3652
Cs8La2N16O48,0.351099999999999
Cs16Li8Si24O60,4.59
Cs8Mg6H20,3.4766
Cs8Mn2As4S16,1.0343
Cs8Mn2Sb4Cl24,2.0025
Cs16Mn12O24,1.2663
Cs16Nb8S44,1.4593
Cs4Nb2Si8O23,3.700199999999999
Cs8Ni6F20,4.181599999999999
Cs16Os8Cl40O4,0.8307
Cs8P4Pd2Se16,1.392
Cs8P4Se18,1.5543
Cs16Pb36,0.9064999999999992
Cs8Pb2Br12,3.682699999999999
Cs8Pb2Cl12,4.289
Cs8Pb2I12,3.4095
Cs16Pb4O16,2.034399999999999
Cs4Pr6Os1I13,0.0501
Cs8Rb4Fe4O10,1.4865
Cs8Re12S26,1.395899999999999
Cs8Re12Se26,1.002199999999999
Cs16Ru8Cl40O4,0.6222
Cs4Sb2O5,2.5754
Cs16Si12O32,3.658
Cs16Si4O16,2.8227
Cs32Si8Se32,2.215099999999999
Cs32Si8Te32,1.7759
Cs8Sn42Hg4,0.2411
Cs8Sn4Te14,1.1412
Cs16Sn4O16,2.4607
Cs4Sr1Sn3Se9,1.592099999999999
Cs8Tc12S26,0.9889999999999992
Cs16Th8P20Se68,1.3123
Cs8Ti6S28,1.2347
Cs8Tl2Sb2Cl24,0.7270000000000001
Cs8U2Ge16O40,0.012199999999999
Cs8U4V4O26,2.087799999999999
Cs4U3Mo3O20,2.0623
Cs4U3Si4O17,0.0235
Cs16U20O68,1.5681999999999992
Cs8U2C6O22,2.0837
Cs8Zn6F20,4.6801
Cs16Zn4O12,1.6802
Cs8Zr6S28,1.466
Cs8Zr6Se28,1.5266000000000002
Cs16Zr12Te64,1.1555
Cs8Zr12B2Br34,1.0312
Cs16Zr4O16,2.7365
Cs10As2P8Se24,1.4867
Cs20As20Se36,1.2854
Cs10Bi2Mo8O32,3.5355
Cs10Bi2Mo8O32,3.7104
Cs10Ca2Ni8F30,5.4603
Cs20Fe4O16,1.3283
Cs10Ga6Se14,2.0982
Cs20Ge4As12,0.5621
Cs40In24As32,0.9419
Cs10Na2W8N20,1.850099999999999
Cs5Nb2S4Br9,1.775
Cs5Nb2S4Cl9,1.7925
Cs10Re12S16Cl14,2.6061
Cs20Sb32,0.5845
Cs10Si6Ag2O18,2.821499999999999
Cs20Si4As12,0.6071999999999991
Cs10Tc12S16Br14,1.7601
Cs10Te6,0.511999999999999
Cs20Th4P12S48,2.0219
Cs10Ti12Ag2Se54,0.590399999999999
Cs12Br8O2,1.8137999999999992
Cs12Co4O14,1.1644
Cs12Cr4O14,1.643999999999999
Cs6Dy21S34Cl1,1.9469
Cs6Dy21Te34Cl1,0.885599999999999
Cs12Ga2Sb6,0.4411
Cs12Ge4O14,2.9085
Cs6Ho21S34Cl1,1.9586
Cs6Ho21Te34Cl1,0.8943999999999991
Cs12In2As6,0.496999999999999
Cs12K6Al2Sb8,0.6537000000000001
Cs12K6Ga2Sb8,0.6366
Cs12Si4O14,3.162099999999999
Cs12Ti4O14,3.5237
Cs24U8Cu48S60,0.517199999999999
Cs6U5As4O28,2.0327
Cs18Zn3Ge24,0.9495999999999992
Cs14Fe8S16,0.2416
Cs28In16Bi24,0.3083
Cs7Au5O2,0.803199999999999
Cs14Co8F30,3.0056
Cs14Cu12F38,0.516999999999999
Cs14Fe8F30,3.431
Cs28Mo32As4O120,2.9731
Cs28Na4Si32,1.5773
Cs14Nb2In6As10,1.13
Cs14Ni8F30,4.9957
Cs16Re24S54,1.429799999999999
Cs16Ga22Cl2,0.925999999999999
Cs16In4O14,1.8541
Cs8Ta6O19,3.4757
Cs8Tl8O1,0.206299999999999
Cs8Zr1Mo6O24,3.8513
Cs72Nb16As48,0.3195
Cs36Fe8Se28,0.512999999999999
Cs1Ac1Te2,0.8775000000000001
Cs2Ag2N4O12,2.6458
Cs4Ag8B60O96,3.6769
Cs4Ag8As4S12,1.65
Cs4Ag8Bi4S12,1.0635
Cs2Ag6S4,0.4114
Cs2Ag6Se4,0.191799999999999
Cs2Ag6Te4,0.4034
Cs4Ag20Se12,0.012399999999999
Cs4Ag20Te12,0.020099999999999
Cs4Ag28S16,0.496399999999999
Cs2Ag2Cl4,2.200999999999999
Cs4Ag4O4,1.4719
Cs2Ag2O4,1.1055
Cs4Ag4P4Se12,1.4308
Cs4Ag4Se16,1.2669
Cs2Al2H16N8,2.9105
Cs1Al1Mo2O8,3.8773
Cs8Al8Si16O48,4.8796
Cs4Al4Br16,4.2546
Cs4Al4Cl16,5.3909
Cs2Al2Ni2F12,5.4309
Cs2Al2O4,4.273499999999999
Cs4Al4Si4O16,4.466799999999999
Cs4Al4Te12,1.3209
Cs4Al4Zn4F24,5.4077
Cs2As2H4O8,3.8922
Cs8As16Se24,1.6457000000000002
Cs2As6O16,2.2357
Cs1As4F13,4.981
Cs2As2F8,4.6128
Cs1As1F6,5.2216000000000005
Cs4As4O12,2.8702
Cs4As4O4F16,3.7471
Cs8As8Se16,1.625
Cs1Au1,1.023299999999999
Cs2Au2I8O24,1.934499999999999
Cs4Au4S8O32,1.5932
Cs2Au4F14,1.796199999999999
Cs1Au3S2,2.3501
Cs1Au3Se2,2.1741
Cs2Au2Br6,0.653
Cs2Au2Cl6,0.5386000000000001
Cs2Au2Cl8,1.8897
Cs2Au2F8,2.447199999999999
Cs2Au2I6,0.7337
Cs4Au4O4,1.3835
Cs2Au2O4,1.5219
Cs2Au2S2,1.8832
Cs2Au2Se2,1.7093
Cs2Au2Se6,1.0527
Cs8B16H40O48,5.0467
Cs4B12O20,5.304
Cs4B20H32O48,5.9007000000000005
Cs4B36O56,5.4514
Cs1B1H4,5.7194
Cs6B6O12,3.8457
Cs2B2S4,2.8051
Cs4B4S12O44,5.769
Cs4B4Se12,1.7167
Cs4Ba8Br20,4.668500000000001
Cs1Ba2Cr2F11,3.4705999999999992
Cs1Ba2Nb3O10,1.4077
Cs4Ba4Cr12F48,2.8965
Cs4Ba4I12,3.6259
Cs4Ba4P4S16,2.3742
Cs4Ba4V4S16,1.281
Cs4Be16B12O36,5.4195
Cs4Be4As4O16,3.8814
Cs2Be2H6,3.2298
Cs4Be4P4O16,5.1939
Cs16Bi16,0.2452
Cs2Bi2Mo4O16,2.8514
Cs4Bi12S20,1.427899999999999
Cs4Bi12Se20,1.4617
Cs1Bi1F6,2.8234
Cs2Bi2O4,2.318699999999999
Cs4Bi4S8,1.5773
Cs1Br1,4.2392
Cs4Br8F28,2.5583
Cs4Br12,1.9977
Cs2Br2F8,3.284399999999999
Cs1Br1F6,3.9858
Cs1Br1O3,4.1681
Cs3C6N9,4.1589
Cs2C2N2O2,4.5353
Cs8C8O16,4.155699999999999
Cs4C4S4N4,4.3764
Cs4Ca4P12O36,5.3035
Cs2Ca20P14O56,5.203
Cs8Ca16Nb24O80,2.0693
Cs1Ca1Br3,4.3923
Cs2Ca2Cl6,5.2834
Cs4Ca4I12,3.8335
Cs2Ca2Ta12Cl36,0.161599999999999
Cs4Cd4P12O36,4.57
Cs1Cd4As3,0.2198
Cs4Cd4B4O12,1.646199999999999
Cs2Cd2Br6,2.901
Cs6Cd6Cl18,2.4918
Cs1Cd1F3,3.2859
Cs8Cd8In8Te24,1.2066
Cs2Ce2P8O24,0.198199999999999
Cs2Ce2Cd2Se6,0.018399999999999
Cs2Ce2Cu2S6,0.9341
Cs8Ce8F40,2.2534
Cs4Ce4Si4S16,0.0225
Cs4Ce4Si4Se16,0.2913
Cs1Cl1,4.988399999999999
Cs4Cl4O16,5.444000000000001
Cs10Co10F40,0.3388
Cs2Co2Ni2F12,1.4981
Cs4Co4O8,0.4868
Cs4Co4P4O16,3.146
Cs2Cr2Mo4O16,3.1264
Cs2Cr2S4O16,2.7386
Cs4Cr12O32,1.6554
Cs1Cr5S8,0.3078
Cs1Cr5Se8,0.010499999999999
Cs4Cr4As8O28,2.5017
Cs2Cr2Cl6,0.153299999999999
Cs2Cr2Co2F12,2.2148
Cs3Cr3F12,2.8606
Cs2Cr2Ni2F12,3.2021
Cs2Cr2O6F2,2.8472
Cs4Cr4P8O28,2.7059
Cs1Cr1P2S7,1.0727
Cs8Cu16As8S24,1.3532
Cs2Cu4Br6,1.4959
Cs2Cu4I2Cl4,2.0373
Cs1Cu3O2,1.4572
Cs1Cu3S2,1.6845999999999992
Cs4Cu4Br12,0.373599999999999
Cs6Cu6Cl18,0.5494
Cs2Cu2O2,1.1227
Cs2Cu2O4,0.9672
Cs8Cu8P8S24,2.1498
Cs8Cu8P8Se24,1.3477
Cs4Cu4S16,1.7757
Cs4Cu4Se16,1.1049
Cs2Dy2Mo4O16,3.602
Cs2Dy2W4O16,3.4395
Cs2Dy4Ag6Te10,1.0728
Cs4Dy8Cl28,4.5574
Cs2Dy4Cu6Se10,1.1878
Cs2Dy2Cd2Se6,2.0718
Cs2Dy2Cd2Te6,1.5476
Cs2Dy2O4,2.835
Cs2Dy2S4,2.2244
Cs4Dy4Si4S16,2.931899999999999
Cs2Dy2Zn2Se6,2.154099999999999
Cs2Dy2Zn2Te6,1.3714
Cs1Er1Mo2O8,4.012399999999999
Cs2Er2Nb12Br36,0.650199999999999
Cs2Er2Ta12Br36,1.0084
Cs1Er1W2O8,4.7027
Cs1Er10C4I18,0.2905
Cs2Er4Ag6Te10,1.1873
Cs4Er8Cl28,4.5883
Cs4Er12Se20,1.6727999999999992
Cs1Er6C1I12,0.219999999999999
Cs2Er2Cd2Te6,1.5492
Cs2Er2Mn2Se6,0.514
Cs4Er4P8O28,5.1312
Cs1Er1S2,2.1441
Cs4Er4Si4S16,2.957
Cs2Er2Ta12Cl36,1.3436
Cs2Er2Zn2Se6,2.1566
Cs2Er2Zn2Te6,1.386499999999999
Cs4Eu4As4S12,0.5358
Cs4Eu4Br12,0.9373999999999992
Cs2Eu2Ta12Cl36,0.109199999999999
Cs1F1,5.2626
Cs1Fe1Mo2O8,2.3737
Cs4Fe4S8O32,2.3514
Cs1Fe1Se2O8,2.2281
Cs2Fe4P10O32,0.510599999999999
Cs4Fe4Br16,1.0776
Cs4Fe4Cl16,1.3293
Cs2Fe2Co2F12,1.828
Cs4Fe4I16,0.6642
Cs2Fe2Ni2F12,2.6205
Cs2Fe2O4,1.976
Cs4Fe4P8O28,2.4057
Cs4Fe4Si4O16,3.0852
Cs1Ga1S2O8,4.001
Cs4Ga4Se8O24,3.5463
Cs2Ga4P10O32,4.418200000000001
Cs4Ga12S20,2.9231
Cs1Ga5Hg4Se12,0.8074999999999991
Cs4Ga4Ag4F24,0.3707
Cs4Ga4Br16,3.3514
Cs4Ga4Cl16,4.491
Cs4Ga4H16,4.8788
Cs2Ga2Ni2F12,4.4905
Cs16Ga16O32,2.9834
Cs2Ga2S4,3.0626
Cs4Ga4S12,2.647199999999999
Cs4Ga4Se12,1.8736
Cs8Ga8Te16,1.2835
Cs4Gd4C8O24,2.7456
Cs2Gd2Mo4O16,3.082
Cs4Gd4P16O48,3.418299999999999
Cs2Gd2W4O16,3.0973
Cs2Gd4Ag6Te10,0.622599999999999
Cs4Gd8Cl28,2.621299999999999
Cs2Gd4Cu6Se10,0.893699999999999
Cs2Gd2Cd2Te6,0.8502999999999991
Cs2Gd2O4,2.4891
Cs1Gd1S2,1.8329
Cs4Gd4Si4S16,1.749
Cs2Gd2Te8,0.083899999999999
Cs2Gd2Zn2Te6,0.8742999999999991
Cs32Ge32,1.331099999999999
Cs4Ge4Bi4S16,2.0049
Cs1Ge1Br3,0.7856000000000001
Cs1Ge1Cl3,2.153499999999999
Cs1Ge1I3,0.9905
Cs16Ge16Sb16O80,1.6632999999999991
Cs1H1,2.3475
Cs4H8C4N20,4.0637
Cs4H12S8O32,5.6517
Cs2H6Se4O12,4.1517
Cs4H12Se8O32,3.6551
Cs1H3O2,4.0949
Cs8H32N8O8,3.6993
Cs4H20N8,2.0856
Cs8H40O24,4.8391
Cs4H28O16,4.7523
Cs4H4C4O12,4.9478
Cs2H2I2F14,4.6043
Cs2H2O2,3.4329
Cs4H4S4,3.401099999999999
Cs2H2S4O14,5.3167
Cs4H4S4O16,5.3412
Cs4H4Se4O16,3.6444
Cs2Hf4Br18,3.1146
Cs4Hf24C4Cl60,1.2179
Cs2Hg4Br10,1.9907
Cs1Hg5Cl11,2.8387
Cs9Hg9Cl27,2.0
Cs1Hg1F3,0.7228
Cs2Ho2Mo4O16,3.540899999999999
Cs2Ho2Nb12Br36,0.9589
Cs2Ho2W4O16,3.4351000000000003
Cs2Ho4Ag6Te10,1.1763
Cs4Ho8Cl28,4.571
Cs2Ho4Cu6Se10,1.291399999999999
Cs4Ho12Te20,0.843399999999999
Cs2Ho2Cd2Te6,1.546799999999999
Cs2Ho2Mn2Se6,0.5124000000000001
Cs2Ho2O4,2.8143
Cs2Ho2S4,2.2237
Cs4Ho4Si4S16,2.9111
Cs2Ho2Zn2Se6,2.1295
Cs2Ho2Zn2Te6,1.3765
Cs1I1,3.8556
Cs4I12,1.6766
Cs8I24F128,4.224299999999999
Cs4I16,1.7836
Cs1I1Cl2,2.2301
Cs2I2O6,3.091199999999999
Cs4I4O16,2.5553
Cs4I4O4F16,4.9513
O144P48In12Cs12,4.3152
Cs4In12O20,1.47
Cs1In5S8,1.272499999999999
Cs2In2Br6,1.3782
Cs2In2F6,3.060899999999999
Cs8In8Hg8S24,1.379
Cs4In4I16,2.4128
Cs4In4P8O28,3.7897
Cs8In8S16,2.4776
Cs8In8Se16,1.630199999999999
Cs8In8Te16,1.3522
Cs2In2Te6O16,3.066
Cs1K1Cl2O8,5.5307
Cs4K8Au4O8,2.1843
Cs1K2Bi1,0.300999999999999
Cs4K8Bi4Cl24,3.933099999999999
Cs4K8Co4O8,1.675799999999999
Cs2K4Pd2F10,1.866099999999999
Cs1K2Sb1,0.8633999999999991
Cs8K32Ga8O32,2.2621
Cs8K32Tl8O32,1.5380999999999991
Cs4K20Ru8O36,0.2671
Cs2La2Nb12Br36,0.9812
Cs2La2P8O24,5.0449
Cs4La4S8O32,4.3402
Cs2La2Ta12Br36,1.3172
Cs2La2W4O16,3.649499999999999
Cs4La8Br28,3.4023
Cs2La4Cu2Se8,1.075399999999999
Cs4La24Fe4I40,0.119599999999999
Cs2La2Cd2Te6,1.730099999999999
Cs2La2Hg2Se6,1.4545
Cs2La2O4,2.9322
Cs1La1S2,2.5035
Cs2La2Zn2Te6,1.587399999999999
Cs2Li2B12O20,5.2081
Cs3Li3H12N6,1.996999999999999
Cs8Li8P16O48,5.2843
Cs2Li4H6O6,4.1415
Cs4Li8B4S12,3.1955
Cs4Li8Cl12,5.326
Cs2Li10B4O12,3.6328
Cs4Li4Cl8,5.1073
Cs4Li4Cr4O16,3.0669
Cs1Li1Mn1S2,0.809299999999999
Cs1Li1Mo1O4,4.424
Cs4Li4S4O16,5.378
Cs1Li1W1O4,4.4294
Cs1Li1Zn1S2,2.5019
Cs1Lu1Mo2O8,3.6904
Cs2Lu2Nb12Br36,0.9749999999999992
Cs2Lu2Nb12Cl36,0.946299999999999
Cs2Lu2Ta12Br36,1.3127
Cs4Lu8Cl28,4.658
Cs2Lu4Cu6Se10,1.2562
Cs4Lu28S44,2.031799999999999
Cs4Lu28Se44,1.510499999999999
Cs2Lu2Cd2Te6,1.5415
Cs4Lu4P8O28,5.2702
Cs2Lu2S4,2.2447
Cs12Mg12P36O108,4.8472
Cs2Mg2Br6,4.0445
Cs2Mg2Cl6,5.126099999999999
Cs2Mg2Co2F12,1.9747
Cs2Mg2Fe2F12,3.444899999999999
Cs2Mg2Ga2F12,5.6419
Cs6Mg6H18,2.9535
Cs2Mg2I6,3.1519999999999992
Cs2Mg2In2F12,4.5677
Cs4Mg4P4O16,4.4168
Cs2Mn2P8O24,0.9425
Cs4Mn8N12,0.0357
Cs2Mn8Cl18,1.8802
Cs3Mn3Cl9,1.482899999999999
Cs2Mn2Cr2F12,1.595799999999999
Cs6Mn6F18,3.4556
Cs4Mn4F16,0.076
Cs2Mn2Fe2F12,1.1137
Cs8Mn8In8Te24,1.2444
Cs4Mn4O16,2.2208
Cs2Mn2V2F12,1.8989
Cs4Mo4P8O32,2.4808
Cs4Mo8P12O52,2.2729
Cs4Mo12Br12Cl16,2.5467
Cs4Mo12Cl28,2.587399999999999
Cs2Mo8P14O56,2.5434
Cs8Mo8F56,3.4794
Cs4Mo4I4O24,2.6158
Cs2Mo2N6O22,2.7732
Cs2Mo2O4F6,3.4234
Cs4Mo4P8O28,3.822199999999999
Cs4Mo4P4O24,2.8603
Cs2N6,4.2395
Cs3N3O6,2.3632
Cs9N9O27,3.2965
Cs2Na4B2O6,3.2483
Cs4Na12Pb4O16,1.5078
Cs4Na12Ti4O16,3.4808
Cs8Na40W16N48,1.8273
Cs4Na4F12,0.9959
Cs4Na4F12,0.029499999999999
Cs8Na8Ge16,1.1046
Cs2Na2S2,2.413399999999999
Cs2Na2Se2,2.027
Cs8Na8Si16O40,4.7271
Cs8Na8Sn8F48,5.357
Cs2Na2Te2,1.9696
Cs2Na2Ti2O6,3.361799999999999
Cs2Nb2B4O12,3.2987
Cs4Nb4Cu8Te16,1.1447
Cs1Nb1P2O8,2.5389
Cs2Nb4Bi2O14,2.4818
Cs4Nb8P4S40,1.518399999999999
Cs4Nb8P4Se40,0.8597999999999991
Cs4Nb12S4Br28,0.038
Cs2Nb8Br22,0.286999999999999
Cs2Nb8Cl22,0.51
Cs2Nb2Cl12,2.332099999999999
Cs1Nb1F6,5.2004
Cs16Nb16N32,1.636499999999999
Cs8Nb8O24,3.3517
Cs4Nb4S8O36,2.7579
Cs4Nb4V8O32,2.4885
Cs2Nb2W2O12,2.8953
Cs2Nd2Mo4O16,3.6679
Cs6Nd6P24O72,5.5905000000000005
Cs2Nd2W4O16,3.505099999999998
Cs2Nd4Ag6Te10,1.0241
Cs2Nd4Cu2Se8,0.8344
Cs2Nd2Cd2Te6,1.5147
Cs2Nd2Hg2Se6,1.353899999999999
Cs2Nd2O4,2.9366000000000003
Cs2Nd2S4,2.2185
Cs1Nd1Te2,1.291999999999999
Cs2Nd2Zn2Te6,1.3651
Cs2Ni2Cl6,0.8049000000000001
Cs2Ni2F6,5.3618
Cs2Np2Ag2S6,0.076299999999999
Cs4Np4Mo4O24,0.3369
Cs4Np4Mo4O28,1.3526
Cs2O4,0.414299999999999
Cs2Os4O18,0.8738999999999991
Cs4Os4N4O12,2.9029
Cs4P4H8O8,5.1543
Cs4P4H8O16,5.201099999999999
Cs4P4O8F8,5.1874
Cs4P8H20O32,5.5274
Cs4P28,1.2774
Cs4P4O12,5.422300000000001
Cs4P4Pb4O16,4.0581
Cs4P4Pb4S16,2.3363
Cs4P4Pb4Se16,1.5613
Cs2P2S6,1.9062
Cs4P4Se24,1.6167
Cs1Pa1O3,2.972999999999999
Cs4Pb4Br12,2.8808
Cs2Pb2Cl6,2.7365
Cs2Pb2F6,3.337399999999999
Cs4Pb4I12,2.5181
Cs4Pr4C8O24,4.6025
Cs2Pr2Mo4O16,3.6994
Cs2Pr2Nb12Br36,0.9777999999999992
Cs2Pr2P8O24,5.2958
Cs4Pr4S8O32,5.4295
Cs2Pr2W4O16,3.5679
Cs2Pr4Ag6Te10,1.1305
Cs8Pr16Cl56,4.3786
Cs2Pr6C2I12,0.7084
Cs4Pr24Fe4I40,0.2107
Cs2Pr2Cd2Se6,1.9664
Cs2Pr2Cd2Te6,1.5231
Cs2Pr2Hg2Se6,1.3367
Cs2Pr2S4,2.228399999999999
Gd2Br2O2,0.081199999999999
Gd2Cl6,2.0054
Gd2Cl2O2,3.0355
Gd4Cr4B16,0.2551
Gd4Cr4Ge4O20,2.412499999999999
Gd4Cr4O12,2.6309
Gd2Cr2Te2O12,2.6147
Gd4Cu4S8,0.9113
Gd4Cu4Se8,0.6894
Gd1F3,2.862199999999999
Gd8H8Se16O64,2.8802000000000003
Gd2H24Cl6O12,0.436599999999999
Gd2H36I6O18,2.0874
Gd2H4Cl2O4,3.0368
Gd4H4C4O16,2.8483
Gd2H2O4,3.0714
Gd4H4S4O20,2.9383
Gd1H1Se1,0.5979000000000001
Gd2Hf2F14,4.4446
Gd4I4O4,0.252299999999999
Gd4In8Cl20,1.1082
Gd6In6O18,1.7714
Gd4Mn8O20,1.1582
Gd4Mn4O12,0.404099999999999
Gd2Mo2Cl2O8,2.4595
Gd4Mo4O16F4,1.3117
Gd2Nb2O8,0.2072
Gd4Ni4B20O40,3.132
Gd2O2F2,3.3747
Gd4P20O56,3.180799999999999
Gd2P2O8,3.2910999999999992
Gd8P8S8,0.272699999999999
Gd8P8S32,1.4795
Gd4Pt4F28,2.3121
Gd4S4Cl4O16,1.9163
Gd2S2I2,1.487199999999999
Gd4S4O16F4,0.2226
Gd4Sc4S12,1.1773999999999991
Gd4Se4Cl4O12,2.993
Gd4Sn4F28,4.434200000000001
Gd2Ta2O8,3.3217
Gd2Ti2Cl2O6,2.9895
Gd4Tl4Mo8O32,2.9359
Gd2Tl2W4O16,2.9492000000000003
Gd1Tl1Se2,0.444399999999999
Gd1Tl1Te2,0.0586
Gd4V4Se8O32,2.0264
Gd2V2O8,2.9685
Gd2Zn2As2O2,0.6654999999999991
Gd2Zn2P2O2,0.5757
Gd4Zr12F60,4.4577
Gd2Zr2F14,4.4744
Ge2Br4F20,2.9063
Ge4Pb8S16,2.0309
Ge2S4F24,4.9705
Ge2Se4O12,3.727999999999999
Ge38As8Br8,1.4249
Ge38P8Br8,1.559499999999999
Ge38P8Cl8,1.6502
Ge38P8I8,1.2366
Ge8S12Br8,2.4518
Ge8S12I8,2.254299999999999
Ge2Te5As2,0.4092
Ge6Bi8O24,3.4941
Ge3Te6As2,0.342799999999999
Ge6F16,4.2902000000000005
Ge12Ir8Se12,0.5894
Ge12N16,2.064
Ge24Os16,1.084299999999999
Ge9Pb15O33,2.501
Ge12Rh8S12,0.5642
Ge12Rh8Se12,0.297299999999999
Ge24Ru16,0.3814
Ge16Se36,1.2221
Ge20Ir16,0.1279
Ge6As6,0.5112999999999991
Ge8As16,0.719599999999999
Ge2As2Au2,0.1764
Ge8As8Se8,1.4797
Ge8Br16,2.597
Ge8Br32,3.0038
Ge4Cl16,4.1525
Ge4Cl4O8F20,1.7275
Ge1F4,5.500500000000001
Ge2H6Cl2,4.7492
Ge4H16,5.9261
Ge3I6,2.0217
Ge8I32,1.9977
Ge2O4,1.2157
Ge6P6,0.4889
Ge2P4O14,3.8284
Ge2Pb2S12O42,3.9741
Ge6Pb6O18,2.7131
Ge4Pb4S12,1.757899999999999
Ge2Pd2S6,1.3441
Ge4Pt4S4,1.019599999999999
Ge4Pt4Se4,0.6596000000000001
Ge4S4,1.237599999999999
Ge16S32,2.2646
Ge4Se4,0.8988
Ge16Se32,1.7063
Ge1Te1,0.5565
Ge4Te4Pt4,0.255899999999999
H20S2O16,5.508
H40Se4O32,3.9706
H52S8N12O32,5.175700000000001
H60Ir4Br12N20,3.0246
H60Rh4Br12N20,2.6639
H36S2O24,5.4128
H48Pt2N16Cl4,3.8648
H8O4,5.520200000000001
H16S8,4.3246
H8Se4O16,3.383099999999999
H3Br1O1,4.4183
H24C24N40,3.483
H3Cl1O1,5.5012
H12Cl4O20,5.4926
H12N4,4.3412
H12N4O16,3.7619
H12S4O16F4,5.4991
H8Br2N2,4.3113
H8C2N4O2,5.0712
H16C4S4N8,3.617499999999999
H16I12N4,1.575899999999999
H8I2N2,3.6458
H4N1Cl1,4.9364
H8N2F2,5.959200000000001
H16S16N4,0.4198
H16S4O20,5.647600000000001
H32Se8O40,3.642699999999999
H40C8N8O24,5.1511
H80N16O16,4.7019
H48C8N16O16,4.8731
H48C8N24Cl8,5.2732
H14Au2N8O30,1.9431
H14Br2O6,4.2922
H28C12N24Cl4,3.9782
H56Cl8O56,5.2904
H28I4N8,3.6926
H28N8F4,4.8649
H28S8N4O32,5.656499999999999
H16Pd2N4Cl12,1.0278
H8Pt1N2Cl6,1.7803
H32S4N8O16,5.072699999999999
H32S20N8,2.1947
H32W4S16N8,2.1658
H9Au1Cl4O4,1.4877
H36Br4O16,4.9935
H36Br4O16,4.683
H54C36N66,3.6852
H18Rh2N6Cl6,2.5806
H2Br2,4.681
H12C24N36,2.5302
H6C6N6O6,4.6665
H2Cl2,5.8162
H2I6,1.1496
H16N16O48,3.8657
H4Pb4Br4O4,3.1006
H4Pb4I4O4,2.7209
H4S8I4O32,2.8262
H6Xe6F42,3.508999999999999
H6Xe6F42,2.930599999999999
Hf1B4H16,5.7195
Hf2Cl8O32,5.2834
Hf6Mo12O48,3.2774
Hf2P4S12,2.3179
Hf4Se16Cl24,1.3426
Hf2Se4Cl24,2.799
Hf1Te4Cl6,1.2626
Hf5Tl20S20,1.4675
Hf5Tl20Se20,1.3377
Hf3Tl12Te12,0.504999999999999
Hf4Bi4O14,2.936799999999999
Hf16N16O8,1.9895
Hf4P4O18,4.9045000000000005
Hf12P12S6O72,5.0061
Hf2S1N2,0.8851000000000001
Hf2Sb2Pb4O13,1.7838
Hf2Se1N2,0.6071000000000001
Hf12Si6S12O72,4.5141
Hf6Ag2Hg6F40,0.760899999999999
Hf6N4O6,3.1348
Hf12N16,1.2648
Hf6Ni6Sb8,0.7419999999999991
Hf3Te1Pb4O13,1.7083
Hf3Tl2Cu2Se8,0.5025000000000001
Hf12B2Cl28,0.016099999999999
Hf12C2Cl28,1.3758
Hf4B8O20,4.4146
Hf8Br32,4.2933
Hf2Br2N2,2.1298
Hf2Cl8,4.1668
Hf2Cu4Te6,0.0517
Hf6F24,5.4058
Hf2Ge2Te8,0.3307
Hf2H16S4O24,4.6357
Hf2Hg6Se4Cl12,2.5501
Hf8Hg32As16Cl48,1.3812
Hf8Hg32P16Cl48,2.0914
Hf4I16,2.3487
Hf2I2N2,0.9778
Hf6Mg6S18O72,4.8165
Hf2Mg2N4,0.8472000000000001
Hf1Mn1F6,4.9479
Hf2N2Cl2,2.2055
Hf6Nb6P18O72,2.9362
Hf4Ni20B8O40,3.165499999999999
Hf1Ni1Sn1,0.386899999999999
Hf4O8,4.0165
Hf4P8O28,5.5167
Hf1S2,1.2237
Hf2S6,1.1326
Hf4S4Cl24O4,3.2563
Hf1Sb4Mo1,0.1391
Hf1Se2,0.5342
Hf2Si2O8,5.0221
Hf1Si1Ru2,0.169499999999999
Hf1Sn1Pd1,0.0338
Hf4Sn4S12,1.1981
Hf6Ta6P18O72,3.778
Hf4Te12O32,3.8945
Hf4Te28Se4Cl24,1.0147
Hf2Tl4Pb2Se8,0.6334000000000001
Hf2Tl4Se6,0.6963
Hf1Tl8Mo6O24,3.4877
Hf2Tl2Cd2F14,4.9416
Hf2Tl2Cu2S6,0.7967000000000001
Hf2Tl2Cu2Se6,0.419999999999999
Hf4Tl4F20,4.7684
Hf4V8O28,2.7436
Hf1V1F6,3.2213
Hf6Zn6S18O72,4.8209
Hf1Zn1N2,2.3179
Hg1As2O6,0.7083
Hg2Au4F16,1.573799999999999
Hg2Bi4S8,1.1861
Hg2Cl4O12,2.6494
Hg2I4O12,2.6932
Hg4Mo24Cl56,1.73
Hg8P16O48,2.5782
Hg1Sb2O6,0.5173000000000001
Hg4Sb16S32,1.258
Hg8As4F24,1.4207
Hg2Ge1Se4,0.4336
Hg8I4O4,0.9192
Hg4Mo2O8,1.8942
Hg8N4O16,1.5703
Hg4P4O14,1.484199999999999
Hg2P2S7,1.809499999999999
Hg4P6Cl2,1.1347
Hg8P4O12F4,1.452
Hg4S2O8,1.9921
Hg8Se4O12,2.328999999999999
Hg16Se8O40,1.0118
Hg8Te4Br12,1.882099999999999
Hg4W2O8,1.9051999999999991
Hg12As8O32,1.0974
Hg6B4O12,2.629
Hg24N16O64,0.8522000000000001
Hg12P8O32,1.507099999999999
Hg12S8Br8,1.487
Hg6S4Cl4,1.9398
Hg6S4F4,1.8372
Hg12S8I8,1.3129
Hg12Se8Br8,1.3272
Hg6Se4Cl4,1.7701
Hg6Se4F4,1.9752
Hg12Se8I8,1.297
Hg6Te4Br4,1.704
Hg6Te4Cl4,1.9134
Hg12Te8I8,1.4667
Hg6As4F24,2.6234
Hg6As16S16Br12,1.7802000000000002
Hg12As4O16,0.5021
Hg12As4O20,1.3663
Hg3Bi2S2Cl8,2.7814
Hg6Bi4Te4Cl16,3.0056
Hg12H16I8O48,1.144299999999999
Hg12P4O16,2.2021
Hg9S3O18,0.5752
Hg6Se6O20,1.8688999999999991
Hg9Se3O18,0.4367
Hg24Te8Br32,2.0454
Hg24Te8Cl32,2.3567
Hg24Te8O48,1.236899999999999
Hg8Bi2S4Cl10,2.3713
Hg16Bi4Se8Cl20,2.105
Hg8O2F12,0.2036
Hg8P4O14,1.588499999999999
Hg8Pb4N12O38,1.8082
Hg32Sb16I24,0.726799999999999
Hg10Cl4O8,0.186199999999999
Hg20Sb8I24,1.5463
Hg24Bi4As16Cl28,1.3316
Hg24Bi4Sb16Br28,1.079
Hg24P16Pb4Cl24,2.1079
Hg24Sb20Br28,1.0115
Hg14P4O20,1.6085
Hg28Cl8O12,1.3838
Hg32Br12O16,0.6139
Hg36Bi8As16Br48,1.1979
Hg1As2H2F14,3.320599999999999
Hg4As8H4F52,3.0664
Hg4As8Xe20F88,2.1803
Hg4As4F28,2.4936
Hg2As2O6,1.235099999999999
Hg8B32O56,2.7564
Hg2Br2,2.2557
Hg2Br4,2.5527
Hg4Br4O12,3.2015
Hg2Cl2,2.7243
Hg4Cl8,2.8686
Hg2F2,1.7704
Hg1F2,0.9687
Hg4H8Se4O20,1.4897
Hg4H4Cl4O16,2.3817
Hg4H4N4O16,1.5664
Hg4H4O4F4,1.459099999999999
Hg2I2,1.6513
Hg2I4,1.3324
Hg4I4N4O12,1.9661
Hg2Mo2O8,2.2557
Hg8N8O24,2.568699999999999
Hg4O4,1.1867
Hg4P56Pb4,1.3483
Hg2P4Pd2O14,1.3365
Hg4P8Xe20F88,2.0719
Hg2P2S6,1.7549
Hg4P4Se12,1.2066
Hg1Pb2Cl2O2,2.247799999999999
Hg1Pb1F6,1.3192
Hg4S8O28,2.6024000000000003
Hg4S16,1.047499999999999
Hg2S2O8,1.3525
Hg4Sb8F52,0.201899999999999
Hg4Sb8Xe20F88,2.2327
Hg4Sb12Xe4F68,2.5858
Hg3Se3,1.0432
Hg4Se4O12,2.5571
Hg2Se2O8,0.8439999999999991
Hg2Te4O4F20,2.4788
Ho3Al9Cl36,4.0022
Ho16B48O96,5.693099999999999
Ho2Cl6O24,5.7915
Ho2Cu6S6,1.4907
Ho4I12O36,3.4108
Ho4N12O36,3.2838
Ho12P36O108,5.6162
Ho2Zn6P6,0.3817
Ho10Te7S10,1.9446999999999992
Ho10Te7S10,1.576999999999999
Ho22Sn20,0.014999999999999
Ho11Te16Cl1O48,2.8672
Ho26Zn116,0.0479
Ho4Mo6O24,3.5751
Ho4S6O24,5.9904
Ho4Se6O18,3.9629
Ho4Se6O24,3.8112
Ho4Au10F42,1.6192000000000002
Ho4Be4Si2O14,5.0859
Ho2C1N2O2,3.9966
Ho2C1F2,1.1355
Ho4Cd2S8,1.1172
Ho4Ge4O14,3.252
Ho8H16C4O28,4.9922
Ho4Hf4Mo14O56,3.1817
Ho4Mg2S8,1.9659
Ho4Mn4O14,1.1659
Ho4Mn2Ni2O12,1.8696
Ho4Mo8O30,3.3221
Ho8Mo4O24,2.1491
Ho4Ni2B8O20,3.531799999999999
Ho16O24,3.9457999999999993
Ho4Pb4O14,1.1706
Ho4Pt4O14,1.506899999999999
Ho12S18,1.4612999999999992
Ho2S1O2,3.028299999999999
Ho8Se12,1.315
Ho2Se1O2,2.1517
Ho8Si8O28,5.3233000000000015
Ho8Si16C4N24,3.2459
Ho8Si4O20,4.702
Ho4Sn4O14,2.7013
Ho8Te12,0.530799999999999
Ho4Te8O22,3.239499999999999
Ho4Te10O26,3.0121
Ho2Te1O2,0.7161999999999991
Ho8Te4O24,3.0134
Ho2Te1S2,1.7469
Ho8Ti8O28,3.0657
Ho8Ti4O20,3.284899999999999
Ho8W4O24,3.643
Ho12Al20O48,4.753799999999999
Ho6Cu6Sb8,0.3143
Ho6Cu2Ge2S14,1.759199999999999
Ho6Cu2Si2S14,1.822499999999999
Ho24Ga16,0.0276
Ho12Ga20O48,3.535
Ho6Ga2S12,2.094099999999999
Ho12Re4O32,1.7553
Ho6Sb8Au6,0.5575999999999991
Ho6Sb10O24,3.1437
Ho6Sb2O14,2.7558
Ho6Sb2O14,3.7426999999999992
Ho12Sc8Al12O48,4.763999999999999
Ho6Sc2O12,4.423
Ho12Se12N4,1.5205000000000002
Ho12Si12O40F4,5.2841000000000005
Ho6Ta2O14,3.4507
Ho12Te12N4,1.136199999999999
Ho16B4Cl4O28,4.773199999999999
Ho16C28,0.7510000000000001
Ho16Cd4Ni4,0.0156
Ho16Mg4Ni4,0.036399999999999
Ho32Ru8Br40,0.2507
Ho8Zn10Ge12,0.0043
Ho4Zr3O12,4.132
Ho40Ir8Br72,0.730599999999999
Ho12Al86Mo8,0.029999999999999
Ho6H40N8O49,2.9414
Ho6Re1O12,0.0359
Ho12Ta8Al86,0.0132
Ho14C4I24N2,1.261299999999999
Ho7Pt1I12,0.0819
Ho16Ga6Co2,0.007199999999999
Ho16In6Co2,0.0032
Ho8Ag8S16,2.0621
Ho4Ag4Se8,1.271199999999999
Ho2Ag2Te4,0.8999
Ho2As2O8,3.609
Ho4As4S4,0.0177
Ho4As4S4,0.468399999999999
Ho4As4Se4,0.2103
Ho4B16Mo4,0.5762
Ho4B16W4,0.2705
Ho6B6O18,5.4365
Ho1Bi2Br1O4,1.366499999999999
Ho1Bi2Cl1O4,1.370999999999999
Ho1Bi2I1O4,1.391099999999999
Ho2Br6,2.8409
Ho2Br2O2,4.5018
Ho2Cl6,3.7011
Ho2Cl2O2,5.1804
Ho4Cr4B16,0.167799999999999
Ho4Cr4O12,2.4964
Ho2Cr2O8,0.296799999999999
Ho2Cr2Te2O12,2.6338
Ho2Cu2Pb2S6,1.599599999999999
Ho4Cu4Pb4Se12,1.1844
Ho4Cu4S8,1.607299999999999
Ho2H4Cl2O4,4.7027
Ho2H2O4,3.9486
Ho1H1Se1,1.4981
Ho2I6,2.2181
Ho2I2O2,3.4546
Ho4Mn8O20,1.155199999999999
Ho6Mn6O18,0.376599999999999
Ho4Mo4Br4O16,1.8564
Ho2Mo2Cl2O8,2.7162
Ho1N1,0.087499999999999
Ho2Nb2O8,3.4844
Ho1Ni1Bi1,0.1941
Ho1Ni1Sb1,0.291999999999999
Ho2O2F2,5.089399999999999
Ho2P4H10O20,2.1728
Ho4P16H4O48,5.5976
Ho2P10,0.1063
Ho4P20O56,5.436
Ho2P2O8,5.9209
Ho8P8S8,0.293999999999999
Ho8P8S32,2.173
Ho1Pa1O4,2.4203
Ho4Pt4F28,2.3045
Ho4Rh4O12,0.9605999999999992
Ho2S2F2,1.299599999999999
Ho2S2I2,2.7205999999999992
Ho4S4O4,1.190999999999999
Ho4Sb4O16,2.3323
Ho4Se4Cl4O12,4.357200000000001
Ho4Se4F4,2.8304
Ho1Sn1Au1,0.022
Ho2Ta2O8,4.040599999999999
Ho4Te8Cl4O20,2.9145000000000003
Ho4Te4Cl4O12,3.857299999999999
Ho2Ti2Cl2O6,3.122999999999999
Ho4Tl4Mo8O32,3.291
Ho2Tl2W4O16,2.9276
Ho1Tl1S2,1.4885000000000002
Ho1Tl1Se2,1.2588
Ho1Tl1Te2,0.7305
Ho2V2O8,2.9805
I8O20,2.7278
I2Br2,1.402299999999999
I8Cl8,1.852199999999999
I2Cl6,1.5693
I2Cl6,1.795999999999999
I10F50,4.6921
I2F14,1.4397
I4O8F4,2.8952
I4O4F12,3.637
In4H12O12,3.1591
In2I6O18,3.0751
In6P18O54,4.44
In24Ga8Ir4O30,1.4187
In4C6N12,2.2323
In16Mo24O96,3.7398
In8P12S36,1.4292999999999991
In8P12Se36,0.9617999999999992
In4S6O24,3.7535
In8Se24O60,3.5380000000000003
In8Se12O48,2.3097
In8Te12O36,3.064899999999999
In4Ag2S6Cl2,1.087999999999999
In4As4Cl4O10,3.1511
In8Bi16Pb16S52,1.200399999999999
In32Br48,2.0644
In4Cu6Se12O36,0.389499999999999
In4H20S6O34,4.1315
In2Hg5Te8,0.0053
In4Hg12P6Cl18,2.1903
In4Hg2S8,0.3467
In2Hg1Se4,0.6337
In2Hg1Te4,0.5295000000000001
In16O24,0.6305000000000001
In8P8O28,3.6658
In4P2O10,2.073399999999999
In4Pt4O14,2.196199999999999
In16S24,0.8856
In16Se16O56,2.8578
In12Se18,0.9903
In8Si8Pb8O36,3.445799999999999
In12Te30,0.8515
In6Te3O18,1.016599999999999
In12P8O32,3.131999999999999
In12Ru4,0.229
In12Sn4I20,2.0965
In12Te12Br4,1.304199999999999
In12Te12I4,1.1004
In8As10Br6O24,2.987999999999999
In32Ge8S32,1.0696
In32Sn8S32,1.176
In16Te12,0.122399999999999
In5Ag1S8,0.103499999999999
In5Ag1Se8,0.2236
In5Ag1Te8,0.178799999999999
In10Cl18,2.9777
In5Cu1Se8,0.4548
In5Cu1Te8,0.1415
In10S10Br2,1.1148999999999991
In10S10Cl2,1.2286
In6Ga2Pt1O8,0.567199999999999
In6Ge2Pt1O9,1.3445
In12Te20Pb2,0.9293
In28Cl36,2.1915
In7Ge1Ir1O8,0.410299999999999
In14Te20,0.8223
In2Ag2P4S12,1.148299999999999
In2Ag2P4Se12,0.6040999999999991
In2Ag6F12,1.1389
In1Ag1Ge1Se4,0.8570000000000001
In2Ag2O4,0.2347
In4Ag4P8O28,2.4499
In2Ag2S4,0.377299999999999
In2Ag2Sn2S8,0.9214999999999992
In2Ag2Te4,0.064999999999999
In8As8H32O48,2.8192
In2As2H4O10,2.1239
In4B4F16,4.5332
In2B2O6,2.6556
In1Bi2S4Cl1,1.5805
In2Br2,1.257099999999999
In8Br16,2.4137
In2Br6,2.489
In2Br2O2,1.9948
In32Cl32,2.2049
In8Cl16,3.0226
In2Cl6,3.0122
In2Cl2O2,2.364499999999999
In1Co3Sn1S2,0.196699999999999
In1Cu1Ge1S4,1.1346
In1Cu1Ge1Se4,0.6493000000000001
In2F6,4.0226
In4Ga8Cl28,3.8431
In4Ga4Br16,2.9288
In6Ga6S18,2.0936999999999992
In6Ga6Se18,1.3166
In2H20N6O28,3.6327
In4H48N12F24,5.5754
In2H8N2Cl8,3.637399999999999
In4H20N8F8,3.5048999999999992
In8H48Cl24O24,3.715499999999999
In2H18N6Cl6,3.773399999999999
In4H4Se4O16,3.4401
In4Hg24As16Cl28,1.4202
In4Hg24Sb16Br28,1.127
In2Hg14S12Cl10,1.4549
In2I2,1.3412
In8I16,1.888599999999999
In4I12,2.2833
In2Ni2Ag4F14,1.4768
In4O4F4,1.330699999999999
In1P1,0.4546
In4P4H16O24,4.0305
In4P12Pb8O44,4.0204
In2P2O8,2.3482
In1P1S4,2.3185
In4Pb8F28,4.3537
In4S4,1.3508
In4Sb4P16O56,2.9879
In2Sb4S8Br2,1.5308000000000002
In2Sb4S8Cl2,1.552499999999998
In2Sb6P12O48,2.5289
In2Sb6F36,3.4854
In1Sb3Pb4O13,1.5391
In4Sb4O16,0.9405999999999992
In4Sb4S12,1.476099999999999
In4Se4,0.459
In8Se8Cl8O24,3.379799999999999
In16Se16I16,1.6754
In2Si2Te6,0.4816
In2Sn2Cl6,3.0433
In4Te4Br4,1.735599999999999
In8Te8Cl8,1.6633
In4Te4Cl4O12,3.0755
In4Te4I4,1.7076
In8Te8I56,1.7538
In4Te4O12F4,3.178
Ir8Se36Br24,1.519299999999999
Ir8Se36Cl24,1.5989
Ir4Pb4O14,0.152
Ir8S12,0.7821
Ir2Br6,1.5604
Ir4Cl12,1.9582
Ir2F6,1.141099999999999
Ir4F24,0.7714000000000001
Ir2I6,1.3846999999999992
Ir8S16,0.5371
Ir4S12Cl44,1.8369
Ir8Se16,0.0517
K2B42H36,4.3822
K2B12H12,5.5284
K4Co8O16,0.2643
K4Ge12As12,0.6616000000000001
K2Sb4Se8,1.117299999999999
K4Si12As12,1.413499999999999
K4Sn12As12,0.519199999999999
K2Sn4Se8,1.172699999999999
K4Te8O24,1.0307
K10Co4O9,0.3409
K40In20Sb36,0.644699999999999
K20Nb2In2As12,0.9145
K20Th6P20S72,2.4587
K10Zn4Sn4S17,2.1377
K22In12Bi18,0.0282
K22Cd4Sb10,0.5584
K11Li1Mn4O16,1.7462
K48In8Se36,1.5563
K28Fe8O26,2.250499999999999
K28In8O26,1.8384
K28Zn2Ge32,0.8916000000000001
K30Cr14N38,0.7090000000000001
K30Mo14N38,1.3026
K30Os14N38,0.062399999999999
K30Re14N38,0.0478
K30W14N38,1.5284
K16Zr12Se61,1.3461
K17Fe5O16,2.1335
K4Mo6Se36,0.8620999999999991
K4Nb6Br18,1.0786
K4Nb6Cl18,1.086799999999999
K8Re12S24,1.469599999999999
K8Re12Se24,1.136099999999999
K8Tc12S24,1.032
K8Tc12Se24,0.8982999999999991
K8Ag4As12Se24,1.400999999999999
K4Ag4Ge2S8,1.6880000000000002
K4Ag4Ge2Se8,1.077799999999999
K4Ag4Sn2Se8,0.8472000000000001
K4Ag8S6,0.128299999999999
K8Ag24Sn12S40,0.7928000000000001
K4Ag2As2,1.0719
K4Ag2Bi2,0.6783
K2Ag1Bi1Cl6,2.0583
K4Ag2F8,0.6126
K4Ag2P2,1.232
K2Ag1Rh1F6,1.4182
K4Ag2Sb2,1.1871
K6Al6B6O21,4.5949
K2Al2Sb2O7,3.5034
K16Al16Sb24,1.337599999999999
K4As4Pd2,0.645799999999999
K4As4Pt2,0.3521
K4As2Au2S8,0.9987999999999992
K4As2H26O20,4.3998
K4Au2I10O30,1.9927
K4B4S14,2.5194
K8B8Se12O40,4.1143
K4B4Se14,1.6406
K8B16H32O44,5.2209
K8B16O28,4.821
K2Ba7Si16O40,4.5136
K4Ba2Cd2Sb4,0.15
K16Ba8Nb16S88,0.9839
K8Be4Si16O40,4.9141
K4Be4Si12O30,4.83
K8Be8Si12O36,5.035
K8Be4Cl16,5.241099999999999
K8Be4O8,2.9234
K4Bi2I10O30,2.9708
K2Bi8Se13,0.8361000000000001
K4Bi2Au2,0.8705
K8Bi4F20,4.7686
K2Br1Cl6F1,0.9144
K2C1N2,3.1433
K8C4O12,3.649
K2Ca1C2O6,4.353400000000001
K8Ca8S12O48,5.6275
K4Ca6Si6O20,4.1123
K2Ca4Si8O21,4.594
K8Ca4As8O28,3.513
K8Ca4P8O28,4.8873
K4Cd2Au8S8,2.032899999999999
K8Cd8S12O48,3.752799999999999
K4Cd4O6,0.6513
K24Cd24Te36,1.882299999999999
K8Cd12S16,1.9018
K8Cd12Se16,1.4027999999999992
K16Cd8Ge8O32,2.3122
K8Cd4O8,1.3562
K4Cd2P4O14,3.779499999999999
K4Cd2Pb2,0.1648
K16Cd8Si8O32,2.9406
K4Cd2Sn2,0.059499999999999
K4Cd2Sn2,0.0482
K8Cd4Sn4S16,1.4957
K2Cd1Sn1Se4,1.6721
K2Ce1Cu2S4,0.5588999999999991
K6Ce3N18O54,1.396799999999999
K8Ce4P8O32,1.4179
K4Ce2Si12O30,2.187
K8Ce4Br20,0.1634
K8Ce4Cl20,0.3104
K2Ce1F6,2.1176
K4Ce2Ta10O30,0.0481
K8Co8S12O48,2.7281
K8Co4Br16,0.972299999999999
K24Co12Cl48,0.8932
K2Co1F6,1.1713
K4Co2I8,0.550999999999999
K8Co4O8,0.1699
K16Co8Si8O32,2.9618
K4Cr4O14,2.7644
K4Cr6Cl4F12,2.4339
K32Cr16F80,3.8102
K2Cr1F6,0.703399999999999
K4Cr2H4F16,2.0316
K8Cr4O16,3.2795
K8Cr4S4O28,2.4957000000000003
K4Cu2C4O12,0.5492
K4Cu2Cl4F4,0.585299999999999
K4Cu2P8O24,0.8983000000000001
K8Cu4P12S36,1.9627
K2Cu3Se4O12,0.091299999999999
K8Cu12S12O52,0.1405
K4Cu2As2,1.0674
K2Cu1Bi1Cl6,1.161699999999999
K8Cu4Br12,1.901799999999999
K8Cu4Cl12,2.052
K4Cu2F8,0.382399999999999
K4Cu2P2,1.1421
K2Dy4Cu4S9,0.8801999999999991
K2Dy4Cu4Se9,0.7292999999999991
K8Dy4Cl20,4.9233
K8Er4N20O60,3.4576
K8Eu4F20,0.1588
K8Eu4Si4Se20,0.339
K8Fe8As8O36,1.8765
K4Fe2F10,2.9703
K8Fe4O16,1.6183
K16Ga16As24,1.670399999999999
K6Ga6B6O21,3.7999
K16Ga16Sb24,1.1651
K8Ga12Cu4Se24,1.5668000000000002
K2Ga1Ag1F6,2.243
K16Ga8As16,1.0207
K16Ga8P16,1.2309
K16Ga8Sb16,1.215199999999999
K8Gd4B20H80,2.5191
K8Gd8Sb8Se36,0.9272
K8Gd4Cl20,2.5725
K8Gd4F20,0.242399999999999
K2Ge1I6O18,3.1784
K4Ge2S12O42,3.7824
K12Ge12O30,3.014999999999999
K2Ge2Pb2O7,3.1648
K4Ge4Pb2S12,2.211299999999999
K8Ge8S20,2.3273
K8Ge8Se20,1.9498
K4Ge2As4,0.8442000000000001
K2Ge1F6,5.799799999999999
K4Ge2Se6,1.7264
K8Ge4Se16,1.7939
K8Ge4Te16,1.0714
K8H8Ru4O20,0.8767
K2H4Pd1,2.3826
K4H8Pt2,3.2487
K2H6Pb1O6,2.1354
K2H6Pt1,3.9976
K4H2Br2O2,3.5348
K8Hf8O20,4.4449
K8Hg4P8Se24,1.4002
K4Hg6Ge4S16,1.552099999999999
K4Hg6Ge4Se16,1.2695
K8Hg12S16,1.7408
K8Hg12Se16,1.1091
K4Hg12S14,1.3918
K8Hg4Cl16,2.3613
K2Hg1O2,2.0773
K8Hg4S8,2.1351
K2Ho4Cu4S9,0.8687
K8Ho4Cl20,4.9926
K8In4P8Se32,1.1954999999999991
K4In24Se38,0.8553000000000001
K16In16As24,1.000699999999999
K8In8P12Se40,1.5675
K16In16Sb24,1.207199999999999
K8In12Ag4Se24,1.489199999999999
K8In12Cu4Se24,1.2031
K4In2P4S14,1.8783999999999992
K8La8B8O28,4.2792
K4La4Sb4S18,1.1627
K8La4Br20,3.3763
K8La4Cl20,4.1634
K8La4I20,2.7532
K8La4P8S28,2.3832
K8La4P8Se28,1.4904
K4La2Ta10O30,2.5845
K8Li4H24N12,2.3848000000000003
K2Li14Pb3O14,2.018199999999999
K2Li14Zr3O14,4.356
K8Li12Co4O16,1.4735
K8Li12Fe4O16,3.0917
K8Li12Ga4O16,3.5967
K8Li12Ni4O16,1.8411
K4Li2Al2H12,2.5761000000000003
K4Li2Al2P4,1.8853
K4Li2B2O6,3.5825
K2Li1Bi1Cl6,3.6182
K2Li1Cr1F6,4.1644
K2Li1Cu1F6,0.9248
K2Li1Fe1F6,3.9473
K8Li4Ga4As8,1.1937
K8Li4In4As8,1.1838
K2Li1In1F6,5.2984
K2Li1Lu1Cl6,5.0952
K2Li1Mo1F6,4.4161
K8Li4Nb4O16,4.0545
K2Li1Rh1F6,1.7665000000000002
K32Li16Sn64,1.0043
K4Li2V2O8,3.976099999999999
K8Li4V4S16,1.602199999999999
K2Lu1Ag1Cl6,3.6296
K2Mg1C2O6,4.048599999999999
K8Mg4H32N16,2.5305
K4Mg2P4Se12,1.8749
K8Mg8Mo12O48,3.8881
K8Mg8S12O48,5.6845
K2Mg1Cl4,4.7652
K16Mg8Ge8O32,3.4802
K2Mg1H4,3.4385
K8Mg4O8,2.7608
K16Mg8Si40O96,4.7841000000000005
K16Mg8Si8O32,4.2164
K8Mg4V8O28,3.662
K8Mn4Se8O24,3.6409
K8Mn4Sn8Se24,0.8791
K8Mn8S12O48,4.5728
K16Mn16Be24F96,4.7164
K4Mn6As6O24,0.615699999999999
K2Mn1Cl6,1.0996
K2Mn1F4,2.807
K4Mn2F12,3.3143
K4Mn2I8,2.0705
K8Mn4P8O28,4.306999999999999
K4Mn2S4,0.9719999999999992
K4Mn2Se4,0.9895
K8Mn4Sn4Se16,0.2833
K4Mn2V4O14,2.41
K4Mn2V8O24,2.0298
K4Mo2I8O28,2.9387
K8Mo4S8O40,2.8802000000000003
K4Mo4O14,3.4081
K8Mo8P8O44,2.4334
K8Mo8Se8O44,2.787
K4Mo6As8O40,2.6696
K4Mo6O20,3.3529
K8Mo4As8O36,2.7838000000000003
K8Mo4Cl20O4,2.767
K4Mo2O8,4.3175
K8Mo4P8O36,3.0368
K8Mo4S16,1.412799999999999
K8Na4B36O60,5.3035
K8Na4H24N12,2.11
K8Na8Ir4O16,0.3121
K8Na12In4O16,2.065699999999999
K4Na6P6O20,4.3865
K8Na12Si4P12,0.8900999999999991
K8Na12Tl4O16,1.5642
K4Na8Be4O10,2.4341
K4Na8Co4O10,0.0758
K4Na2Al2As4,1.026
K2Na1Al1H6,2.3466
K4Na2Al2P4,1.4926
K4Na2As2,0.1469
K2Na1As1F6,4.4981
K4Na2B2P4,1.771
K2Na1Bi1Cl6,3.7886
K2Na1Co1F6,2.9932
K2Na1Cr1Cl6,1.3875
K2Na1Cr1F6,4.2057
K2Na1Cu1F6,0.7248
K2Na1Fe1F6,4.0922
K4Na2Ga2As4,0.8055000000000001
K2Na1Ga1F6,5.952
K4Na2Ga2P4,1.307899999999999
K4Na2In2As4,0.622899999999999
K2Na1In1F6,5.2445
K4Na2In2P4,1.0504
K8Na4In4Sb8,0.5808
K2Na1Lu1Cl6,5.002499999999999
K2Na1Mn1F6,1.5314
K8Na4Mn4O16,1.8124999999999991
K2Na1Mo1F6,3.9023
K2Na1Rh1F6,2.000099999999999
K2Na1Sc1Br6,3.0952
K2Na1Tl1F6,3.6205
K8Na4Tl4O12,1.261899999999999
K4Nb6Cl14O10,2.3144
K2Nb4Fe2O13,1.8139999999999992
K4Nb2Ag2S8,2.129099999999999
K4Nb2Cu2S8,1.9582
K4Nb2Cu2Se8,1.6164
K8Nb4F28,4.5275
K4Nd4Ir2O14,0.2913
K8Nd4Br20,3.9512
K8Nd4Cl20,4.7465
K8Nd4I20,3.040999999999999
K8Nd4P8S28,2.4772
K8Ni4Mo8O32,3.4841
K4Ni2N8O24,2.944
K8Ni8Mo12O48,3.2782
K4Ni6S8,0.7685999999999991
K4Ni6Se8,0.4373
K4Ni2As4,0.080299999999999
K2Ni1F4,3.6693
K2Ni1F6,2.3603
K2Ni1O2,0.577
K4Ni2P4,0.6445000000000001
K2Np1O4,0.2662
K4O2,1.7072
K4O4,2.3575
K12Os6O30,1.6618
K4P4O10F4,5.0435
K4P4Pd2,1.0789
K8P8Pd4O28,1.1969
K8P8W4O36,4.0913
K8P12,1.0327
K16P32Pb8O96,5.153300000000001
K4P2Au2,0.9515
K4P2Au2S8,1.5691000000000002
K24P12H12O48,4.6712
K8P4O12F4,4.4668
K16P8S24,2.887
K16P8Se24,1.973899999999999
K4Pa2F14,3.8837
K2Pb1S2O8,4.436
K4Pb4O6,1.6906999999999992
K4Pb2Cl12,1.6065
K8Pb4O8,1.9147
K8Pb4O12,1.1376
K8Pd4N16O48,1.8362
K8Pd4S24O84,1.4223
K4Pd6S8,1.2114
K4Pd6Se8,0.764
K2Pd1Br4,1.204899999999999
K2Pd1Br6,0.5077
K2Pd1Cl4,1.4279
K2Pd1Cl6,1.2027
K2Pd1F4,1.8732
K2Pd1F6,2.0399
K2Pd1O2,1.3697
K2Pd1S2,1.117
K2Pd1Se2,0.8458000000000001
K8Pr4Br20,4.068799999999999
K8Pr4Cl20,4.8776
K8Pr4I20,3.1107
K2Pt1,1.3146
K2Pt1Br6,1.1688
K2Pt1C2,0.9937999999999992
K2Pt1Cl4,1.819599999999999
K2Pt1Cl6,1.8566
K2Pt1F6,2.5717
K4Pt2I12,0.8659999999999991
K2Pt1S2,1.235599999999999
K2Pt1Se2,0.9345
K8Pu4Cl20,0.060799999999999
K2Pu1Cl6,1.1938
K2Pu1Cl6,0.3467
K4Rb8Fe4O10,0.980399999999999
K8Rb4Bi4Se12,2.1311
K2Rb1Mn2F7,2.6186
K2Re1Br6,0.97
K2Re1Cl6,1.0776
K2Re1F6,1.6997
K8Re4F32,1.0873
K6Re3H27,5.212999999999999
K8Ru4Br24,0.0202
K8Ru4O16,0.169599999999999
K2S1,2.3201
K4S4O14,5.2193
K4S6,1.2855
K8S20,1.929899999999999
K8S20O64,4.636699999999999
K8S4O16,5.2168
K4Sb8O22,1.8585999999999991
K4Sb2Au2,1.0023
K8Sb4Cl20,3.2628
K8Sb4F20,4.6217
K4Sb2H10O12,3.1185
K8Sb4P4O24,2.6337
K8Sc4P8Se28,1.7243
K2Se1,2.0925
K32Se32O80,3.5551
K4Se4O14,3.0355
K4Se6,0.644
K2Se1Br6,1.6978
K24Se12O48,3.7587
K8Si4S24O84,5.3537
K12Si12O30,4.4142
K4Si6Sn2O18,4.0129
K4Si8O18,4.4376
K4Si12Ge2O30,4.399699999999999
K4Si2As4,1.0036
K24Si12O36,3.9353
K4Si2P4,1.208699999999999
K16Sm16As16Se72,1.2038
K4Sm4Ir2O14,0.2757
K8Sm4Br20,4.0333
K8Sm4Cl20,4.779999999999999
K4Sm2P4S14,2.2591
K2Sn1As2S6,1.0089
K4Sn2Au4S8,1.6433
K2Sn1H12N6,2.4109
K2Sn1H6O6,3.6828
K4Sn2S12O42,3.4436
K4Sn4Hg6S16,1.7526000000000002
K4Sn4O6,1.3022
K4Sn4S10,1.406299999999999
K4Sn4Se10,0.8429000000000001
K4Sn6Sb4S20,1.816599999999999
K8Sn12O28,1.5671
K4Sn2Br12,1.6124
K4Sn2Cl12,2.6777
K2Sn1F6,5.1508
K2Sn1Hg1Se4,1.4785
K2Sn1Hg1Te4,0.622799999999999
K8Sn4O8,1.6021
K8Sn4O12,2.1547
K8Sn4P8O28,4.1651
K4Sn2S6,2.2443
K4Sn2Se6,1.646
K8Sn4Te12,0.9613
K4Sn2Te10,0.536899999999999
K2Sr1Nb6Cl18,1.0688
K2Sr1P4O12,5.6094
K4Sr2Cd2Sb4,0.315199999999999
K8Sr4P8O28,4.8616
K2Sr1Ta2O7,2.0748
K8Sr4V12O36,2.214299999999999
K4Sr2V8O24,3.0368
K8Ta8O12F24,4.012
K4Ta6Cl18,1.4543
K4Ta8O22,3.3655
K4Ta2Ag2S8,2.4916
K4Ta2Cu2Se8,2.0288
K8Ta4F28,5.6081
K8Tb4Cl20,4.9948
K8Tc36O108F44,2.6599
K2Tc1Br6,1.0368
K2Tc1Cl6,1.142599999999999
K2Tc1F6,1.7181000000000002
K6Tc3H27,4.9451
K4Tc2I12,0.7245
K2Te1,2.141
K8Te4W12O48,2.8707000000000003
K16Te16As8,1.2765
K8Te8O20,3.429299999999999
K2Te2Pd1,0.2103
K2Te2Pt1,0.7917000000000001
K8Te12,0.5752
K8Te16O36,2.9189
K4Te2Br12,2.336
K2Te1Cl6,2.5557
K8Te4Cl4F20,4.487999999999999
K4Te2I12,1.7449
K4Te2O6,3.5774
K8Te4O16,2.7853
K8Te4S12,2.3419
K8Te4Se12,1.7896
K8Th4As8O32,3.890099999999999
K6Th3N18O54,3.5914
K8Th4P12Se36,1.7672999999999992
K8Th4O12,3.7257
K4Ti2Cu4S8,1.6735000000000002
K4Ti2Si6O18,3.3818
K2Ti1Te3O12,1.520099999999999
K2Ti2O5,3.2005999999999992
K2Ti6O13,2.7535
K2Ti1Cl6,2.0826
K2Ti1F6,4.7349
K4Ti2H2F14,4.7659
K4Ti2O6,3.4121
K32Ti16O16F64,3.031599999999999
K4Ti2S6,1.1215
K16Ti8Zn8O32,3.6582
K16U8Mo16O80,2.3125
K8U4W8O40,2.0582
K4U4O14,1.648299999999999
K2U3I4O20,1.8921
K2U3Te2O14,1.8600999999999992
K8U4As8O36,2.4207
K8U4Br20,0.105799999999999
K8U4Cl20,0.119899999999999
K2U1O4,1.9773
K4V2P4O16,2.74
K4V4Co2O14,2.582
K4V6O16,2.0466
K4V2Ag2S8,1.304999999999999
K4V2Ag2Se8,0.9843
K4V2Cu2S8,1.2343
K4V2Cu2Se8,1.1253
K8V4O8F12,2.9836
K8V4O4F16,2.7902
K8V4P4O24,3.3687
K4W4O14,2.4361
K6W12O39,1.9062
K4W2O8,4.3858
K8W4S16,1.9435
K8W4Se16,1.319
K2Y4Cu4Se9,0.7046999999999991
K8Y16Sn8S44,1.7939
K8Y4Cl20,4.783200000000001
K4Zn2Ge4O12,2.872499999999999
K4Zn2H16N8,1.98
K8Zn4S8O32,4.5647
K8Zn4Si16O40,4.2665
K4Zn2Si4O12,3.9235
K8Zn4Sn8Se24,1.5684
K8Zn8Mo12O48,3.6629
K8Zn12P16O56,4.207899999999999
K4Zn6Se8O24,4.126
K4Zn6O8,1.4102
K4Zn6S8,2.5684
K4Zn6Se8,1.9383
K4Zn10As8,0.160499999999999
K4Zn2Br8,3.6771
K48Zn24Cl96,4.5128
K2Zn1F4,4.3016
K16Zn8Ge8O32,3.0302
K8Zn4H16,4.141
K4Zn2I8,3.0987
K4Zn2O4,1.9785
K8Zn4P8O28,4.129
K4Zn2S4,2.804299999999999
K4Zn2Se4,2.319099999999999
K16Zn8Si8O32,3.7041
K4Zn2Te4,2.0537
K2Zr1B2O6,3.4092
K2Zr1P2O8,4.4906
K4Zr2Si6O18,4.813
K4Zr6O2F24,5.4252
K4Zr2F12,5.5362
K4Zr2Ge4O14,3.9148
K8Zr4O12,3.6617
K16Zr8S32,2.0197
K8Zr4Si8O28,4.524699999999999
K8Zr4Te12,0.373899999999999
K6Ni4O8,0.2216
K6Ni4O8,1.3828
K60Ga18As38,0.180099999999999
K60Ga18Sb38,0.286699999999999
K76Nb14As48,0.0131
K3Ag3As2,1.2533
K48Ag16O32,1.7512999999999992
K36Al12P24O96,4.521
K12Al8As12O48,3.2748
K12Al8P12O48,4.6074
K6Al4As6,1.1862
K24Al8As16,0.4517
K12Al4B32O60,5.217
K6Al2H12,2.8773
K6Al2O6,2.8977
K24Al8P16,0.9707999999999992
K12Al4Se12,2.7325
K12Al4Te12,2.2172
K6As2,0.1118
K12As4P12Se36,1.5724
K12As44,1.5084
K48As112,1.5521
K24As8O32,3.3075
K12As4S12,2.5958
K12As4S16,2.1312
K12As4Se12,2.1248
K12As4Se16,1.113099999999999
K6Au6Br16,0.813399999999999
K3Au1O1,0.5612
K6Au2Se4,2.0524
K12B4S12O48,5.2917
K3B6Br1O10,5.212000000000001
K3B6Cl1O10,5.3729
K12B4N8,1.5863
K6B2P4,1.6658
K12B4S12,2.7148
K6B2Sb8O26,2.0928
K18Bi6,0.024699999999999
K3Bi1As6Se12,1.398699999999999
K12Bi4P8S32,2.1148
K6Bi4As6O24,3.3655
K12Bi8N36O108,3.5856
K6Bi4P6O24,3.8091
K12Bi28S16O96,3.1702999999999992
K12Bi4O12,2.9552
K6Bi2O8,1.1394
K12Bi4Se12,2.0759
K12Bi4Te12,1.2282
K3Br1O1,0.8913000000000001
K3Ca1P2O8,0.019699999999999
K12Ca4V20O60,2.7603
K12Cd4B20O40,3.817999999999999
K6Ce2P4O16,0.0495
P8S32K12Ce4,0.003
K3Co1F6,2.898399999999999
K12Co4O8,1.6284
K3Cr1F6,4.3858
K12Cu4N20O60,0.873799999999999
K6Cu22Te32,0.0815
K6Cu4Bi10S20,0.5758000000000001
K3Cu3As2,1.2741
K3Cu3P2,1.2892
K12Cu20O16,1.593499999999999
K24Cu8O16,1.521599999999999
K12Cu4P8S28,2.3196
K6Dy2As4S16,1.6543
K18Dy6Si12O42,3.7062
K12Er4S12O48,5.3384
K6Er14S24,1.8393
K12Er4Cl24,5.196899999999999
K18Er6Si12O42,3.7371
K3Er1V2O8,3.4218
K12Fe8P12O48,2.2618
K6Fe10P12O48,1.833
K12Fe4O16,0.243299999999999
K12Ga8P12O48,3.768
K12Ga12As16,0.8722000000000001
K3Ga1F6,5.7897
K6Ga2O6,2.6237
K12Ga4S12,2.7008
K12Ga4Se12,2.4441
K12Ga4Te12,1.6626
K12Gd4B8O24,2.6966
K6Gd2P4O16,1.2922
K6Gd6P8S32,1.498999999999999
K18Gd6Si12O42,3.1454
K6Ge34,0.058699999999999
K6Ge8Au2,0.8175999999999991
K6Ge2S6,2.4164
K6Ge2Se6,1.8278999999999992
K12Ge4Te12,1.1611
K6H2Se4O16,3.3252
K6Hf8Ag4F46,0.6645
K6Ho2P4O16,5.0659
K12Ho4Cl24,5.0202
K18Ho6Si12O42,3.721599999999999
K3Ho1V2O8,3.4261
K3I1O1,1.0284
K12I4O20,1.497999999999999
K3In1I6O18,3.2415
K12In4P8O32,3.398
K12In8As12,0.9935
K12In12P16O64,3.232199999999999
K12In4Cl24,3.5298
K12In4F24,5.3281
K6In2P4,0.7887000000000001
K12Ir4Cl24,1.9042
K6La2As4O16,3.882099999999999
K6La2P4O16,4.662000000000001
K12La4P8S32,2.478099999999999
K12La4P8Se32,1.4776999999999991
K12La8N36O108,3.4725
K12Li12Te4O24,2.8097000000000003
K12Li4Ge16,1.0603
K6Li2P4O14,5.0761
K24Li8Si8O32,3.674399999999999
K6Lu2B4O12,3.2674
K9Lu3P6O24,4.9407
K3Lu1Cl6,4.6928
K6Lu2Si4O14,3.6132
K3Mn2F7,0.7123
K12Mn16O32,0.487499999999999
K12Mn4O12,1.6113
K6Mo24P2O80,2.2532
K6Mo4Cl18,0.631799999999999
K12Mo8O16F20,2.5171
K12Mo4Cl24,1.6993
K3Mo1F6,3.352999999999999
K6N2O6,0.2174
K12N4O16,3.6559
K3Na1S2O8,5.2996
K6Na2Se4O16,3.5721
K12Na8In4O16,2.133199999999999
K12Na8Sn4As12,0.94
K12Na8Sn4Bi12,0.0109
K12Na8Sn4P12,1.1005
K6Na2Cr4O16,3.0529
K6Na2Mn2Cl12,2.4629
K6Na2Re4O18,1.823099999999999
K6Na2Sn6Se16,1.6836000000000002
K6Na2Th4O12,3.6675
K12Nb4S16O64,2.9664
K6Nb4Ag6S16,1.9519
K6Nb4As2Se22,1.1802
K6Nb4Cu6S16,1.8542
K6Nb4Cu6Se16,1.6021
K12Nb8Cu4Se48,1.266499999999999
K12Nb8S44,1.3870999999999991
K12Nb8Se44,1.0744
K3Nb3B2O12,2.3377
K12Nb24V4O76,2.3407
K12Nb4As8O36,3.1385
K12Nb4P8O36,2.8105
K12Nb4S16,2.4051
K12Nb4Se16,1.8918
K6Nd2As4S16,1.6896
K12Nd4B8O24,3.3697
K6Nd2P4O16,4.9309
K12Nd4P8S32,2.4763
K12Nd4Si24O60,4.3515000000000015
K12Nd8N36O108,3.484499999999999
K6Nd6P8S32,2.115
K12Nd4Si28O68,4.721500000000001
K6Nd2V4O16,3.6565
K3Ni2F7,3.5833
K6Np2H12O16,1.543
K12Np4H8O24,1.1955
K12Np4O8F20,0.317899999999999
K6P2,0.2117
K12P44,1.9674
K6P4Au2Se16,1.195799999999999
K6P10Ru2Se20,1.0744
K12P24N44,4.1295
K12P4O16,3.9991
K12P4S16,2.9158
K12P4Se16,1.6858
K6Pr2P4O16,4.8643
K12Pr8N36O108,3.4562
K6Pu2H12O16,1.173099999999999
K12Rh4Cl24,1.6737000000000002
K3Rh1F6,2.1828
K6Sb2,0.389399999999999
K3Sb2Au3,1.1046
K12Sb4O12,3.2348
K6Sb2O8,1.8402
K12Sb4S12,2.6955
K6Sb2S8,2.1851
K12Sb4Se12,2.3079
K6Sb2Se8,1.4318
K12Sb4Te12,1.7167
K12Sc4Mo12O48,3.971
K9Sc3P6O24,4.2962
K12Sc4Cl24,3.9539
K6Sc2Si4O14,3.6378
K3Sc1V2O8,3.0893
K12Si24H24N44,3.113299999999999
K6Si2Te6,1.7179
K6Sm2As4S16,1.6795
K12Sm4B8O24,3.5401
K6Sm2P4O16,5.0138
K12Sm8N36O108,3.598799999999999
K18Sm6Si12O42,3.615299999999999
K6Sn4P10S36,1.318299999999999
K6Sn8Au2,0.3972
K6Sn10Cl6F20,3.2314
K6Sn2H2F16,5.1576
K12Sn4Se12,1.627599999999999
K12Sn4Te12,1.2441
K6Ta4Ag6S16,2.2901
K6Ta4Ag6Se16,2.076
K6Ta4As2S22,1.8918
K6Ta4As2Se22,1.208699999999999
K6Ta4Cu6S16,2.313
K6Ta4Cu6Se16,1.9869999999999992
K12Ta8S44,1.792
K3Ta3B2O12,2.6703
K6Ta6Si4O26,2.9687
K12Ta4S16,2.8164
K6Tb2B4O12,3.2054
K18Tb6Si12O42,3.6879
K6Ti4P10S36,1.1872999999999991
K12Ti4Cl24,0.061699999999999
K12Tl4F24,3.8026
K6Tm2P4O16,5.1379
K12Tm4Cl24,5.0684
K18Tm6Si12O42,3.755499999999999
K3Tm1V2O8,3.4169
K6U6Si4O26,0.483599999999999
K12U4O8F20,2.713899999999999
K6V2S4O20,3.4516
K12V8S16O72,1.416499999999999
K12V12As8O56,2.9011
K6V6Bi4O24,2.9426
K6V6O16,1.8564
K3V5O14,2.2837
K12V4O16,4.0392
K12V4S16,1.582999999999999
K6V2S2O6,3.1383
K3V1Se4,1.0092
K6W4O8F12,1.3463
K12W8N20,2.1512
K3W1F6,2.8446
K6Y2B4O12,3.1826
K24Y24B32O96,4.3171
K3Y1V2O8,3.4086
K12Zn4B20O40,4.3815
K3Zn2F7,4.0269
K6Zn2H10,3.4448
K6Zr12Be2Cl30,0.9268999999999992
K16Ti12Te36,0.121099999999999
K49Tl108,0.0499
K16As8Se20,1.1592
K8Au12S10,1.5841999999999992
K8B20H8O38,5.1195
K8Ba2Ge6O18,3.2348
K8Ba2V4S16,1.5514
K8Ba4Sn2As8,0.498599999999999
K8Ba4Sn2Bi8,0.098899999999999
K8Ba4Sn2P8,0.7994999999999991
K8Ba4Sn2Sb8,0.392199999999999
K8Be6O10,3.2088
K4Be1As2,0.8851000000000001
K4Be1P2,1.136099999999999
K4Br2O1,0.9912
K4Ca1U3O12,2.1025
K4Cd1As2,0.6091000000000001
K8Cd2Cl12,3.982999999999999
K4Cd1P2,0.8246
K8Co2Mo6O24,2.2285
K48Cu48Sn84,0.7236
K8Eu2P4S16,0.684299999999999
K8Fe4O10,0.7339000000000001
K8Ge2P8S24,2.1265
K16Ge4P16Se48,1.3986
K8Ge18O40,3.0665
K8Ge2O8,2.7733
K32Ge8S32,2.7142
K32Ge8Se32,1.9993
K8H12C4O18,4.2953
K4Hf5O12,3.273999999999999
K8Hf2O8,2.8827
K4Hg1As2,0.6976000000000001
K4Hg1P2,0.9356
K4I2O1,1.017
K8I4O18,1.9183
K8In4Si16O42,3.8373
K4Ir1O4,0.428199999999999
K32Li8I8O48,2.312
K8Mg2Mo6O24,4.3065
K8Mn2Mo6O24,3.0225
K8Mn6F24,0.84
K8Mn2Br12,2.3071
K16Mn4O16,1.4906
K24Mo6O30,3.1685
K16Mo4S12O56,2.7304
K8Na4Si12O30,4.1851
K8Na4Te2O12,2.193699999999999
K32Nb16Se88O8,1.361
K16Nb24O68,2.6581
K8P42I2,1.2638
K8P4O14,3.7435
K4P2Pd1S8,1.7116
K32Pb8O24,2.4381
K8Pb2O8,1.7002000000000002
K16Pt8S20O80,1.705099999999999
K8Rb4Co4O10,1.0943
K4Ru2Cl10O1,0.5983
K16Sb8O20,2.5575
K16Si4O16,2.9391
K16Sn4Te8Se8,1.78
K8Sn42Hg4,0.194199999999999
K8Sn6Se16,1.503
K16Sn36,1.2502
K32Sn8O24,2.302499999999999
K8Sn2O8,2.3423
K4Sn1Sb2F14,4.0907
K16Sn4Se16,1.9882
K8Sr2Si6O18,4.1609
K24Sr12Sn6As24,0.5375999999999991
K4Sr1U3O12,2.0683
K8Ta4S22,1.7377999999999991
K16Te32O92,1.2989
K8Th2Mo8O32,4.0216
K8Ti6S28,1.2102
K8Ti2O8,3.1454
K8U2P4O20,1.7849
K4U5Te2O21,1.769
K8U2C6O22,2.0892
K8U2O10,2.1712
K32U8S24O112,1.8491
K4V2O7,3.4405
K8V4S8O38,2.0392
K16V4P8S36,1.2866
K24W6O30,3.3802
K8Zn4Sn42,0.420799999999999
K4Zn1As2,0.725
K8Zn2Bi4,0.329099999999999
K16Zn4O12,1.694599999999999
K4Zn1P2,0.9455
K4Zr5O12,3.19
K4Zr6C1Br18,1.174999999999999
K4Zr6Fe1Br18,1.3841
K8Zr2O8,2.9118
K20As12Pb12,0.843
K20Ag8As12Se36,0.9519999999999992
K10As4Au2,0.339399999999999
K20As12O40,3.22
K10Au2I4O4,1.882
K20B4S16O64,5.436299999999999
K10B38O62,5.4738
K10Ba2Nb2As8,1.1094
K10Ba2Ta2P8,1.267599999999999
K10Cu2As4,0.252499999999999
K40Fe8O32,2.298899999999999
K40Ga8Se32,1.8932
K20H4C8N16,3.8833
K10In2Mo8O32,3.4823
K20In12Si28O84,3.6681
K10In6F28,4.6571
K80In16O64,2.2357
K20Li4Ge8O28,3.3197
K10Na2Ti12Se54,0.8140000000000001
K20Nb12O12F56,0.000199999999999
K10Nb8O24F2,3.434
K10P4Au2,0.4815
K20Sn4As12,0.5222
K20Ta4Tl8As16,1.5206
K10Te6,0.171599999999999
K20Th4P12S48,1.9711999999999992
K20Tl12O4,0.1349
K40Tl8O32,1.7631
K20U4P12S48,0.3198
K10U4O8F18,2.6418
K20V12O40,3.0732
K40Y8O32,2.1088
K12Be8C12O38,4.8084
K12Cd2O8,1.5819
K12Cd2Te8,1.6614
K12Co4O10,0.6965999999999991
K12Co4O14,0.8768
K6Cu1Si2O8,0.5214999999999991
K12Ge4O14,3.8345
K12Ge4O14,3.0827
K12Hg2S8,1.7161
K12Hg2Se8,1.384599999999999
K24In4As12,0.4983
K12In2P6,0.748699999999999
K12In2Te8Cl2,1.9503
K12Mg2O8,1.6783
K12Mn2S8,1.2969
K12Mn2Se8,1.232
K12Mn2Te8,1.4227
K6Na14Mg1Tl18,0.0253
K6Na14Tl18Cd1,0.001999999999999
K12Na6Al2Sb8,0.7395
K12Na6Ga2Sb8,0.7099000000000001
K24Nb16S100,1.5418
K24Nb4As12O4,1.0969
K24Nb4Tl4As16,1.1811
K12Pb4O10,2.1249
K24Se8O36,1.6318
K12Si4O14,3.5108
K12Si4S12O2,3.1497
K24Sn8S28,2.0416
K48Sn16Se56,1.9105
K24Sn12As20,0.7018999999999991
K6Te3H32O28,3.0658
K12Ti4O14,3.4474
K24Ti8S24O4,2.5171
K24Tl8Sb12,0.253099999999999
K24U8Cu48S60,0.555399999999999
K6U2Mo4O21,2.1736
K12U10As4O46,1.8012
K12U10V4O46,1.7963
K6Zn4Sn5S17,1.5896
K12Zn2S8,1.9713999999999992
K12Zn2Se8,1.6517
K28Li4Si32,1.7232999999999992
K28Na4Ge32,1.3336
K7Nb1S6O24,2.8444000000000003
K14Nb28P18O120,0.2736
K14Nb2As8,1.1294
K7Ta1S6O24,3.6742
K14Ta2As8,1.0407
K16Hf2Mo12O48,4.0372
K32Nb4As20Pb4,1.2069
K32Nb4Sn4As20,1.2448
K16Sn2Sb8,0.3202
K16Tl20Zn2,0.106399999999999
K32V8S24O108,1.9921
K16Zr2Mo12O48,3.8834
K8Zr6B1Br20,0.055299999999999
K8Zr6Be1Br20,0.9222
K8Zr6Mn1Br20,0.1425
K18Bi2P8S32,2.1005
K18Ce2P8S32,0.342099999999999
K36Fe8S28,0.748799999999999
K36In4Se28,1.8956
O28K36Ni8,0.5044000000000001
K9U6Bi1O24,1.7081
K1Ac1Te2,0.8620999999999991
K4Ag4N8O24,2.4768
K4Ag4P8O24,2.9041
K1Ag2As1O4,0.2116
K1Ag2P1S4,1.2441
K8Ag24As16S40,1.7252
K2Ag6Se4,0.004199999999999
K2Ag6Te4,0.2536
K6Ag30S18,0.6972
K4Ag4C4O12,2.2257
K2Ag2F8,1.459
K4Ag4O4,1.4858
K2Ag2O4,0.9659
K12Ag12P12Se36,1.3696000000000002
K2Ag2Se2,0.482199999999999
K8Ag8Sn8Se24,1.2891
K1Al1Mo2O8,3.8895
K1Al1S2O8,5.540900000000001
K2Al22O34,4.6859
K4Al8Br28,4.2314
K4Al4Br16,4.214399999999999
K4Al4Cl16,5.286300000000001
K24Al24Ge24O96,3.9375
K4Al4H16,5.0652
K2Al2Ni2F12,5.4566
K16Al16O32,3.999399999999999
K4Al4P8O28,5.2966
K4Al4Sb16,0.2452
K8Al8Se16,2.4189
K2Al2Si6O16,4.9243000000000015
K24Al24Si24O96,4.7001
K8Al8Te16,2.2355
K8As8,0.6695
K2As2H4O8,4.134399999999999
K4As8F28,4.7762
K4As8H4O24,2.7514000000000003
K2As6Pb8O24,3.4726
K1As4H3O12,2.7809
K1As4Br1O6,2.738699999999999
K1As4Cl1O6,3.0749
K1As4I1O6,2.3379
K1As1F6,4.9494
K4As4O8,3.8449
K8As8O24,3.0119
K4As4O4F16,3.7394
K4As4Se8,1.595899999999999
K4As4W8O36,2.3938
K1Au1I4O12,2.1181
K2Au2N8O24,2.0087
K2Au2S4O16,1.46
K4Au4Br16,0.809999999999999
K4Au4Cl16,1.4257
K2Au2F8,2.0753
K1Au1F6,2.1117
K4Au4I12,0.6459
K4Au4I16,0.2819
K2Au2O4,1.4264
K2Au2S2,2.1003
K4Au4S20,1.7779
K2Au2Se2,1.815999999999999
K2Au2Se4,0.8850000000000001
K4B4S16O56,5.601
K4B12Se4O28,4.5432
K2B10H16O24,5.804
K8B40O64,5.4892
K6B6O12,4.1255
K6B6S12,2.7753
K2Ba4P10O30,5.32
K4Ba8Cd8Sb12,0.187599999999999
K4Ba8I20,3.715799999999999
K1Ba2I1O6,2.779
K2Ba8Bi6O2,0.7393000000000001
K2Ba8Sb6O2,1.022
K4Ba4As4O16,3.8409
K4Ba4As4Se12,1.6299
K4Ba4B20O36,5.0637
K4Ba4Fe4O12,0.5118
K4Ba4Mn4O16,1.8093
K4Ba4Nb4S16,2.0731
K4Ba4P4O16,4.950299999999999
K4Ba4P4S16,2.3898
K4Ba4P4Se16,1.3932
K4Ba4V4O16,3.9819
K16Be16H96N48,2.8280000000000003
K4Be4P12O36,5.8102
K4Be4P4O16,5.2634
K16Bi16,0.4308
K4Bi4P16O48,4.896000000000001
K2Bi2P4S12,2.2272
K4Bi4P8Se24,1.613999999999999
K2Bi2W4O16,2.7107
K2Bi6F20,4.4569
K8Bi48Br8O72,2.3328
K8Bi48I8O72,2.291299999999999
K4Bi4F24,2.7061
K2Bi2O4,1.8514
K12Bi12O36,0.4914
K4Bi4P8S28,2.3782
K1Bi1S2,1.4158
K1Br1,4.3224
K2Br2F8,3.2009
K1Br1O3,3.8569
K12C24N36,3.7368
K4C4O12,0.875599999999999
K4Ca4H24N12,2.5876
K2Ca2P6O18,5.0471
K2Ca20P14O56,5.2646
K2Ca20V14O56,3.8048
K4Ca8Cd8Sb12,0.067099999999999
K2Ca8B6O18,4.5893
K2Ca2Bi2,0.8270000000000001
K2Ca2Br6,4.4047
K4Ca4Cl12,5.5615
K2Cd2P6O18,4.1305
K2Cd12P14O48,3.072
K2Cd2As2,0.1656
K4Cd4Cl12,3.5095
K4Cd4F12,3.3539
K4Cd4Ge4As8,0.688499999999999
K4Ce4P16O48,0.3409
K2Ce2S4O16,0.339599999999999
K4Ce8Cu4Se24,0.083999999999999
K4Ce4F16,0.04
K2Ce2Si2S8,0.0743
K1Cl1,5.027
K4Cl4O16,5.5614
K4Co4F16,1.1154
K24Co24P24O96,0.7395
K2Cr2Mo4O16,2.9629000000000003
K4Cr4S8O32,3.153899999999999
K2Cr4Fe2O16,1.7437
K4Cr8Pb4F36,3.139599999999999
K2Cr6O16,1.9034
K2Cr6S10,0.4926
K1Cr5S8,0.236599999999999
K1Cr5Se8,0.0037
K2Cr2F6,1.4898
K24Cr24F96,2.9232
K1Cr1F6,1.398
K2Cr2O4,3.056
K4Cr4P8O28,2.875499999999999
K1Cr1P2S7,1.1285
K1Cr1S2,1.1644
K1Cr1Sn1S4,0.102999999999999
K2Cu2Bi4S8,0.721399999999999
K4Cu8As4S12,1.1692
K2Cu8As6O24,0.0943
K4Cu4Cl12,0.268199999999999
K4Cu4O4,1.029399999999999
K2Cu2O4,0.8706
K4Cu4P8Se20,1.291099999999999
K8Cu8P8O32,0.1287
K12Cu12P12Se36,1.0928
K2Cu2Pd2Se10,0.9195
K4Cu4S4,1.8615
K4Cu4Sb12F72,0.2823
K2Cu2Se2,0.176199999999999
K2Cu2Te2,0.6037
K2Dy2C4O12,4.2456
K4Dy4Mo8O32,3.5956
K8Dy8Se16O64,3.591
K4Dy8Cl28,4.6729
K1Dy1O2,3.9736
K1Dy1S2,2.3337
K2Er2C4O12,4.4873
K4Er4Mo8O32,3.5667
K8Er8Se16O64,3.4656
K2Er2W4O16,3.2910999999999992
K4Er8Cl28,4.7226
K2Er4Cu2Se8,0.944
K1Er1O2,3.9606
K4Er4P8O28,4.9409
K4Er4P8S28,2.6723
K1Er1S2,2.3727
K1Er1Te2,1.3304
K4Eu4F16,0.02
K2Eu2P2Se8,0.089599999999999
K1F1,5.949400000000001
K2F4,1.445599999999999
K8F24,0.0924
K2Fe2Mo4O16,2.4118
K4Fe4S8O32,2.1783
K4Fe4Se8O24,2.2925
K4Fe4As8O28,2.6985
K4Fe4Br16,0.9533
K4Fe4Cl16,0.1641
K8Fe8F32,2.7092
K16Fe16O32,2.1388
K4Fe4P8O28,1.9052
K8Fe8P8O32,3.3116
K1Fe1Sn3O8,1.4194
K2Ga2P8O24,4.5523
K4Ga4Se8O24,3.2192
K3Ga9,0.216299999999999
K6Ga6Br24,3.665899999999999
K4Ga4Cl16,4.3705
K8Ga8F32,5.4353
K24Ga24Ge24O96,3.1871
K4Ga4Ge4S16,2.3828
K4Ga4H16,4.9369
K4Ga4I16,2.605
K16Ga16O32,3.0499
K4Ga4P8O28,4.4609
K8Ga8S16,2.9211
K16Ga16Sb32,1.013399999999999
K4Ga4Sb16,0.2906
K8Ga8Te16,1.5332
K2Gd2B8H32,2.4168
K2Gd2C4O12,2.7427
K4Gd4Mo8O32,3.1729
K1Gd1Nb6Cl18,0.386
K4Gd4P16O48,3.482599999999999
K8Gd8Se16O64,3.183
K2Gd2W4O16,3.247499999999999
K4Gd8Cl28,2.5883000000000003
K2Gd4Cu2Se8,0.7999
K4Gd4F16,4.3628
K1Gd1O2,3.05
K1Gd1S2,1.8308
K1Gd1Te2,0.8263
K32Ge32,0.9083
K2Ge4N6,1.5719
K8Ge8Au8S24,2.220399999999999
K4Ge4Bi4S16,1.804799999999999
K2Ge2Br6,2.902599999999999
K2Ge2Cl6,2.8924000000000003
K4Ge4N4O4,2.6817
K8Ge8Sb8O40,2.717
K1H1,3.433099999999999
K2H2I4F24,4.4279
K8H8I16O48,3.410999999999999
K2H4I6O18,3.2061
K4H8C4N20,4.0164
K2H4N2,2.0676
K4H12S8O32,5.7973
K4H12Se8O24,4.3334
K4H12Se8O32,3.4141
K4H12O8,4.3804
K4H20O12,5.165
K4H20S8O36,5.6718
K2H16N6,2.5404
K4H4C4O12,4.9811
K2H2O2,3.678
K2H2S2,3.2359
K4H4S8O28,5.3093
K16H16S16O64,5.5753
K16H16Se16O64,3.6287
K4Hf24C4Cl60,1.1511
K4Hf4Cu4F28,0.4453
K2Hf2Cu2S6,0.757
K4Hg4P12O36,3.204399999999999
K1Hg5Cl11,2.6479
K4Hg4F12,0.6082000000000001
K2Ho2C4O12,4.2739
K4Ho4Mo8O32,3.5792
K2Ho2W4O16,3.340999999999999
K4Ho8Cl28,4.7006
K2Ho4Cu2S8,1.036
K2Ho4Cu2Se8,0.9224
K1Ho1O2,3.9742
K1Ho1S2,2.3505000000000003
K1I1,3.8513
K4I4O8F8,4.16
K8I24F128,4.239
K8I8Cl16,2.3622
K4I4Cl16,2.1836
K4I4O12,2.7868
K2I2O8,2.349199999999999
K4In4Mo8O32,3.6425
K4In4Te8O24,2.8719
K4In8F28,4.7554
K4In8F28,3.662099999999999
K3In21S24,1.1777
K4In4Br12,2.3376
K4In4Br16,2.8234
K1In1O2,2.077499999999999
K4In4P8O28,3.9987
K1In1P2S7,2.049
K8In8S16,2.0145
K8In8Se16,1.8437
K8In8Sn8Se32,1.7413
K2In2Te4,0.9868999999999992
K2La2Mo4O16,3.3346
K2La2P8O24,4.8558
K4La4P8S24,2.6738
K4La4P8Se24,1.974699999999999
K2La2S4O16,4.3089
K4La4Se8O32,3.5152
K2La2W4O16,3.854899999999999
K2La4Nb2O12,3.7476
K4La20C8Cl40,1.954099999999999
K2La10V4O26,2.9836
K4La4Cr8O32,2.669699999999999
K2La2Ge2S8,2.303599999999999
K2La2Ge2Se8,1.621999999999999
K1La1O2,3.8596
K1La1S2,2.7005
K2La2Si2S8,2.8686
K2La2Si2Se8,2.208099999999999
K1La1Te2,1.701299999999999
K2La2Ti2O8,2.3399
K8Li8P16O48,5.493799999999999
K2Li4H6O6,4.2639
K2Li4As2,0.6878000000000001
K4Li8B4O12,4.004
K4Li12Ge4O16,4.0529
K2Li6Pb2O8,1.693099999999999
K4Li12Si4O16,4.875699999999999
K4Li12Ti4O16,4.6824
K8Li32Al8O32,4.149
K2Li8Nb2O10,3.7769999999999992
K1Li6Bi1O6,1.4216
K1Li6Ta1O6,4.3852
K8Li8B32O56,5.3382
K4Li4C4O12,4.5495
K8Li8Cr8O32,2.8721
K4Li4Gd4F20,4.5921
K1Li1Mn1S2,0.6361999999999991
K24Li24Mo24O96,4.481
K2Li2S2,3.0571
K2Li2S2O8,5.3245000000000005
K2Li2Se2,2.5249
K2Li2Si4O10,4.7068
K2Li2Te2,2.4134
K12Li12W12O48,4.8086
K4Li4Yb4F20,0.0234
K1Li1Zn3O4,1.643
K2Li2Zn2O4,2.258
K1Li1Zn1S2,2.5442
K2Lu2C4O12,4.5532
K1Lu1Mo2O8,3.9992
K1Lu1Nb6Cl18,1.0824
K2Lu2W4O16,3.2486
K1Lu1O2,3.940399999999999
K4Lu4P8O28,5.212099999999999
K1Lu1S2,2.4307
K2Mg2P6O18,4.951799999999999
K2Mg12P14O48,5.1735
K2Mg2As2,1.1621
K4Mg4As12F72,4.6981
K4Mg4B4O12,4.6163
K2Mg2Bi2,0.385499999999999
K1Mg1H3,2.458
K2Mg2P2,1.6589
K8Mg8P8O32,4.7791000000000015
K2Mg2Sb2,1.267199999999999
K2Mn2P6O18,4.0551
K2Mn2Se4O16,0.037099999999999
K2Mn4O8,0.319599999999999
K4Mn12O24,1.198599999999999
K2Mn10Se12O36,0.4471
K2Mn12As14O48,1.3939
K2Mn12P14O48,3.6268
K2Mn2F6,2.4058
K4Mn4F16,2.1486
K2Mn2I2O12,1.9674
K16Mn16N32,0.0642
K12Mn12O24,1.882899999999999
K4Mn4P4O16,1.3002
K2Mn2Sn6O16,0.8738999999999991
K4Mo4P8O32,2.4449
K1Mo2P4O14,1.1436
K8Mo24Br56,2.3107
K4Mo4I4O24,2.9911000000000003
K4Mo4P8O28,4.0042
K2N6,3.8956
K4N4O8,2.5518
K4N4O12,2.9384
K4N4O4F8,3.2687
K2Na4Au2O4,2.0479
K1Na2B1N2,1.581799999999999
K2Na4B2O6,2.798499999999999
K1Na2Cu1O2,1.5144000000000002
K4Na8Ga4O12,2.5055
K1Na2Sb1,0.672099999999999
K8Na16W8N24,2.029499999999999
K8Na32Fe8O32,2.0784
K8Na32Ga8O32,2.3967
K4Na16Ge4As12,0.6988000000000001
K4Na28Pb8O28,0.925199999999999
K4Na4Ge4O12,3.0403
K4Na4Mn4O8,0.274499999999999
K4Na4Re4H36,5.4451
K4Na4S4,2.4851
K2Na2S4O14,5.2338000000000005
K4Na4Se4,2.0175
K4Na4Sn4F24,5.1714
K4Na4Te4,1.9491
K2Na2Ti2O6,3.542
K2Na2V4O12,3.2464
K2Na2Zn2O4,1.7792
K2Nb2Ag4Se8,1.458999999999999
K2Nb2Cu4S8,1.7079
K2Nb2Cu4Se8,1.4228
K4Nb8P8S48,0.001399999999999
K2Nb4Cl22,2.1197
K4Nb8P4S40,1.4962
K4Nb12Se8O48,2.3298
K4Nb12Te8O48,2.4149000000000003
K2Nb6O16,2.4752
K2Nb8As2O26,2.4151
K2Nb2Cl12,2.3707000000000003
K2Nb2Cl12,2.2072
K2Nb2F12,5.1434
K16Nb16N32,2.0136
K1Nb1O3,2.2934
K4Nb4Si8O28,3.5204
K2Nb2W2O12,3.0355
K4Nd4C8O24,4.4267
K2Nd2Mo4O16,3.3362
K2Nd2P8O24,5.3535
K4Nd4S8O32,5.6701
K4Nd4Se8O32,3.4429
K2Nd2W4O16,3.8022
K2Nd4Cu2S8,0.9129
K2Nd4Nb2O12,3.6157
K4Nd12Te32,0.439899999999999
K1Nd9Si6O26,4.454
K2Nd2Ge2S8,2.367099999999999
K1Nd1O2,3.7088
K1Nd1S2,2.2595
K1Nd1Te2,1.2648
K2Nd2Te8,0.157099999999999
K4Nd4Ti4O16,2.360699999999999
K4Ni4P12O36,5.2401
K4Ni12P12O44,4.159700000000001
K4Ni16P12O48,3.5552
K6Ni6Cl18,0.702299999999999
K1Ni1I1O6,1.751799999999999
K4Ni4P4O16,3.272099999999999
K4Ni4P4S16,0.9783
K4Np8F36,0.2835
K2Np2N6O22,0.098199999999999
K1Os1F6,1.3498
K8P8,1.034999999999999
K2P2H4O4,5.1321
K2P2H4O8,5.4325
K4P4O8F8,5.236499999999999
K2P30,1.5227
K4P8Au20S32,1.6577000000000002
K4P8H20O32,5.619499999999999
K4P8W4O32,3.5193
K4P16N28,3.961999999999999
K2P2Au2Se6,0.993699999999999
K8P8O24,5.1269
K4P4Pb4S16,2.316599999999999
K4P4Pd4S16,1.477
K2P2S6,1.7149
K24P24Se72,1.4182
K4P4Se24,1.9067
K1Pa1O3,3.0477
K16Pb16,0.5708000000000001
K4Pb8Cl20,3.6551
K8Pb8O16,1.4532
K2Pd4O6,0.2648
K2Pr2P8O24,5.3956
K4Pr4P8Se24,2.0113
K2Pr2S4O16,5.5778
K4Pr4Se8O32,3.4507
K2Pr2W4O16,3.8769
K4Pr12Te32,0.4675
K2Pr10C4Cl20,2.1273
K2Pr10C4Cl20,2.2493
K4Pr24Os4I40,0.002499999999999
K1Pr9Si6O26,4.4388
K2Pr2Ge2Se8,1.6332
K1Pr1O2,3.6626
K1Pr1S2,2.2688
K2Pr2Si2Se8,2.1773
K1Pr1Te2,1.279999999999999
K2Pr2Te8,0.176299999999999
K2Pt4S6,1.273899999999999
K2Pt4Se6,0.9439
K4Pu8F36,0.308899999999999
K2Pu2C2O10,0.434299999999999
K4Pu4P8S28,0.0066
K1Rb2As1F6,4.5539000000000005
K5Rb10Cr5F30,4.1522
K1Rb2Cu1F6,0.8802000000000001
K1Rb2Fe1F6,4.140000000000001
K1Rb2Ga1F6,5.8894
K1Rb2In1Cl6,3.5425
K2Rb4In2F12,5.5594
K1Rb2Mn1F6,1.704699999999999
K1Rb2Mo1F6,3.6262
K1Rb2Rh1F6,2.1662
K1Rb2Sc1Cl6,4.0163
K1Rb2Tl1F6,3.855699999999999
K2Rb6Cd2Cl12,3.932299999999999
K8Rb8Ge8O24,3.0096
K2Re4O8F14,3.0333
K2Re2O8,3.6923
K1Ru1F6,1.1302
K6S6,1.469
K8S24,1.8888999999999991
K4S4O12F4,5.117199999999999
K8Sb8,0.8246000000000001
K1Sb1P2O8,2.955899999999999
K2Sb2P4S12,2.2731
K2Sb2P4Se12,1.8059
K4Sb4S8O32,4.2351
K2Sb4,0.2153
K4Sb8F28,4.1611
K4Sb8P4O32,2.3727
K4Sb12O20,3.1826
K1Sb4F13,4.4007
K2Sb10O26,1.047899999999999
K4Sb20S32,1.591599999999999
K2Sb2Cl12,2.0845
K8Sb8Cl8F24,4.4891
K8Sb8F32,4.439
K4Sb4F24,4.9633
K2Sb2O4,2.011
K2Sb2O6,2.6808
K2Sb2S4,1.601
K4Sb4Se8,1.1298
K2Sb2W2O12,2.8241
K4Sc4B16H64,4.8629
K1Sc1Mo2O8,3.615999999999998
K1Sc1S2O8,4.2783
K2Sc2W4O16,3.1121
K1Sc1O2,3.624099999999999
K6Se6,0.7039000000000001
K2Se6,0.7469999999999991
K2Se2O4F2,3.3338
K32Si32,1.3548
K4Si8B4O24,5.3234
K4Si8H4O20,5.0122
K2Si4N6,3.673199999999998
K8Si40N56,3.421699999999999
K4Si4Bi4S16,2.0549
K4Si4H12,2.5733
K8Si8H8O24,5.0574
K8Si8Sb8O40,2.8079
K2Sm2C4O12,4.3453
K4Sm4Mo8O32,3.6536
K2Sm2P8O24,5.2969
K4Sm4S8O32,5.6574
K4Sm4Se8O32,3.3857
K2Sm2W4O16,3.5365
K4Sm8Cl28,4.5743
K2Sm4Cu2S8,1.013
K4Sm8Sb12Se32,0.6252999999999991
K2Sm2Ge2Se8,1.6626
K1Sm1O2,3.8604
K4Sm4P8S28,2.6804
K1Sm1S2,2.2759
K1Sm1Se2,1.8906
K1Sm1Te2,1.2623
K16Sn16,0.7321000000000001
K2Sn4P6O24,3.449899999999999
K2Sn4Cl10,3.0071
K6Sn12F30,3.0803
K2Sn8P6O24,3.764299999999999
K2Sn2As2,0.335199999999999
K8Sn8As8O40,2.2533
K4Sn4As4S20,1.8064
K8Sn8Au8Se24,1.4172999999999991
K8Sn8F24,3.5114
K4Sn4I12,1.9381
K8Sn8P8O40,3.0231
K4Sn4P4S16,2.1224
K8Sn8S32,1.4139
K2Sn2Sb2,0.2609
K4Sr4B12H48,5.7155000000000005
K4Sr8Cd8Sb12,0.184299999999999
K4Sr8Cl20,5.2363
K2Sr8B6O18,4.173
K4Sr4B20O36,5.3727
K2Sr2I6,3.9993
K4Sr4P4O16,5.0889
K4Sr4V4O16,3.8457
K2Ta2Ag4Se8,1.7478
K2Ta2B4O12,3.6136
K3Ta6P3O24,3.0691
K4Ta12Te8O48,2.9431000000000003
K4Ta20O52,3.1991
K2Ta2Cl12,2.8634
K8Ta8Ge8O40,3.9472
K16Ta16N32,2.7614
K1Ta1O3,2.0995
K4Ta4P16O52,3.707799999999999
K16Ta16P16S96,1.7675
K8Ta8S40,1.3034
K4Ta4Si8O28,3.5987
K20Ta20Te60,0.492199999999999
K3Ta3W6O27,1.4278
K2Ta2W2O12,3.2588
K2Tb2C4O12,4.4195
K4Tb4Mo8O32,3.6116
K2Tb2W4O16,3.3535
K4Tb8Cl28,4.6587
K2Tb4Cu2S8,0.9798999999999992
K4Tb4Cr8O32,2.7243
K2Tb2Ge2S8,2.459799999999999
K1Tb1S2,2.3136
K2Tc2O8,3.1886
K4Te4,0.670899999999999
K2Te4F18,4.5077
K2Te6O12F2,3.105299999999999
K4Te4F20,5.2046
K12Te12O24F12,3.747
K8Te8O8F24,4.2547
K4Te4P8,1.2093
K4Th4Sb8Se24,0.6898000000000001
K2Th4P6O24,4.599
K2Th4V6O24,3.300899999999999
K2Th2Cu2S6,2.0422
K4Th4P12O40,5.0116
K2Ti4P6O24,2.5455
K4Ti8H8F44,4.4376
K4Ti16Cl44,0.0057
K8Ti8As8O40,3.083599999999999
K8Ti8P8O40,3.059799999999999
K2Ti2P2S10,1.2217
K2Ti2P2Se10,0.889899999999999
K1Tl1S2O8,2.0234
K1Tl2Cr1F6,3.5979
K1Tl2Ga1F6,4.5515
K1Tl2Mo1F6,2.4401
K4Tl4Br16,1.8089
K2Tl2Cl8,2.3241
K6Tl6F24,2.3226
K2Tl2O2,1.1638
K1Tl1O2,0.8820000000000001
K2Tl2Se4,1.3576
K2Tm2C4O12,9.9999999999989e-05
K4Tm4Mo8O32,3.5609
K4Tm8Cl28,4.7734000000000005
K2Tm4Cu6Se10,1.048999999999999
K1Tm1O2,3.9715
K4Tm4P8O28,4.9999
K4U8F36,0.1714
K4U8P12O56,2.346199999999999
K4U4Cr4O24,1.6413
K8U8I24O88,2.2768
K8U8N24O88,2.4051
K8U8Nb8O48,2.0161
K1U1O3,0.4454
K8U8P24O88,2.323
K4U4Si8O28,0.5523
K4U4V4O24,1.9806
K2V2Cu4S8,1.076
K4V4I8O32,2.7395
K4V4S8O32,2.139199999999999
K8V16P8O64,2.239
K4V8Sb4O32,2.8099
K4V8Se4O28,2.1253
K2V6Pb8O24,2.9891
K2V6Se4O24,2.3366
K2V6Cd8O24,2.3764
K2V6Ge4O18,1.632099999999999
K2V6O16,2.0933
K2V8P14O48,1.923499999999999
K16V16Cd16O64,3.0655
K2V2Cl6,0.3342
K1V1F3,2.075899999999999
K8V8F32,1.979299999999999
K2V2H8O14,2.8415
K16V16N32,0.8734000000000001
K4V4O12,3.046
K4V4O4F16,3.6667
K4V4P8O28,2.0781
K4V4P4O20,3.0694
K4V4Pb4O16,3.3834
K4V4S8O36,1.8958
K4V4Te4O20,3.378
K8W24Br56,2.617099999999999
K2Y2C4O12,4.3035
K2Y2H16N8,2.6774
K4Y4Mo8O32,3.656
K1Y1Nb6Cl18,1.1149
K4Y4P8Se24,1.938699999999999
K4Y4Se8O24,4.2541
K4Y4Te8O24,3.1251
K2Y2W4O16,3.4953
K4Y8Cl28,4.5404
K2Y4Cu2S8,1.011499999999999
K2Y2Be2F12,9.999999999976698e-05
K2Y2Ge2S8,2.423
K1Y1O2,3.973899999999999
K4Y4P8O28,5.065
K1Y1S2,2.3221
K2Y2Si2S8,2.806199999999999
K1Y1Te2,1.2981
K2Zn2B6O12,4.4661
K4Zn16P12O48,3.4541
K1Zn4Sb3O12,1.6514000000000002
K1Zn4P3,0.5011
K2Zn2As2,0.2742
K4Zn4As12F72,4.3172
K1Zn1F3,3.6954
K2Zn2P2,0.839599999999999
K24Zn24P24O96,3.888
K2Zn2Sb2,0.443
K2Zr4As6O24,3.996
K2Zr4P6O24,4.2822
K2Zr12B2I28,0.7154
K4Zr24C4Cl60,1.1945
K2Zr12Mn2Cl28,1.2413
K2Zr2Cu2S6,0.592499999999999
K2Zr2Cu2Se6,0.214399999999999
K6Zr6F30,5.5805
K4Zr4Sn4F28,4.0133
K4Zr4V4F28,2.4489
Kr1F2,2.92
La3Al9Br36,2.6085000000000003
La2Au6F24,2.1698
La8B24H96,4.5244
La2C12N18,3.5301
La2Cd6As6,0.208299999999999
La2Cl6O24,3.9308
La2Er6S12,1.060299999999999
La2H6O6,3.7163999999999993
La2Ho6S12,1.0735
La6I18O54,3.1384
La2Lu6S12,1.0627
La8N24O72,3.1374
La2P6O18,4.6293
La2Sb6O18,1.486399999999999
La1Tl9Te6,0.8190000000000001
La2Tm6S12,1.0688
La2Y6S12,1.0838
La4Zn12As12,0.177399999999999
La2Zn6P6,0.2362
La10Bi8O27,1.4298
La40S56O4,1.9025999999999992
La20S38,0.442199999999999
La40Se56O4,1.523499999999999
La20Se38,0.772
La22Mn6C36,0.5335999999999991
La24C12I34,0.025599999999999
La12Mn3Al4Se28,0.063499999999999
La12Si4Sn1S28,1.4132
La17Al4Si9N33,1.8766999999999991
La12Mo18O72,3.6634
La12S18O72,4.7165
La8Se12O36,3.606699999999999
La40Ti22S88O12,0.285099999999999
La26B8O51,3.484399999999999
La8Au20F84,1.7131
La4Be4Ge2O14,4.130699999999999
La4C4N8O2,3.3297
La4C2N6Cl2,1.8792
La12C6O30,4.020300000000001
La2Co1Ni1O6,0.9971999999999992
La4Cr2O12,2.1672
La4Cu2Se8O24,0.6129
La8Cu4Bi4S20,1.0575
La8Cu4S16,1.6332
La8Ga4N12,1.8032
La4Ge4O14,3.7144
La2Ge1I2,0.3859
La8Ge4O20,4.021000000000001
La8Ge4S20,1.9676
La4Hf4O14,4.2879
La8Hf4S20,1.0901
La8Hf4Se20,0.802999999999999
La4Hg2O8,2.254099999999999
La4I10,0.1718
La8In4Cu4S20,0.8944999999999991
La16Mg8Ni16H64,0.6837999999999991
La2Mg1Ni1O6,1.364099999999999
La2Mg1V1O6,1.7390999999999992
La16Mn8Se16O16,1.6501
La16Mn8Se16O16,1.2042
La2Mn2Se2O3,0.619799999999999
La8Mo4O24,2.792399999999999
La4N2Cl6,3.4216
La2O3,3.824799999999999
La4Pd4O10,1.179
La4Pt4O14,0.8203
La4Re2O10,0.7077
La8S12,1.0358
La2S1O2,3.064000000000001
La4S2O12,4.688
La8Sb4S20Br4,1.8640999999999992
La16Se24,1.58
La2Se1O2,2.4067
La8Si8O28,4.7992
La4Si4Pb2Se16,1.9379
La8Si16C4N24,2.335599999999999
La8Si4O20,4.4804
La8Si4S20,2.3415
La8Si4Se4O16,2.2089
La4Sn4O14,2.664499999999999
La8Sn4S12O8,1.6742
La8Ta12S8O32,0.796899999999999
La8Ta12Se8O32,0.893799999999999
La16Te24,1.0395
La8Te12Mo4O48,3.623
La4Te8O22,3.350099999999999
La2Te1O2,2.028699999999999
La8Te4O24,2.962399999999999
La8Th4S20,1.4485
La8Th4Se20,1.118199999999999
La16Ti16O56,2.928499999999999
La8Ti4O20,3.288599999999999
La2U1O6,1.739799999999999
La8W4O24,3.6801999999999992
La16Zn8Se16O16,2.4958
La4Zr4O14,3.7346
La8Zr4S20,1.0739
La8Zr4Se20,0.831199999999999
La6Ag2Ge2S14,1.9759
La6Ag2Sn2S14,1.952299999999999
La6Ag2Sn2Se14,1.300499999999999
La12As8Br4O28,3.1086
La12As8Cl4O28,3.154099999999999
La24B16N40,1.311299999999999
La6B2W2O18,3.794799999999999
La6Be2Ga2S14,2.8155
La6Bi8Au6,0.379299999999999
La24Br48N8,3.139
La24C16I24,0.032899999999999
La6C2I10,0.192
La6Cu6Sb8,0.2826
La6Cu2Ge2S14,1.7961
La6Cu2Ge2Se14,1.1936
La12Cu4S12O8,0.967
La6Cu2Si2S14,1.5012999999999992
La6Cu2Si2Se14,1.5373
La6Cu2Sn2S14,1.869399999999999
La6Cu2Sn2Se14,1.2088
La12Ga20O48,2.8686
La3Ga5Sn1O14,3.311399999999999
La12Ga4S20O4,1.196499999999999
La3Hf1Ga5O14,3.723099999999999
La12In8Ga12O48,3.3646000000000003
La12In4S24,1.359499999999999
La12Lu8Ga12O48,3.285099999999999
La12Lu4Se24,0.484499999999999
La6Mg2Al2S14,2.295199999999999
La12Mo4O28,0.0236
La12Nb4O28,2.9341
La6Nd22Si18O78,4.1378
La18P6O42,4.060799999999999
La6Pb6I26O80,2.9264
La12Pt4I12,0.1793
La6Re2O16,1.8714
La6Ru2I6,0.1048
La12S12N4,1.3375
La6Sb8Au6,0.5747999999999991
La6Sb10O24,3.224299999999999
La6Sb2O6,0.7208999999999991
La12Sb4O28,2.812900000000001
La12Sc8Ga12O48,3.798999999999999
La24Si16B8O80,4.438200000000001
La6Si4S16Br2,2.552
La6Si4S16Cl2,2.6154
La6Si4S16I2,2.507
La6Si12N22,2.9659
La6Si2Ag2S14,1.9663
La6Si2Ag2Se14,1.6531
La12Si4N16F4,1.9716
La6Ta2Cl12O8,3.5677
La6Ta2O14,3.4556
La12Te16Br4,0.0537
La3Ti1Ga5O14,3.123799999999999
La12Tm8Ga12O48,3.691799999999999
La6U2Cl6O12,1.577199999999999
La6U4O20,0.1081
La6V2H6O16,2.2922
La6W2Cl6O12,3.612400000000001
La16Al8O36,4.484199999999999
La8As4S12O6,1.912199999999999
La16As4Br4O32,4.0802
La16Au8O36,1.8922999999999992
La8B28O54,4.1723
La16C4I24N4,1.1841
La16Ga8O36,4.0623
La16Ge4O32,3.8436999999999992
La32In8Sb8S72,2.2196
La4Mn1Cu6S10,1.038699999999999
La8Mn2S12O2,2.3212
La4Pt1O7,0.9344
La8S6N4,1.1943
La8S6N2Cl6,2.9165
La8Se6N4,1.657699999999999
La4Se3O4,1.3261
La16Si8S12O28,2.5019
La16Si8Se12O28,2.2305
La16Te12N8,0.8813000000000001
La8Ti6S8O16,0.6467
La20Si12N36,1.965199999999999
La10Al4Ru6,0.0059
La20C8Br36,1.8211
La10C4Cl18,1.6562
La40C16I72,1.5131
La20Sb16O48F12,3.3095
La40Se48N8,1.588099999999999
La5Tl1Se8,1.300399999999999
La5Tl1Te8,1.211599999999999
La6Cd1Si2S14,1.946899999999999
La24Co4Cl44,0.631699999999999
La6Mg1Ge2S14,2.008599999999999
La6Mg1Si2S14,1.9699
La6Mn1Si2S14,1.1259
La6Os1I10,0.0879
La12S6O4F16,2.6035
La24S16Br4N12,1.4091
La12Sb8S6O24,1.957899999999999
La6Si2Ni1S14,0.9031
La6U1O12,1.972799999999999
La6W1O12,3.4959
La6Zn1Si2S14,1.9847
La28Ru12O72,0.405199999999999
La28Ru12,0.044599999999999
La28Sb44Br16,0.014199999999999
La7Ta3W4O30,3.5412
La32Sb8S60,1.935799999999999
La16Si10N28O2,2.3602
La18Al10S42,2.175
La18Al10Se42,1.694
La18In2Si6S42,1.9284
La18Sb32Br6,0.227799999999999
La4Ag4I16O48,2.6566
La1Ag1Mo2O8,2.5972
La4Ag4P16O48,3.7647999999999993
La1Ag1O2,2.826699999999999
La1Al1H6,2.476499999999999
La2Al2O6,3.7121
La4As8,0.184
La2As2O6,2.692999999999999
La4As4O16,4.002499999999999
La4As4S4,0.054
La4Au4O12,1.797699999999999
La2B4Cl2O8,4.1541000000000015
La6B18F72,5.3268
La4B20O36,4.4998000000000005
La6B6N12,2.172799999999999
La4B4O12,4.500700000000001
La1Bi2Cl1O4,1.3154
La1Bi2I1O4,1.2225
La1Bi1Pd1,0.121699999999999
La2Br6,2.9266
La2Br6O14,2.1086
La2Br2O2,3.7256
La2C2N4Cl2,3.2
La2C2N4F2,2.682799999999999
La3C3O9F3,3.9263
La4Cd4B20O40,4.4529
La2Cl6,3.6454
La2Cl2O2,4.0688
La2Co2C4,0.042199999999999
La2Co2N6,0.4901
La2Co2O6,0.9497
La1Cr4Cu3O12,0.2062
La4Cr4H4O20,2.5457
La4Cr4O12,2.3706
La2Cr2Te2O12,2.758499999999999
La1Cu1O2,2.521599999999999
La4Cu4S8,1.234599999999999
La2Cu2S2O2,1.668499999999999
La4Cu4Se8,0.8712000000000001
La2Cu2Se2O2,1.5380999999999991
La4Cu4Te4S4,0.5769000000000001
La12Er12S36,1.135899999999999
La2Fe2O6,1.950899999999999
La4Fe4Te4O24,2.478199999999999
La12Ga12S36,2.2366
La2H6S6O24,4.2222
La2H2Br4,3.597399999999999
La8H8O8,2.431499999999999
La2H2O4,3.839
La4H4Se8O28,2.6835
La8H8Se24O80,1.5911
La8Ho8S24,0.758799999999999
La4Ho4Si8O28,4.9618
La2I6,2.0709
La2I2O2,3.2887
La4Lu4S12,2.232199999999999
La4Mg4B20O40,4.7555
La4Mg8H28,2.645
La2Mg2Al22O38,4.212899999999999
La4Mo4Br4O16,1.8558
La8Mo8Cl8O32,2.7474
La4Mo4N12,2.0751
La4Nb28O48,0.416299999999999
La2Nb2O8,3.8042
La4Nb4Te4O24,3.297799999999999
La2Nd2Co4O12,1.0783
La2O2F2,4.204999999999999
La8P16,0.5563
La4P20,0.1139
La4P20O56,5.0007
La4P28,0.861699999999999
La4P4O16,4.486000000000001
La8P8S8,0.339699999999999
La8P8S32,2.4374
La1Pa1O4,2.329699999999999
La2Pb12Br2O14,1.930499999999999
La2Pb12Cl2O14,2.1393
La2Rh2,0.081199999999999
La4Rh4O12,0.5939999999999991
La8S16,0.6312999999999991
La8S8Br8,2.790799999999999
La4S4Cl4O16,4.0939
La2S2F2,1.488099999999999
La8S8I8,2.1752
La8S8O8,1.522899999999999
La8Sb8S16Br16,2.1637
La1Sb5O12,3.1365
La4Sb4Mo8O36,3.2767
La4Sb4O16,3.009
La4Sb4Se4,0.2904
La4Sb4Te4,0.0186
La2Sc6B8O24,4.2334
La4Sc4O12,3.8973
La4Sc4S12,1.6446
La4Se8,0.238699999999999
La4Se4Cl4,1.336
La2Se2F2,1.726099999999999
La12Se12O36F12,3.806
La4Si12N20,3.099299999999999
La3Si3B3O15,4.297999999999999
La8Si8P24,0.5185000000000001
La4Sn4F28,5.2136
La2Ta6O18,2.4693
La2Ta14O38,3.1119
La2Ta2N4O2,0.671299999999999
La4Ta4O16,3.468
La4Ta4Ti4O24,2.918799999999999
La1Tb3Mo4O14,0.2778
La4Te4As4,0.126699999999999
La4Te4Cl4,0.8821000000000001
La2Ti12P18O72,2.421299999999999
La4Ti4I20O64,2.8734
La1Ti1Sb1O6,2.7433
La4Tl4P8S24,2.4808
La4Tl4P8Se24,1.777499999999999
La2Tl4P4S14,2.0622
La8Tl8Ge8Se32,1.461899999999999
La8Tm8S24,0.7541000000000001
La4V8I4O36,2.51
La4V4I20O64,2.3631
La2V2O8,2.8563
La2W2N6,1.2096
La8Y8S24,0.7897999999999991
La2Zn2As2O2,0.5760000000000001
La1Zn1Cu1P2,0.1859
La2Zn2P2O2,0.6563000000000001
La2Zr2Ta6O22,3.3365
Li8B48H48,5.6126000000000005
Li8Co16O32,0.665899999999999
Li4Nd16Ge16,0.055699999999999
Li8Ni16O32,0.869599999999999
Li4Pr16Ge16,0.0551
Li10Br1N3,1.3667
Li20Ge2P4Se24,1.506599999999999
Li20Si2P4Se24,1.606599999999999
Li20Sn2P4Se24,1.5635
Li20Zn8O18,2.5347
Li28Be12B18O54,0.0084
Li28Mg2Si8,0.098999999999999
Li14P2N6O3,3.601799999999999
Li60Cr8N36,1.3355
Li16Nb2N8O1,3.3829
Li16Ta2N8O1,3.4017
Li66Cu63Si42,0.0487
Li2Ag1Sb1,0.1478
Li8Al4B20O40,5.6317
Li4B4S10,2.4427
Li4B4Se10,1.704699999999999
Li16B24P8O64,5.526599999999999
Li8B32Se4O60,4.8776
Li16Be8H32,4.5911
Li2C1N2,3.7395
Li4C2O6,5.0574
Li24Ca12Si24N48,3.465799999999999
Li2Ca1Ge1O4,4.1135
Li2Ca1Si1O4,5.189699999999999
Li8Ca4Ta8O28,2.8142
Li4Cd2Ge2O8,2.455
Li4Cd2Ge2S8,2.2131
Li8Cd4Si4O16,3.0934
Li4Cd2Sn2S8,1.9176
Li2Ce1N2,1.203599999999999
Li2Ce1O3,2.3129
Li4Co2S4O16,3.2144
Li4Co6Se8O24,2.6403
Li8Co12Sb4O32,0.8174999999999991
Li8Co4Ge4O16,2.6944
Li8Co4Si4O16,2.996299999999999
Li8Cr12Sb4O32,2.9106
Li4Cr10Si8O28,2.6538
Li6Cr3Fe3O12,2.0383
Li12Cr6O24,2.9665
Li4Cr2P4O14,3.834
Li4Cu6Se8O28,0.6886000000000001
Li2Eu1Ge1S4,0.2021
Li6Eu3Si3O12,0.0433
Li8Fe8Mo12O48,2.656399999999999
Li4Fe6Sb2O16,1.891799999999999
Li4Fe2F12,0.323099999999999
Li8Fe4Ge4O16,2.1565
Li8Fe4O12,0.091399999999999
Li8Fe4Si4O16,3.123599999999999
Li4Ga14,0.1587
Li12Ge6S36O126,3.7659
Li4Ge2F12,5.7409
Li8Ge4N8,2.695099999999999
Li4Ge2O6,3.568
Li2Ge1Pb1S4,2.2649
Li2Ge1Te1O6,3.0974
Li2H6Pt1,2.8838
Li8H4Cl4O4,4.969200000000001
Li8H4I4O4,4.3237
Li8H4N4,2.0831
Li2Hf1N2,1.9346
Li2Hf1O3,4.0572
Li2Hg1O2,1.1767
Li8La4N20O60,3.7223
Li2La1In1,0.111699999999999
Li8Mg4H8N8,2.3086
Li8Mg8S12O48,5.873299999999999
Li2Mg1Cd1P2,2.004
Li4Mg2Ge2O8,3.7673
Li8Mg4Mn12O32,1.9551
Li8Mg4Si4,0.198399999999999
Li8Mg4Si4O16,4.7615
Li2Mg1Sn1,0.047499999999999
Li8Mg4Ti12O32,3.3209
Li8Mn4S8O32,3.5794
Li4Mn6Se8O24,2.7896
Li4Mn6Co2O16,0.3865
Li8Mn12Ni4O32,1.399299999999999
Li4Mn6Sb2O16,1.0917
Li8Mn12Zn4O32,1.5525
Li4Mn2Cl8,1.926699999999999
Li4Mn2F12,2.7177
Li8Mn4Ge4O16,2.0368
Li8Mn4O12,1.368399999999999
Li8Mn4P8O28,4.3532
Li8Mn4Si4O16,2.176599999999999
Li4Mn2Sn2S8,0.070699999999999
Li4Mo6S8,1.354
Li4Mo2F12,1.7655
Li4Mo2O6,1.3636
Li12Mo6O24,4.1184
Li8Nd4N20O60,3.6948
Li4Ni6P8O28,4.0597
Li4Ni6Te2O16,0.207799999999999
Li4Ni2F8,5.1236
Li8Ni4Ge12O32,3.291899999999999
Li4Ni2O6,1.3307
Li2O1,4.8986
Li4O4,1.974299999999999
Li4P14H54N18,2.090499999999999
Li4P2N2O4,5.6015
Li4Pb2O6,1.044
Li4Pd2F12,1.8867
Li2Pd1O2,1.1973
Li4Pd2O6,1.3654
Li2Pm1Ga1,0.163499999999999
Li8Pr4N20O60,3.683
Li4Pt2F12,2.4964
Li24Pt12O36,1.842
Li4Ru2F12,0.0398
Li2S1,3.3862
Li8S8O28,5.7164
Li2Se1,2.9746
Li8Se8O28,2.9444999999999992
Li12Se6O24,3.9135
Li4Si4O10,5.154
Li64Si32N64,4.0339
Li4Si2O6,5.0766
Li4Si2S6,3.177699999999999
Li8Sm4N20O60,3.6957
Li4Sn2H20O16,4.465
Li2Sn1F6,5.0089
Li8Sn4O12,3.1283
Li4Sn2Se6,1.479699999999999
Li4Sn2Te2O12,2.0439
Li6Ta6O9F18,3.8411
Li8Tc4O12,0.409
Li2Te1,2.4914
Li8Te8O20,3.509199999999999
Li8Te4O12,3.6349
Li8Te4O16,2.4198
Li8Te4S12,1.5980999999999992
Li8Th4As8O32,3.9494
Li6Th3N6,2.6474
Li2Ti1I6O18,2.7776
Li8Ti12Co4O32,2.4572
Li8Ti12Mn4O32,2.4041
Li8Ti12Ni4O32,2.7606
Li8Ti12Zn4O32,3.1747
Li8Ti24Pb4O56,2.632399999999999
Li4Ti12Zn6O32,2.8926
Li4Ti2F12,4.3715
Li8Ti4O12,3.0338
Li4Ti2Si2O10,3.215299999999999
Li4Ti2Te2O12,2.4255
Li2U1Mo2O10,2.4115
Li2U3P4O20,2.1734
Li4U6P4O30,2.2567
Li4U6V4O30,2.2782
Li2U1Br6,0.3197
Li8U4O16,2.0439
Li4V6Sb2O16,1.347899999999999
Li4V6Sn2O16,1.2894
Li4V2F12,2.1121
Li8V4Si4O20,2.3621
Li4W2O8,3.968
Li2Y1In1,0.047899999999999
Li2Zn1Cd1P2,1.0652
Li4Zn2Cl8,4.1422
Li4Zn2Ge2O8,3.1053
Li4Zn2Ge2S8,2.1846
Li8Zn4Si4O16,4.022
Li12Zn6Sn18O48,1.943
Li4Zn2Sn2S8,2.1758
Li2Zr1N2,1.5618999999999992
Li4Zr2O6,3.7336
Li12Al4Ge4O20,4.196099999999999
Li6Al2H12,3.5929
Li24Al8N16,3.162099999999999
Li12Al4Si4O20,4.9447
Li6As2,0.6364999999999991
Li12As28H156N52,1.8092
Li6As2O8,4.1268
Li12As4S12,2.3133
Li12Au4O12,1.8503
Li6Au2S4,2.0985
Li12B44O72,5.6786
Li12B20H8O40,5.833799999999999
Li6B14O24,5.7047
Li12B4N8,3.3953
Li12B4O12,5.1473
Li12B4S12,3.1466
Li3Bi1,0.342899999999999
Li12Bi4B8O24,3.4538
Li24Bi8O24,2.4379
Li12Bi4O16,1.2236
Li6Ca2Mn2N6,0.073199999999999
Li6Cr4P6O24,2.9721
Li12Cr8P12S48,1.384599999999999
Li18Cr6F36,3.9776
Li6Cr2O8,1.1496
Li12Cu4F24,1.0976
Li12Cu4O12,1.178
Li6Cu2S4,2.0335
Li12Dy4N24O72,3.1081
Li12Dy12Te8O48,3.547699999999999
Li12Er4N24O72,3.1214
Li12Er12Te8O48,3.5823
Li3Er1Br6,4.4222
Li9Er3Cl18,5.209899999999999
Li3Fe4Sb1O8,1.513
Li18Fe6F36,3.9858
Li12Ga4Ge4O20,3.493299999999999
Li24Ga8N16,2.738699999999999
Li12Ga4Si4O20,3.8432999999999993
Li12Gd4B8O24,3.1764
Li12Gd4N24O72,2.6228
Li12Gd12Te8O48,2.8187
Li6H8Rh2,0.391799999999999
Li12H24Ir4,3.1818
Li12H24Rh4,2.6058
Li12Ho12Te8O48,3.5705
Li6In4P6O24,3.8434
Li18In6Cl36,3.373
Li24In8N16,1.135999999999999
Li12La12Mo8O48,2.8495
Li3La1As2,0.5023
Li3La1Bi2,0.157899999999999
Li3La1P2,0.673999999999999
Li3La1Sb2,0.2496
Li12Lu4N24O72,3.1118
Li12Lu12Te8O48,3.1062
Li6Mn4Se8O24,0.7033
Li6Mo4P6O24,3.9347
Li3N1,0.984
Li12Nb4O16,3.8385
Li12Nd12Te8O48,3.2189
Li12Nd12W8O48,3.7084
Li3Nd1As2,0.0759
Li3Ni2Sb1O6,2.8084
Li12Ni4F24,2.3599
Li6P2,0.6996
Li12P28,1.831999999999999
Li6P2O8,5.818099999999999
Li12P4S16,2.8091
Li12Pr8B12O36,4.7562
Li12Pr12Te8O48,3.128099999999999
Li6Sb2,0.4833
Li6Sb2O8,3.056
Li12Sb4S12,2.4016
Li6Sb2S8,2.2895
Li12Sc8P12O48,4.7568
Li24Sc8N16,2.401399999999999
Li12Sm12Te8O48,3.4655
Li12Ta4O16,4.585
Li12Tb4N24O72,3.104
Li12Tb12Te8O48,3.5219
Li6Te2H2O8,3.5927
Li12Tm4N24O72,3.0238
Li12Tm12Te8O48,3.1382
Li3U1O4,0.378
Li12V8P12O48,1.8718999999999992
Li18V6F36,2.4401
Li6V2O8,4.0337
Li3V1S4,1.9592
Li12Y4N24O72,3.1094
Li12Y12Te8O48,3.2397
Li24Y8N16,2.079799999999999
Li8Ca2B4O12,4.7254000000000005
Li4Ca3Si2N6,2.2904
Li4Co1Te1O6,2.3692
Li4Cr3Fe1O8,2.3536
Li8Ge2O8,4.0961
Li16Ge4S16,2.520299999999999
Li8H6Br2O6,4.4379
Li8H6Cl2O6,4.4775
Li8H12Os2,2.691
Li8H12Ru2,2.388
Li8H2N2,1.9079
Li4Mg1H3N3,2.9272
Li8Mn10O24,1.0113
Li8Mn2Cr2O12,1.0548
Li8Mn2Ge4S14,1.5209
Li8Mn2Sn4Se14,1.065
Li8Mo2O10,2.8472
Li4N1Cl1,1.7617
Li4Np1O5,0.249
Li8P4O14,5.6108
Li8Pb2O8,1.4367
Li16Re24S44,1.732799999999999
Li8Se2O10,2.4442
Li8Si2O8,4.7841000000000005
Li16Sn4S16,2.3564
Li16Ta4N12,2.684
Li8Te2O10,2.7111
Li8Ti2O8,4.5573
Li16Ti4S16,2.3658
Li4U1O5,1.7311
Li16V4B8O24,2.9536
Li8W2O10,3.8894
Li8Zn2H24N12,2.6176
Li16Zr4F32,5.968
Li40Al8O32,4.662000000000001
Li10Au2O8,1.9587999999999992
Li20B28S52,3.5858
Li5Bi1O5,1.3597
Li5Br2N1,2.0781
Li5Cr1Cl8,1.7483
Li40Fe8O32,3.0845
Li40Ga8O32,3.763
Li80Ge16N48,0.0014
Li10H18Pt4,0.136
Li15I3O18,2.590699999999999
Li10La10Si8N24,2.5229
Li5Mn5Se8O24,0.8681999999999991
Li10Mn14O32,0.871
Li10Re2N8,2.8473
Li5Re1O6,2.158299999999999
Li5Sb1O5,2.914
Li20Sb4S12I8,2.7011000000000003
Li80Si16N48,2.159999999999999
Li10Si2P6,1.3160999999999992
Li5Ta1O5,3.766199999999999
Li10Ti12Fe2O32,2.7030000000000003
Li80Ti16N48,1.5392
Li40Tl8O32,1.6838000000000002
Li6As1S5I1,1.5398
Li24Co4O16,1.9349
Li12Cr2N8,1.4398
Li24Er4B12O36,4.7625
Li12Hf4O14,4.4978
Li24Ho4B12O36,4.7449
Li12Mn2S8,1.9467999999999992
Li12Mo2N8,2.6113
Li24Nd4B12O36,4.5791
Li6Ni1Cl8,1.3726
Li12Os2N8,0.085099999999999
Li6P1Br1O5,5.1094
Li24Sm4B12O36,4.6432
Li6Te1O6,2.798
Li24Tm4B12O36,4.8029
Li6U1O6,2.1685
Li6V1Cl8,1.5371
Li12W2N8,3.057399999999999
Li24Y4B12O36,4.9703
Li12Zn2O8,3.5116
Li12Zr4O14,4.0047
Li7Bi1O6,1.9268
Li7Cu2N3,0.320899999999999
Li14I2N4,1.91
Li56Mn8N32,0.759799999999999
Li56Nb8N32,3.3964
Li56P8N32,3.6274
Li28P4Se24,0.9336
Li56Sb8N32,2.245
Li56Ta8N32,3.4294
Li14V2As8,0.8996000000000001
Li56V8N32,3.035199999999999
Li16Be12P14O58,0.1894
Li8Bi2Pd1O10,0.9392
Li32Nb8O36,3.2086
Li8Pt1O6,2.1611
Li16Se2N4,1.7523
Li16Si2O12,4.4509
Li8Sn1O6,3.8134
Li16Te2N4,2.171399999999999
Li16V6P16O58,1.0229
Li18Cr6P16O58,3.0834
Li18Mn6P16O58,1.4499
Li18Nd4P10S40,2.6719
Li1Ac1Rh2,0.2955
Li1Ac1Te2,0.5567000000000001
Li2Ag6O4,0.727799999999999
Li2Ag2F8,1.3393
Li4Ag4O4,1.222799999999999
Li2Ag2O4,0.6381999999999991
Li4Al4C8N16,3.5404
Li2Al2P4S12,2.749
Li4Al20O32,5.5169000000000015
Li4Al4Cl16,5.605
Li1Al1Ge1,0.052699999999999
Li6Al6Ge6O24,3.8893999999999993
Li4Al4S8,4.1061
Li4Al4Se8,3.0233
Li1Al1Si1,0.112099999999999
Li6Al6Si6O24,5.2489
Li2Al2Te4,2.4411
Li8As8,0.3285
Li2As2Xe6F24,2.9661
Li2As4H6O14,3.301
Li4As12H8O36,2.8119
Li1As1F6,5.1404
Li2As2O6,3.385799999999999
Li2As2S4,1.0664
Li2As2Se4,0.7504000000000001
Li1Au1S4O14,1.983299999999999
Li4Au4F16,2.0786
Li1Au1F6,1.8673
Li2Au2I8,0.751799999999999
Li2Au2O4,1.5259
Li4Au4S4,1.5804
Li8B8S32O112,5.5781
Li2B24P2C2,2.4016
Li2B26C4,2.7108
Li4B12,0.091899999999999
Li2B12C2,1.392199999999999
Li2B2C2,0.8471000000000001
Li2Be2As2,1.0077
Li4Be4N4,2.6858
Li2Be2P2,1.1585
Li1Be1Sb1,1.010499999999999
Li2Bi2P8O24,5.1324
Li2Bi2Pd4O8,0.445999999999999
Li2Bi6Br4O8,2.671399999999999
Li2Bi6Cl4O8,2.8283
Li2Bi6I4O8,1.905899999999999
Li2Bi2F8,4.8473
Li1Bi1F6,2.5394
Li4Bi4O8,2.521699999999999
Li8Bi8O24,0.144299999999999
Li1Bi1S2,1.4793
Li2Br2,4.9348
Li4Ca40Mg4Sb36,1.213099999999999
Li4Ca44Sb36,0.725699999999999
Li2Ca4Cu2N4,1.039699999999999
Li2Ca4H2C6,1.2992
Li4Ca8In4Ge8,0.148499999999999
Li4Ca12As8H4,1.441699999999999
Li2Ca6Os2O12,0.216899999999999
Li2Ca6Ru2O12,0.3111
Li4Ca12Si8N20,2.4382
Li1Ca4B3N6,2.1934
Li4Ca28Ge12H12,0.7149000000000001
Li4Ca4Al4N8,2.7797
Li4Ca4As4,1.073299999999999
Li8Ca8B8O24,5.039099999999999
Li4Ca4Bi4,0.5790000000000001
Li2Ca2Cr2F12,3.7879
Li2Ca2Fe2F12,4.1719
Li4Ca4Ga4N8,2.1319
Li4Ca4N4,1.378499999999999
Li4Ca4P4,1.398699999999999
Li4Ca4Sb4,0.6443000000000001
Li2Ca2V2F12,2.6309
Li3Cd3B3O9,2.115599999999999
Li2Cd2Fe2F12,3.7992
Li2Ce2P8O24,0.3603
Li8Ce8F40,2.2896
Li4Cl4O16,5.7447
Li4Co4P16O48,1.3617
Li2Co2F8,1.9285
Li1Co1O2,0.6623
Li4Co4P4O16,3.2415
Li4Co4Sb4O16,1.358699999999999
Li4Cr4C8O24,3.1692
Li2Cr6O16,1.9279
Li4Cr16P12O48,2.642899999999999
Li1Cr4Ga1S8,0.376199999999999
Li1Cr4In1S8,0.3692
Li2Cr2Cd2F12,3.9378
Li1Cr1O2,3.1156
Li2Cr2P4O14,2.7339
Li1Cr1S2,0.6463000000000001
Li4Cr4Sn4O16,2.847299999999999
Li4Cu4P12O36,0.7209000000000001
Li2Cu4F14,0.2837
Li4Cu4O4,1.4376
Li1Cu1O2,0.3163
Li2Dy2W4O16,3.786799999999999
Li4Dy24B12O56,4.7578
Li4Dy4O8,4.5644
Li1Dy1S2,1.934699999999999
Li1Dy1Se2,1.534799999999999
Li8Dy8Sn8,0.0044
Li2Er2W4O16,3.7954
Li4Er4O8,4.110799999999999
Li1Er1S2,2.006599999999999
Li1Er1Se2,1.6151
Eu8Li8P8S32,0.121799999999999
Li4Fe4C8O24,2.1032
Li4Fe4P12O36,3.948699999999999
Li4Fe4P16O48,2.937999999999999
Li4Fe4Se8O24,2.6596
Li2Fe4F12,1.7058
Li2Fe4P6O20,3.1686
Li4Fe4As4O16,2.2859
Li4Fe4B4O12,3.1615
Li4Fe4Br16,0.9341
Li4Fe4Cl16,1.2679
Li2Fe2F12,1.2569
Li2Fe2O4,1.712499999999999
Li2Fe2P4O14,1.7443
Li4Fe4P4O16,3.922399999999999
Li4Fe4Sb4O16,1.3545
Li4Ga4H32N16,3.1636
Li4Ga4P16O48,5.0646
Li4Ga4Se8O24,4.2558
Li4Ga20O32,2.8766
Li4Ga4Br12,2.9955
Li4Ga4Br16,3.490999999999999
Li8Ga8Cl24,3.7633
Li4Ga4Cl16,4.5316
Li4Ga4I12,2.2732
Li4Ga4I16,2.5693
Li4Ga4O8,3.1981
Li4Ga4S8,2.9608
Li4Ga4Se8,2.0656
Li6Ga6Si6O24,4.2293
Li2Ga2Te4,1.5885
Li2Gd2P8O24,3.4752
Li2Gd2S4O16,2.6325000000000003
Li2Gd2W4O16,3.3513
Li4Gd4O8,3.280399999999999
Li1Gd1Se2,1.1717
Li2Ge4N6,2.763
Li2Ge2Rh2O8,1.689499999999999
Li1H1,2.981
Li4H8Br4O4,4.3086
Li4H8Br4O20,3.0459
Li4H8Cl4O20,5.565
Li2H4I2O2,3.6828
Li4H8N4,3.135799999999999
Li2H6I2N2,3.8235
Li2H6O4,4.7458
Li2H2O2,4.0057
Li4H4S4,3.8142
Li4H4Se4O12,4.3019
Li2Hf4N6,0.6376000000000001
Li2Ho2W4O16,3.7911
Li4Ho4O8,4.385099999999999
Li1Ho1S2,1.9863
Li1Ho1Se2,1.5729000000000002
Li8Ho8Sn8,0.006499999999999
Li2I2,4.3818
Li8I8O24,3.7886
Li4In4C8N16,2.8984
Li1In1I4O12,3.0613
Li2In2W4O16,3.345999999999999
Li4In4F16,4.0149
Li4In4Ge4O16,2.4008000000000003
Li4In4I16,2.3673
Li2In2O4,1.814299999999999
Li2In2P4O14,3.9726
Li4In4S8,2.187499999999999
Li2In2Se4,1.5731000000000002
Li4In4Si4O16,3.028699999999999
Li2In2Te4,1.3847
Li2La2C4N8,3.2525
Li2La2C4O12,4.1747
Li2La2P8O24,5.2206
Li2La2W4O16,3.6807
Li2La4Fe2O12,0.754699999999999
Li2La4Os2O12,0.3355
Li2La4Ru2O12,0.293899999999999
Li1La4Au1O8,1.6583
Li2Lu2W4O16,3.8008
Li2Lu2O4,4.6174
Li8Lu8Sn8,0.027999999999999
Li2Mg4H14Ru2,3.151
Li4Mg12P12O44,5.3095
Li3Mg3Al3H18,3.3555
Li1Mg1As1,1.372299999999999
Li1Mg1B1N2,2.6464
Li1Mg1Bi1,0.3587
Li4Mg4H24Ir4,3.6437
Li1Mg1N1,2.4462
Li1Mg1P1,1.7113
Li4Mg4P4O16,5.4297
Li1Mg1Sb1,1.4438
Li2Mg2V2O8,3.482599999999999
Li4Mn4C8O24,0.904999999999999
Li4Mn4P12O36,4.282299999999999
Li4Mn4P16O48,1.3434
Li2Mn4O8,0.426899999999999
Li2Mn4P6O20,4.013400000000001
Li2Mn4Te2O12,0.012099999999999
Li2Mn12P14O48,3.3554
Li4Mn4As4O16,1.9316
Li2Mn2F8,1.855
Li3Mn3Fe3F18,2.4344
Li3Mn3Ga3F18,3.7821
Li4Mn4Nb4O16,2.7137
Li2Mn2Ni2O8,0.205499999999999
Li1Mn1O2,1.150399999999999
Li4Mn4P8O28,1.2405
Li4Mn4P4O16,3.411499999999999
Li2Mn2Rh2O8,0.043499999999999
Li4Mn4Sb4O16,2.014
Li2Mn2V2O8,1.857499999999999
Li2Mo4P6O24,1.3835
Li2Mo12Cl26,2.7719
Li2Mo2I2O12,2.2334
Li2Mo2P4O14,1.536099999999999
Li1N3,3.6364
Li2N2O6,2.9369
Li4Nb4O8F8,3.2222
Li2Nb6Bi8O28,2.7191
Li4Nb12Cl32,0.8827
Li4Nb12O32,3.017
Li2Nb12Cl38,0.7552000000000001
Li1Nb1F6,4.764299999999999
Li4Nb4Fe4O16,2.2421
Li4Nb4N8,1.1528
Li2Nb2O4,1.579499999999999
Li8Nb8O24,3.3358
Li2Nb2S4,0.713499999999999
Li2Nb2Se4,0.7318999999999991
Li4Nd4P16N32,3.5181
Li2Nd2P8O24,5.9792000000000005
Li2Nd2W4O16,3.6841
Li2Nd4Ru2O12,0.4246
Li4Nd24B12O56,4.4113
Li8Nd8Sn8,0.0029
Li4Ni4P12O36,4.7526
Li2Ni4P6O20,4.016400000000001
Li3Ni3O6,0.018
Li4Ni4P4O16,3.4237
Li2Ni2Rh2F12,1.6961
Li4Ni4Sb4O16,1.920199999999999
Li1Os1F6,1.2041
Li8P8,0.8094999999999991
Li2P2H4O4,5.3164
Li4P4H8O16,5.8554
Li2P6W4O24,2.7689
Li4P16W4O48,4.1198
Li2P10Pb4O30,4.6531
Li8P56,1.688199999999999
Li2P2N4,3.801599999999999
Li12P12O36,5.722
Li8P8Pb8O32,3.6252
Li1Pa1O3,3.1954
Li4Pr4S8O32,5.3953
Li2Pr2W4O16,3.6462
Li2Pr4Ru2O12,0.301499999999999
Li4Pr24B12O56,4.3181
Li8Pr8Sn8,0.005
Li2Re2O4F8,3.1439
Li6Re6O24,4.0299
Li1Rh1O2,1.515299999999999
Li1Ru1F6,0.9999
Li2S8,2.1989
Li2S2O6F2,5.7916
Li2Sb2P8O24,4.6713000000000005
Li4Sb8F28,4.7225
Li2Sb6O16,0.974399999999999
Li1Sb1F6,4.933400000000001
Li8Sb8O16,3.0684
Li4Sb4O12,2.1379
Li2Sb2S2,0.385899999999999
Li2Sb2S4,0.091099999999999
Li2Sc2B8H32,4.6661
Li1Sc1Tl2Cl6,3.770299999999999
Li2Sc2W4O16,3.5658000000000003
Li1Sc1As2O7,3.451899999999999
Li2Sc2O4,3.904
Li2Sc2P4O14,4.7646
Li1Sc1S2,1.4856999999999991
Li4Sc4Si4O16,4.612299999999999
Li8Si16B8,1.166799999999999
Li2Si4N6,5.0143
Li4Si4B24,1.7307
Li4Si4N4O4,5.254399999999999
Li2Sm2W4O16,3.6314
Li2Sm4Os2O12,0.396099999999999
Li2Sm4Ru2O12,0.3999
Li4Sm24B12O56,4.5108000000000015
Li1Sm1S2,1.9482
Li2Sm2Se4,1.5829
Li4Sn4H24N12,2.881
Li2Sn4P10O30,4.0844
Li2Sn4P6O24,3.4851
Li2Sn4N6,0.8538999999999991
Li1Ta1F6,5.9035
Li8Ta8N16,0.389199999999999
Li2Ta2O6,3.7003
Li2Ta2S4,0.8540999999999991
Li4Ta4Si4O20,3.7928
Li2Tb4Ru2O12,0.0814
Li4Tb24B12O56,4.7094000000000005
Li4Tb4O8,4.5467
Li1Tb1S2,2.0554
Li1Tb1Se2,1.5013
Li2Tc2H12O14,3.443399999999999
Li2Te2H24N8,1.3014
Li12Te36,0.2237
Li2Ti4P6O24,2.4425
Li2Ti4N6,1.786099999999999
Li4Ti4As4O20,3.222699999999999
Li4Ti4Cr4O16,1.751399999999999
Li4Ti4P4O20,3.1096
Li4Ti4V4O16,0.762
Li1Tl2Ga1F6,4.3717
Li1Tl2In1Cl6,2.8771
Li1Tl2In1F6,4.1011
Li2Tm2W4O16,3.7741
Li4Tm24B12O56,4.8766
Li4Tm4O8,0.0001
Li4Tm4Si4O16,4.8668
Li2U8As6O40,1.8788
Li4U16P12O80,1.838899999999999
Li2U2As2O12,2.2759
Li8U8F40,0.147799999999999
Li1U1I6,0.663199999999999
Li2U2O6,0.4431
Li1V1C2O6,2.0581
Li2V2O4F4,2.2316000000000003
Li4V4P16O48,2.1576
Li8V8Si16O48,2.1872
Li4V8P12O48,1.3092
Li2V4P10O32,0.032999999999999
Li2V6O4F12,1.4936
Li2V6Te4O24,1.924799999999999
Li2V6Zn4O16,1.377499999999999
Li2V2F8,2.455699999999999
Li1V1F6,3.0939
Li4V4N8,1.3312
Li4V4O12,3.0342
Li4V4O12,2.8357
Li4V4P8O28,2.1466
Li4V4P4O16,2.777299999999999
Li4V4P4O20,1.5636
Li2V2Sn2O8,1.4519
Li6V6Zn6O24,3.35
Li4W4F24,3.4718
Li4Y4Tl8Cl24,4.4444
Li2Y2W4O16,3.7774
Li4Y4O8,4.3897
Li1Y1S2,1.920399999999999
Li1Y1Se2,1.523899999999999
Li4Y4Si4O16,5.274999999999999
Li2Yb2P8O24,0.003599999999999
Li4Zn8B20H80,5.7198
Li1Zn1As1,0.5518000000000001
Li6Zn6As6O24,3.1119
Li1Zn1N1,0.5187
Li1Zn1P1,1.3386
Li4Zn4P4O16,4.3045
Li1Zn1P1S4,2.731199999999999
Li2Zn2Rh2F12,1.5896
Li2Zn2Sb2,0.4057
Li4Zr8As12O48,3.8841
Li4Zr8P12O48,4.253299999999999
Li2Zr10Tl2F44,5.2244
Li2Zr10Tl2F44,5.6152
Lu2Al6C6,0.152899999999999
Lu8B24H96,4.7143
Lu16B48O96,5.9263
Lu2Cl6O24,5.7567
Lu4H12O12,5.024900000000001
Lu4I12O36,3.5837
Lu1Nb6Cl18,0.091999999999999
Lu8P24O72,5.7855
Lu11Ni60C6,0.0259
Lu4C6N12,4.1826
Lu8Mo12O48,3.909399999999999
Lu12Te18O54,3.071399999999999
Lu20Os5I24,0.016299999999999
Lu2C1Cl2,1.034399999999999
Lu4Cd2S8,1.2348
Lu8Ge8O28,3.7065
Lu4Mg2S8,1.9819
Lu4Mg2Se8,1.476999999999999
Lu4Mn4O14,1.112099999999999
Lu4Mn2Se8,0.7626000000000001
Lu16O24,4.021100000000001
Lu8Pb4S16,2.302
Lu4Pt4O14,1.657299999999998
Lu4S6,2.5664
Lu2S1O2,3.0925
Lu8Se12,1.3355
Lu2Se1O2,2.0255
Lu2Si2O7,4.8449
Lu2Si9B36C1,1.2246
Lu8Si4O20,4.6846
Lu4Sn4O14,2.618299999999999
Lu8Te12,0.5877999999999991
Lu4Te10O26,3.0656
Lu6Te3O18,2.9817
Lu8Ti4O20,3.3452
Lu8W4O24,3.1387
Lu8Zn4S16,2.3856
Lu12Al20O48,5.1263
Lu24Ga16,0.026499999999999
Lu12Ga20O48,3.5330999999999992
Lu12O8F20,5.602399999999999
Lu6Sb8Au6,0.5770999999999991
Lu6Sb10O24,3.1381
Lu6Sb2O14,3.114699999999999
Lu16Cd4Ni4,0.052899999999999
Lu16Cd4Pt4,0.0145
Lu8Hf6O24,4.7135
Lu16In4Rh4,0.024799999999999
Lu16Mg4Ni4,0.0158
Lu4Zr3O12,4.1179
Lu5Re2O12,0.023799999999999
Lu12Al86V8,0.008799999999999
Lu12Ge8O34,3.8214
Lu6H40N8O49,2.9824
Lu6Te1O12,2.8127
Lu6U1O12,1.9232
Lu6W1O12,3.4519
Lu1Ag1O2,2.153
Lu2As2O8,3.557299999999999
Lu12Au24F108,1.9441
Lu2B2O6,5.3023
Lu1Bi2Br1O4,1.3984
Lu1Bi2Cl1O4,1.461799999999999
Lu1Bi2I1O4,1.4425
Lu2Br6,3.0669
Lu2Br2O2,4.3956
Lu2Cl6,3.8453
Lu4Cr4B16,0.209799999999999
Lu4Cr4O12,2.5313
Lu2Cr2O8,0.284999999999999
Lu2Cu2Pb2S6,1.5137
Lu1Cu1S2,1.461999999999999
Lu6Ga6O18,2.8917
Lu4H8Cl4O8,4.8109
Lu6H18,0.0156
Lu2H12Cl6O30,5.4787
Lu1H1Se1,1.4615
Lu2I6,2.1804
Lu2I2O2,3.2664
Lu4Mn8O20,0.7359
Lu1N1,0.233099999999999
Lu4Nb24Cl52O12,0.947099999999999
Lu2Nb2O8,3.3974
Lu1Ni1Bi1,0.012699999999999
Lu1Ni1Sb1,0.214599999999999
Lu4O4F4,5.0135
Lu2P2O8,5.9556
Lu4P4S16,2.179
Lu1Pa1O4,2.4908
Lu4Pt4F28,2.2198
Lu4Rh4O12,1.0887
Lu2S2Br2,2.9943
Lu2S2F2,2.614099999999999
Lu4Sb4O16,2.3433
Lu1Sc1B2O6,4.4627
Lu4Se4Cl4O12,4.336399999999999
Lu2Se2O6F2,3.8707
Lu4Sn4F28,4.7352
Lu4Ta24Br52O12,0.9255
Lu2Ta2O8,4.3218
Lu2Ti2Cl2O6,3.0696
Lu2Tl2W4O16,2.775
Lu1Tl1S2,1.3485
Lu1Tl1Se2,1.212899999999999
Lu1Tl1Te2,0.7908000000000001
Lu4V4O12,0.261099999999999
Lu2V2O8,2.9436
Lu4Zr12F60,5.5385
Lu2Zr2F14,5.8374
Mg2Al4B56,0.8259999999999991
Mg2Al4Cl16,5.3156
Mg4Al8S16,3.1447
Mg2Au4F16,1.9810999999999992
Mg2B24C4,2.1397
Mg8B16C16,1.3298
Mg1Be2As2,0.404199999999999
Mg1Be2N2,4.0657
Mg1Be2P2,0.6341
Mg2Bi4O12,0.001999999999999
Mg1Br2O6,4.1446
Mg2Cl4O16,5.2714
Mg2Cr4S8,0.9995
Mg4Cu8O16,0.3094
Mg2Ga4O8,2.6624
Mg6Ga12S24,2.3518
Mg16H64N32,3.0143
Mg1H2O2,4.179699999999999
Mg2I4O12,3.484
Mg2In4S8,1.764399999999999
Mg4In8Se16,0.798099999999999
Mg1In2Te4,1.4769
Mg4N8O24,3.7225
Mg4P8O24,5.6024
Mg1Pt3O6,0.2984
Mg1Re2O8,3.9756
Mg4Sb8O16,2.5763
Mg2Sb4O12,1.037499999999999
Mg2Sc4S8,1.5651000000000002
Mg4Si8B48,2.0585
Mg20Ge6H8O36,3.8947
Mg2Al2Se5,1.936099999999999
Mg4Al8Si10O36,4.9555
Mg2As2O7,3.0403
Mg4B48C2,2.816
Mg8B8O20,5.1706
Mg8Be12Tl8F48,5.670800000000001
Mg8Bi4P4O24,3.816699999999999
Mg4Co2H10,0.194699999999999
Mg2Fe1H6,1.913999999999999
Mg2Ge1,0.1689
Mg4Ge2O8,3.0734
Mg8Ge4S16,2.58
Mg8Ge4Se16,1.493799999999999
Mg2H6Os1,3.3481
Mg2H6Ru1,3.0681
Mg8Mn4P8O32,3.5063
Mg4Mn6O16,1.399499999999999
Mg8Ni4H16,1.571899999999999
Mg8P8O28,5.135099999999999
Mg8P4H4O20,5.0696
Mg4P2N6,3.5371
Mg32P16O64F16,5.1652000000000005
Mg4Pt2O8,1.077399999999999
Mg8Re4N12,0.253999999999999
Mg4Sb2N6,0.000199999999999
Mg2Si1,0.217999999999999
Mg8Si4O16,4.6395
Mg8Si4S16,2.969099999999999
Mg8Si4Se16,2.131
Mg4Sn2O8,2.7149
Mg4Ta2N6,3.012899999999999
Mg4Te6O16,3.5007
Mg8Ti4O16,3.4044
Mg8Tl8Mo12O48,3.886199999999999
Mg4V4Co2O16,2.5147
Mg4V4O14,2.7138
Mg4V2N6,1.8994
Mg4Zn2As4,0.5345
Mg2Zn1P2,0.9775
Mg6Al36W4,0.0265
Mg9As6O24,3.0315
Mg6B4O12,5.143
Mg6P4O16,5.0732
Mg24As16,1.6654
Mg3As1N1,2.281799999999999
Mg6B2O6F6,5.4158
Mg6B14Br2O26,5.9459
Mg12B28Cl4O52,5.7052
Mg6Be2Al16O32,5.174899999999999
Mg12H8S8O40,5.571
Mg3Mn5B4O16,0.8500000000000001
Mg6Mn2H14,1.6630999999999991
Mg6Mo2N8,2.9642
Mg24N16,1.952799999999999
Mg3N1F3,3.5818
Mg3Nb6O11,0.2437
Mg6Ni2O8,3.2945
Mg24P16,1.798099999999999
Mg6Re2H14,2.6637
Mg24Sb16,1.3212000000000002
Mg3Sb1N1,1.623399999999999
Mg12Si4O16F8,5.1736
Mg6Si4H8O18,4.2499
Mg3Si4H2O12,5.1766
Mg3Si9B36C1,1.042
Mg6Tc2H14,2.6125
Mg6Te2O12,2.9101
Mg6V4O16,3.336299999999999
Mg108W36N144,1.9513
Mg45Si32H58O138,4.3207
Mg8Nb4S18O72,2.333799999999999
Mg8Nb4O18,3.4212
Mg4P6S1N12,4.830500000000001
Mg8Sb4O18,2.4289
Mg4Si1Ge1,0.005399999999999
Mg8Ta4S18O72,3.0302
Mg8Ta4O18,4.2018
Mg20B12O36F4,5.3181
Mg20Nb4B12O48,3.018199999999999
Mg15Pb3S18O72,5.0961
Mg10Si4O16F4,4.9129000000000005
Mg20Sn4B8O40,3.8299
Mg20Ta4B12O48,3.8219
Mg6Bi2P1N1,0.904799999999999
Mg24Mn4O32,2.2891
Mg24Te20O64,3.0835
Mg14P4H16O32,5.121700000000001
Mg7P6H4O24,5.1294
Mg8Ag8P24O72,3.4943
Mg2Ag4P4S12,2.2038
Mg2Al4O8,5.1095
Mg4Al4P4O20,5.128
Mg4As8Xe16F80,2.897199999999999
Mg2As4Xe4F32,3.016
Mg4As8Xe8F72,2.6775
Mg4As16,0.8144
Mg2Au4S8O32,1.7625000000000002
Mg4B16,0.364099999999999
Mg8B32O56,5.9382
Mg4B28,1.541399999999999
Mg2B18N2,1.6752999999999991
Mg8B8H8O24,5.5459
Mg1Br2,4.4707
Mg1C1N2,3.7571
Mg2C2O6,4.9603
Mg1Cd1C2O6,3.5248
Mg1Cl2,5.6168
Mg2Co2P8O24,3.2528
Mg1Co1F6,0.0078
Mg2Cr4O8,3.139
Mg1Cr1F6,1.6140999999999992
Mg2Cr2O8,2.3991
Mg2Cr2P4O14,3.1611
Mg2Cu4Si2S8,1.673099999999999
Mg2Cu4Si2Se8,0.7726000000000001
Mg4Cu4P4,0.018499999999999
Mg2Cu2P4O14,0.3723
Mg1Fe1C2O6,4.2415
Mg2Fe2P8O24,4.3795
Mg4Fe4P8O28,4.2706
Mg4Fe4Si4O16,4.0185
Mg4Ge4N8,2.6358
Mg4H48Br8O48,4.9058
Mg2H24N4O24,3.5293
Mg1H12Se1O9,5.0692
Mg2H32I4O16,3.7464
Mg2H36Br4O18,4.4417
Mg4H72I8O36,3.8473
Mg2H4,3.709699999999999
Mg2H4Se4O16,3.298899999999999
Mg2H48Cl4O24,5.1716
Mg4H8Cl8O4,5.370699999999999
Mg2H4S2O10,5.5024
Mg2H4Se2O10,3.4068
Mg1H4Cl2O2,5.301
Mg4H16Se4O20,4.7945
Mg4H24Br8N8,4.5465
Mg2H12N4Cl4,4.7741
Mg4H32Cl8O16,5.2698
Mg1H8Cl2O12,5.3273
Mg4H4Au8F44,1.6864
Mg12H12N12,2.2587
Mg4H4O4F4,4.7269000000000005
Mg1I2,3.6162
Mg4Mn4B8O20,3.3863
Mg1Mn1F6,2.8029
Mg1Mn1N2,0.000399999999999
Mg4Mn4Si4O16,3.131
Mg1Mn1V4O12,2.1181
Mg4Mo8O28,3.7069
Mg1Mo1F6,2.4449
Mg2Mo2H4O10,4.0949
Mg2Mo2N4,0.7411000000000011
Mg4Mo4O16,3.8132
Mg4Nb8O24,3.456699999999999
Mg2Nb10P18O72,2.3163
Mg2Ni2P8O24,0.086899999999999
Mg1O1,4.4292
Mg2P4H16O20,5.4596
Mg2P8,0.7289000000000001
Mg2P8Cl20O12,3.6165
Mg4P16O44,5.0898
Mg2P12H8N24,4.101
Mg2P2S6,2.7986
Mg2P2Se6,2.0382
Mg4Pb8W4O24,3.070299999999999
Mg1Pb1F6,3.0406
Mg1Pd1F6,1.8285
Mg1S1,2.7574
Mg2S4,1.133699999999999
Mg2S4O14,5.521100000000001
Mg2S2O8,5.4889
Mg4Sb8H8F56,4.5005
Mg4Sb12Xe4F92,1.6103
Mg2Se2,2.5765
Mg4Se8,1.968499999999999
Mg4Se8O20,3.054599999999999
Mg4Se4O12,4.0013
Mg2Se2O8,2.868999999999999
Mg2Si2As4,1.303199999999999
Mg4Si4N8,3.9662
Mg2Si2P4,1.3728
Mg1Sn1B2O6,3.622999999999999
Mg6Sn6S18O72,2.243
Mg2Sn2As4,0.4034
Mg1Sn1F6,4.9612
Mg4Sn4N8,1.0648
Mg2Ta4O12,2.8397
Mg2Ta10P18O72,3.1127
Mg1Te1,2.3186
Mg4Te8,1.116199999999999
Mg2Te2O8,1.475099999999999
Mg6Ti6S18O72,2.2063
Mg2Ti4P4O20,3.1637
Mg2Ti4O10,2.7175
Mg1Ti4P6O24,2.4111
Mg2Ti8Fe2O20,1.394299999999999
Mg1Ti1F6,4.6253
Mg1Ti1N2,0.365
Mg2Ti2O6,3.529499999999999
Mg1Tl1F3,4.487
Mg4U4B8O28,2.191099999999999
Mg1U1O4,1.6809
Mg6V12O24,0.000199999999999
Mg1V2O6,2.7654
Mg8V16Pb8O56,2.545199999999999
Mg1V4Cu3O14,0.348099999999999
Mg4V4Bi4O20,3.187
Mg2V2Cr2O8,1.857899999999999
Mg2V2O6,2.7895000000000003
Mg1W1F6,3.742099999999999
Mg2W2O8,3.6767
Mg2Zn4As4O16,2.705
Mg6Zr6S18O72,3.9888
Mg2Zr8P12O48,4.292
Mn1Al2Te4,0.325199999999999
Mn4As8O16,2.0961
Mn4As8O24,1.7241
Mn2Bi4Se8,0.334999999999999
Mn2Fe4O8,0.9977
Mn1Ga2S4,1.1791
Mn1Ga2Se4,0.8566
Mn2I4O12,2.2873
Mn1In2Te4,0.344399999999999
Mn4N8O24,2.7614
Mn4N16O48,0.1423
Mn1Ni6O8,1.4245
Mn4P8O24,2.304
Mn6P18O54,1.3101999999999991
Mn1Pt3O6,0.073399999999999
Mn4Re8O32,3.141
Mn6Sb12O36,0.512
Mn2Sb4Se8,0.3928
Mn2Se4O12,1.5967
Mn15Br6O20,0.170699999999999
Mn8S12O48,0.6835
Mn4Al8Si10O36,4.030900000000001
Mn8B4O16,0.5381
Mn8Be12Tl8F48,4.1194
Mn2Bi3Sb3O14,1.741699999999999
Mn8Bi4O20,0.416199999999999
Mn4Co2O8,0.6991
Mn2Cr3Fe1O8,1.7368
Mn4Cr2Pb4O18,1.386099999999999
Mn8Ge4O16,1.0831
Mn4H4S2O12,2.7417
Mn2In1Ag1Te4,0.0293
Mn4In2Sb2O12,0.486299999999999
Mn4Mo2P24,0.1193
Mn8O8F36,0.613499999999999
Mn32O48,0.0721
Mn2P2O7,2.2949
Mn8P4Cl4O16,3.1252
Mn4Sb6I6O10,2.017899999999999
Mn8Si4O16,1.988499999999999
Mn8Si4S16,0.3536
Mn4Te6O16,2.1851
Mn4Te2O12,0.5941999999999991
Mn8Tl8S12O48,4.3732
Mn2V2O7,1.204
Mn16V8H8O40,1.541799999999999
Mn4Zn2O8,0.728699999999999
Mn6B4O12,2.0333
Mn6Co4O16,0.8285
Mn6P4O16,2.9497
Mn6Ag4P8O28,1.7732
Mn12B28Br4O52,4.1137
Mn12B28Cl4O52,4.208299999999999
Mn12B28I4O52,3.8123
Mn3Cd2O8,1.214799999999999
Mn6H4Se6O20,0.181599999999999
Mn6Nb12O22,0.240599999999999
Mn6O8,0.8134999999999991
Mn6P6Pb2O24,0.8563000000000001
Mn6Sb4I8O8,1.6919
Mn6Sb10I6O18,0.7864000000000001
Mn12Si4O16F8,2.6069
Mn6Te2O12,0.7581999999999991
Mn6V4O16,1.8537999999999992
Mn3Zn2O8,1.229899999999999
Mn4Bi3N1O15,1.123899999999999
Mn8Nb4O18,0.015499999999999
Mn16Si28,0.755599999999999
Mn8Zn6Ni4O24,0.3174
Mn12Ag2P14O48,2.309199999999999
Mn28Pb12O60,0.160199999999999
Mn14Fe2Cl6O20,0.9382
Mn28Ge4O48,0.5022000000000001
Mn7P6H4O24,3.424499999999999
Mn28Si4O48,0.3909
Mn16Cl6O20,0.454499999999999
Mn16Ag16P48O144,3.0005
Mn2Ag4Ge2Se8,0.0088
Mn1Ag1O2,0.289499999999999
Mn2Al4O8,2.6578
Mn4Al4Si4O20,1.7544
Mn2As4F24,2.7681
Mn4As4H8O20,2.2527
Mn8As8H24O40,2.1119
Mn8B32O56,4.710199999999999
Mn4B4Pb4O16,0.910899999999999
Mn1Bi4S7,0.421799999999999
Mn4Bi4As4O20,1.9431999999999992
Mn4Bi4P4O20,2.779
Mn4Bi4S8Cl4,0.8539999999999991
Mn1Br2,1.5962
Mn2C2O6,3.2291
Mn1Cd4Te5,0.5243
Mn1Cd1Se2,0.2055
Mn1Cd1Te2,0.3984
Mn1Cl2,1.792599999999999
Mn2Cr4O8,2.2026
Mn1Cr4Cd1Se8,0.546899999999999
Mn2Cu4Ge2S8,0.2648
Mn2Cu4Si2Se8,0.4495
Mn1Cu1O2,0.178699999999999
Mn4F8,2.3648
Mn2F6,0.4936
Mn8F32,1.3254
Mn4Fe4Bi4O20,0.373199999999999
Mn1Ga1Cu2Se4,0.0344
Mn2Ge2O6,1.6731999999999991
Mn2H4S4O16,3.804
Mn4H8Se8O32,2.2486
Mn4H8Cl8O4,3.3176
Mn4H8S4O20,3.3472
Mn4H8Se4O20,1.9027
Mn1H4Br2O2,3.3813
Mn1H6N2Cl2,1.5529000000000002
Mn4H24O12F12,1.5208
Mn2H12S8O32,5.2799
Mn1I2,1.170799999999999
Mn2Mo2O8,1.409699999999999
Mn4Nb8O24,1.924
Mn4O4,1.310499999999998
Mn6O12,0.540999999999999
Mn2P4H16O20,3.9722
Mn4P8H8O28,3.8366
Mn4P8H4O28,1.6962000000000002
Mn4P8Pb4O28,3.8098
Mn6P24,0.4786
Mn4P16O44,4.5053
Mn1P6W3O24,1.1303
Mn4P4H8O20,2.4307
Mn8P8H8O24,4.2461
Mn2P2O8,0.9867
Mn2P2S6,0.1562
Mn4Pb4S8O32,3.434
Mn1Pt1F6,1.8416
Mn2S2O8,2.8118
Mn1Sb2F12,3.2674
Mn2Sb4Pb10O22,1.4424
Mn4Se8O20,2.0513999999999992
Mn8Se8O24,3.099599999999999
Mn2Si2Ag4Se8,0.6252
Mn2Si12Pb16O42,3.2475
Mn1Sn1B2O6,2.5711
Mn1Sn1F6,2.4058
Mn2Sn2O6,0.877599999999999
Mn4Tl4P12O36,4.3339
Mn1Tl2Sn1Te4,0.309899999999999
Mn4Tl4Cl12,1.9323
Mn1Tl1Cu1Se2,0.0054
Mn1Tl1F3,2.6304
Mn2Tl2F8,1.917
Mn2V4O12,1.8524
Mn2V2Bi2O10,1.9709
Mn2W2O8,2.356299999999999
Mn1Zn1Cr4S8,0.3357
Mn1Zn3Cr8Se16,0.141
Mn1Zn4Se5,0.6608
Mn1Zn1F6,2.3517
Mn1Zn1Se2,0.2439
Mo2Br4O4,1.4684
Mo4N8O32,2.8207
Mo6P18O54,4.2428
Mo2P10O30,0.1494
Mo8N4Cl28,0.079299999999999
Mo4P4O22,2.0302
Mo8P8Pb4O48,2.7571
Mo4P6O22,1.1251
Mo8P12O52,0.8492000000000001
Mo4Pb2Se4O22,2.476
Mo4Ru2Se8,0.631699999999999
Mo12S6Br12,0.987499999999999
Mo12S28Cl16,1.6862
Mo8P14O48,0.893999999999999
Mo24Pb4Br56,2.2309
Mo24Pb4Cl56,2.5746
Mo24Pb4I56,1.929899999999999
Mo32O92,0.9108
Mo36O104,0.4984
Mo4As8O28,2.5228
Mo12Br24,2.1004
Mo4Br12O4,0.9067
Mo12Cl24,2.454799999999999
Mo1Cl6,1.094199999999999
Mo2F6,3.3753
Mo4F20,0.9911
Mo4F24,4.1687
Mo4H32S16N8,1.7787000000000002
Mo12I24,1.6796
Mo4N4Cl12,1.6768
Mo4O12,1.834299999999999
Mo8O8F32,4.1826
Mo4P8N4Cl48,1.691
Mo4P8O28,1.9637
Mo4P8Pb4O32,2.0672
Mo4P12Pb8O44,3.5617
Mo2P2Cl18,0.0249
Mo2P2O10,2.4078
Mo2Pb4O10,2.9278
Mo2Pb2O8,2.8876
Mo4Pb4Se4O24,2.3078
Mo1S2,1.2042
Mo4S8Cl12,1.4385
Mo12S12O72,3.0825
Mo2Se4,1.301
Mo4Se4S8Cl20,2.016
N4Cl4O4,1.98
N4Cl4O12,3.0976
N2Cl2O2F8,1.3315
N4F8,3.0362
N6O12,2.8265
N16O48,0.9199
N4O4F4,3.1441
Na4B24H24,5.6439
Na2Ge6P6,1.085499999999999
Na2Mo6Se6,0.3974
Na2Te6Mo6,0.1876
Na10B18H6O35,4.6812000000000005
Na10Ca1Sn12,0.416399999999999
Na20Co8O18,1.4835999999999991
Na10Eu1Sn12,0.319999999999999
Na20Nb2Ga2As12,0.9536
Na10Sr1Sn12,0.6698000000000001
Na20Zn8O18,1.4874
Na96Sn8Ge64,0.3291
Na28Al8O26,2.5926
Na14Cd2O9,1.3896
Na14Mn2O9,0.5456000000000001
Na30Cr14N38,0.6348
Na30Mo14N38,1.3736000000000002
Na30Sn2Ge16P2,0.0235
Na30W14N38,1.6379
Na17W19O57,0.9734
Na8Ga12Sb12,0.1913
Na8Re12S24,1.511299999999999
Na8Re12Se24,1.281
Na40Zn14Sn24,0.0228
Na40Zn16Sn22,0.023199999999999
Na4Ag2As2,0.7266
Na4Ag2F8,0.561299999999999
Na4Ag2Sb2,0.654999999999999
Na16Al16As24,1.5317999999999992
Na4Al4B4O14,4.3384
Na4As2Au2,0.4175
Na8B8S20,2.5898
Na4B4Se14,1.4882
Na16B24H8O48,4.8035
Na8B16O28,4.7673
Na8B32O52,5.555
Na8B4H4O12,3.810599999999999
Na12Be6Ge12O36,3.4171
Na12Be6Si12O36,4.7889
Na8Be8Si12O36,4.8522
Na4Be2B4O10,4.7156
Na8Be4Cl16,5.4555
Na4Be2H8,4.5899
Na16Be8O16,2.725
Na8Be4Si4O16,4.5475
Na4Bi2Au2,0.306999999999999
Na2C1N2,3.024
Na48C24O72,4.1922
Na4Ca2S4O16,5.4849
Na2Ca2C3O9,4.788699999999999
Na4Ca6Si6O20,4.375500000000001
Na4Ca2P4O14,4.962
Na4Cd2Ge4S12,2.2385
Na4Cd2S4O16,3.8287
Na2Cd3P4O14,3.0538
Na4Cd6Si6O20,2.453299999999999
Na16Cd8O16,0.7846000000000001
Na2Cd1Sn1S4,1.9501
Na2Ce1F6,2.226
Na8Ce4O12,2.294599999999999
Na8Co4N16O48,3.1828
Na4Co2Ge2O8,1.9531
Na4Co2Ni2F14,1.4955
Na8Cr8O28,2.5265
Na2Cr1H2F8,1.589
Na4Cr2Ni2F14,4.0783
Na4Cr2O8,2.8731
Na4Cu2C4O12,0.5033000000000001
Na4Cu2N8O24,0.6062000000000001
Na4Cu2P8O24,0.8701999999999991
Na4Cu2As2,0.6542999999999991
Na4Cu2F8,0.9147
Na4Cu2P2,0.6575000000000001
Na4Cu2P4O14,0.4979
Na8Cu4Sb4S12,1.2419
Na8Er8B8O28,4.35
Na4Fe2Ni2F14,2.7689999999999992
Na4Fe2O6,1.8938
Na16Ga16As24,1.0249
Na4Ga4Ge2S12,2.6215
Na4Ga4Se6,1.362699999999999
Na4Ga2Ni2F14,4.1
Na8Gd8B8O28,3.061
Na8Ge4S24O84,4.067
Na8Ge8S20,2.514199999999999
Na8Ge8Se20,1.4997
Na6Ge3F18,5.7875
Na64Ge32N64,2.1512
Na4Ge2O6,2.9873000000000003
Na8Ge4S12,2.4515
Na8Ge4Se12,1.6256
Na4Ge2Te2O12,2.6629
Na2H4Pd1,2.2472
Na2H4Pt1,2.1188
Na2H6Pt1,3.6156
Na2H6Pt1O6,2.6137
Na2H1F4,1.3565
Na2Hf2O5,1.9603
Na8Hg12S16,1.6498
Na2Hg1O2,1.6474000000000002
Na16Hg8S16,2.1799
Na4In4Ge2S12,2.190699999999999
Na4In4Ge2Se12,1.3672
Na4In4Si2S12,2.2375
Na8In4Ni4F28,3.8608
Na8Li12Co4O16,1.483699999999999
Na8Li12Fe4O16,3.032299999999999
Na8Li12Ga4O16,3.5213
Na4Li2Al2H12,3.1678
Na8Li4Al4P8,1.992999999999999
Na8Li4Ga4As8,1.2155
Na2Mg1C2O6,4.4192
Na8Mg8Ni4H24,1.7138
Na6Mg9Mo12O48,3.6565
Na2Mg5Mo6O24,3.7513
Na4Mg2Cr2F14,4.2549
Na4Mg2Fe2F14,3.904099999999999
Na4Mg2Ga2F14,5.8978
Na4Mg2Ge2O8,3.2678000000000003
Na8Mg4In4F28,5.0348
Na4Mg2Si2O8,3.7488
Na4Mg2V2F14,2.5192
Na4Mn2P10O30,1.3872
Na8Mn8S12,0.4915
Na8Mn8Si8O28,2.498499999999999
Na4Mn6P6O24,0.0619
Na4Mn6O14,1.405699999999999
Na8Mn4F20,1.693
Na8Mn4N8,0.7166
Na4Mn2O6,1.9179
Na8Mo8O28,3.2222
Na4Mo4Se4O22,2.7771999999999992
Na4Mo2O8,4.3983
Na8Mo4Se4O24,3.6578
Na4Nb4P12O42,2.6478
Na2Nb4Se4O19,2.3695
Na8Nb4As4O24,3.1214
Na4Nb2F12,0.296099999999999
Na8Nd8B8O28,4.421099999999999
Na4Ni4B24O42,3.7742999999999993
Na2O1,1.8736
Na6O6,1.7361
Na6Os3O12,0.2593
Na8P8H8O28,5.215
Na4P4Pb2O14,4.2908
Na4P4Pd2O14,1.6031
Na4P6H2O18,5.2321
Na8P4H4O12,5.5817
Na8P4H4O16,4.7491
Na4P2S6,2.6345
Na8P4Se12,1.7908
Na16Pb8O16,2.4667
Na8Pb4O12,1.2504
Na4Pd2N8O24,1.7034
Na4Pd2S16O52,1.545599999999999
Na2Pd1Se2O8,1.7401
Na2Pd3O4,0.4208
Na8Pd4Cl16,1.1864
Na4Pd2F8,1.2356
Na6Pd3F18,2.0894
Na32Pd16O48,0.8889999999999991
Na4Pd2S4,0.9447999999999992
Na4Pd2Se4,0.6253000000000001
Na6Pt3F18,2.7424
Na2Pt1O2,1.463299999999999
Na8Pt4O12,1.5488
Na4Pt2S4,1.1433
Na4Pt2Se4,0.8690000000000001
Na8Re4O12,1.995499999999999
Na2S1,2.4399
Na4S4O14,5.1013
Na8S20,1.7772
Na4S2O8,4.9903
Na4Sb8O14,3.0649
Na4Sb2Au2,0.361799999999999
Na8Sb4F20,4.8247
Na2Se1,2.0153
Na4Se4O14,2.8061
Na8Se4O12,4.2235
Na4Se2O8,3.3557
Na8Si4S24O84,5.5087
Na8Si8O20,4.4712
Na8Si8S20,3.599
Na8Si8Se20,2.6679
Na4Si2O6,3.8657
Na8Sm8B8O28,4.5183
Na12Sn6S36O126,3.5073
Na32Sn16As32,0.477599999999999
Na4Sn2F12,4.9677
Na16Sn8O16,2.2658
Na8Sn4O12,2.7011000000000003
Na48Sn24Se72,1.3646999999999991
Na8Sr12As16,0.543899999999999
Na8Sr12P16,0.932099999999999
Na8Sr4V12O36,2.251
Na4Sr2V8O24,2.873
Na4Ta4P12O42,3.5105
Na4Ta8O22,3.4629
Na2Tc1F6,1.5541
Na2Te1,2.0282
Na4Te4H8O14,3.7367
Na8Te8O20,2.9290000000000003
Na4Te4O14,0.7191000000000001
Na4Te8Mo2O24,2.4592
Na4Te8O18,3.1514
Na4Te8W2O24,2.9425
Na8Te4O12,3.2606
Na8Te4O16,1.8037
Na8Te4S12,1.7828
Na8Te4Se12,1.2031
Na4Th2As4O16,3.6688
Na8Th4P8O32,4.9443
Na16Ti16Se72,0.7175
Na8Ti8Si8O36,2.9482
Na4Ti6O14,2.9953000000000003
Na2Ti6O13,2.916699999999999
Na6Ti3F18,4.1813
Na4Ti2Ge2O10,3.2391
Na8Ti4S8O4,2.4798
Na4Ti2Si2O10,2.9703
Na2Ti1Te1O6,2.4574
Na4Tl4B20O34,4.1045
Na2Tl1Sb1,0.3797
Na4U2W4O20,2.0214
Na4U4O14,1.5582
Na6U3Br18,0.0866
Na2U1F8,2.5956
Na2U1I6,0.3792
Na4U2O8,1.866
Na8U4P8O36,2.2471
Na4U2Te2O14,1.880799999999999
Na12V18O42,2.4946
Na8V12P8O52,1.7762
Na8V4F20,2.4549
Na4V2Ni2F14,2.4654
Na8V4O4F16,2.991799999999999
Na8V4P4O24,3.294499999999999
Na8W4O8F16,4.2853
Na4W4O14,2.3428
Na2W4O13,1.808499999999999
Na4W2O8,4.752099999999999
Na4Zn2Ge4S12,2.266499999999999
Na8Zn4H16O16,3.0824
Na16Zn8S16O64,4.6196
Na4Zn2Si4O12,3.8766
Na4Zn2Sn4S12,1.7270999999999992
Na8Zn8O12,1.2488
Na8Zn8S12,2.1599
Na4Zn4Si4O14,3.323
Na6Zn9Si6O24,2.9909
Na8Zn20P16O64,3.7339
Na8Zn4Br16,3.7194
Na8Zn4Cl16,4.5763
Na16Zn8Fe8F56,2.9496
Na16Zn8Ga8F56,4.1437
Na4Zn2Ge2O8,2.6397
Na8Zn4O8,1.4567
Na4Zn2Se4,2.139599999999999
Na4Zn2Si2O8,3.174299999999999
Na2Zr1Cu2S4,0.0011
Na4Zr2Ge4O14,3.6953
Na8Zr4O12,4.350999999999999
Na4Zr2S6,1.9267999999999992
Na4Zr2Se6,1.3166
Na4Zr2Si4O14,4.5653
Na4Zr2Si8O22,4.5795
Na16Zr8Si8O40,4.0111
Na3V5Se10,0.1373
Na6Ag2O4,1.1444
Na6Ag2S4,2.1755
Na12Al4As8O32,3.3791
Na6Al2As4,0.8472000000000001
Na6Al2H12,2.8145
Na6Al2P4,1.346
Na12Al4P32O92,5.2656
Na24Al8S24,3.3446
Na12Al4Se12,2.383099999999999
Na12Al4Te12,1.914499999999999
Na18As6,0.064
Na12As16H20O56,3.1313
Na24As56,1.5304
Na6As2O8,3.4645
Na12As4S12,2.5223
Na12As4Se12,2.008099999999999
Na12Au4O8,1.9715
Na12Au4O12,1.7917
Na6Au2S4,2.3085
Na12B4P8O32,5.3156
Na6B6H8O16,4.762799999999999
Na12B12H8O28,4.7335
Na24B40S72,3.512
Na24B40Se72,2.9704
Na12B24N4O52,3.323
Na12B24P4O52,4.956
Na6B14O24,4.9219
Na12B4N8,1.6485
Na12B4O12,2.9485
Na6B2S6,2.5824
Na6Be6Pb4F26,5.3256
Na24Bi8P16O64,4.2446
Na12Bi4O12,2.8428
Na6Bi2O8,0.9732
Na3Br1O1,1.8815
Na12Ca4B20O40,4.556699999999999
Na6Ca4Bi2O12,1.5495
Na6Ca4Ta2O12,4.2075
Na6Ca6Al2As8,0.9426
Na6Ca6Al2Sb8,0.4586
Na3Ce1F7,2.6973000000000003
Na3Cl1O1,2.0299
Na3Co2Sb1O6,0.8215000000000001
Na6Co2F12,2.7172
Na6Co2O6,0.8294
Na12Cr8As12O48,2.7029
Na6Cr4P6O24,2.9419
Na12Cr8P12S48,1.3855
Na6Cr2F12,3.8005
Na12Cr4O16,1.033799999999999
Na12Cr4P32O92,3.675899999999999
Na6Cu2F12,1.2227
Na12Cu4O8,1.3047
Na36Cu12O36,0.774
Na24Dy8P16O64,4.9519
Na12Dy4Si24O60,4.77
Na6Dy2Br12,4.5039
Na24Er8P16O64,4.9742
Na6Er2Br12,4.5156
Na6Er2Cl12,5.228
Na6Er2V4O16,3.625499999999999
Na6Fe2P4O16,1.6539
Na12Fe8As12O48,2.2743
Na6Fe6P8O32,1.7179000000000002
Na6Fe2F12,3.1439
Na12Fe4O12,2.3505000000000003
Na12Ga4P8O32,4.183
Na12Ga12Te8O48,2.0272
Na6Ga2B8O18,4.536899999999999
Na12Ga4P32O92,4.9996
Na12Ga4S12,2.7699
Na12Ga4Se12,2.0844
Na18Gd6P12O48,3.035999999999999
Na3Gd1I6,1.549599999999999
Na12Ge4Se12,1.8880999999999992
Na12H4S8O32,5.3131
Na6H4Os2O12,0.4493
Na3H5Se4O16,3.4814
Na12H24Ir4,3.3028
Na12H24Rh4,3.1017
Na12H28Os4,2.6014
Na12H28Ru4,2.5681000000000003
Na24Ho8P16O64,4.9965
Na6Ho2Br12,4.5049
Na6Ho2Cl12,5.2296
Na18Ho6Si12O42,3.969999999999999
Na6In2P4O16,3.267699999999999
Na6In4As6O24,2.2648
Na6In4P6O24,3.226
Na24In8As16,0.981399999999999
Na36In12Bi24,0.1083
Na6In2Cl12,3.7859
Na6In2F12,5.1364
Na24In8P16,1.3087
Na24In8Sb16,0.6322000000000001
Na12La4B8O24,3.7247999999999992
Na3La9B8O27,4.0102
Na12Li12Cr8F48,4.1042
Na12Li12Fe8F48,4.0837
Na12Li12In8F48,5.382199999999999
Na12Li12Rh8F48,1.9933
Na6Li2P4O14,4.8511
Na6Li2Ti4F24,4.7751
Na6Li2W2O10,3.8186
Na6Lu2Br12,4.5111
Na6Lu2Cl12,5.624099999999999
Na24Mg8B40O80,4.8134
Na6Mg4P10O32,4.9388000000000005
Na3Mn2Sb1O6,0.8500000000000001
Na6Mn10Ge12O40,0.3931
Na12Mn4O16,1.846099999999999
Na3Mo1O3F3,3.9164
Na12Mo8N20,1.8184
Na6Mo2Cl12,1.7232
Na12Mo4N12,1.4075
Na12Mo4O16F4,4.5355
Na12Nb4As8O36,3.1544
Na12Nb4O16,3.768899999999999
Na12Nb4O4F24,5.1009
Na12Nd4B8O24,3.9757
Na6Nd28Ru12O72,0.006
Na12Nd8N36O108,3.4712
Na3Nd9B8O27,3.9569
Na6Ni4Sb2O12,2.2487999999999992
Na6Ni2F12,0.636
Na6Np2H4O12,1.4886
Na12Os4N8,0.6775000000000001
Na9Os3O15,0.096699999999999
Na6P2,0.4033
Na24P8S16O16,3.279199999999999
Na12P44,1.623899999999999
Na12P24N44,3.9652
Na6P2O8,3.9187
Na6P2S6O2,2.8392
Na6P2S8,2.291899999999999
Na6P2S2O6,4.2539
Na3P1Se4,1.116899999999999
Na3Pa1F8,4.2399
Na24Pr8P16O64,4.9068000000000005
Na12Re8N20,0.6341999999999991
Na9Re3O15,2.4306
Na36S12O48F12,5.3459
Na6Sb2,0.3946
Na6Sb6As4O28,1.8894
Na6Sb6P4O28,2.1435
Na12Sb4O12,3.0866
Na6Sb2O8,2.1351
Na12Sb4P8O36,2.7687
Na12Sb4S12,2.3949
Na12Sb4Se12,1.9982
Na3Sb1Se4,0.9870999999999992
Na6Sc2B4O12,3.6398
Na6Sc4B6O18,3.7232
Na6Sc4P6O24,4.6584
Na12Sc8V12O48,3.2558
Na6Sc2Br12,3.3749
Na6Sc2Cl12,3.9823
Na12Sc4Si8O28,4.0305
Na24Si8Se32,1.809699999999999
Na12Si4Te12,1.9397
Na24Sm8P16O64,4.9207
Na3Sm7Cl24,4.571199999999999
Na3Sm7Cl24,4.3094
Na6Sr2B10O20,4.5614
Na6Sr6Al2P8,1.1229
Na6Sr6Ga2As8,0.4377
Na6Sr6Ga2P8,0.746699999999999
Na6Sr6Ga2Sb8,0.3066
Na6Ta2F16,4.8651
Na24Ta8S32,2.5894
Na24Tb8P16O64,4.954
Na6Tb2Br12,4.4469
Na6Ti2F12,0.154399999999999
Na6Ti2F16,1.2639
Na12Tl4O8,1.8471
Na48Tm16Si48O144,4.2135
Na6Tm2Br12,4.4757
Na6Tm2Cl12,5.609400000000001
Na18Tm6Si12O42,3.96
Na6U12Al2F60,0.251099999999999
Na6U12Ti2F60,0.026699999999999
Na6U2O8,0.1241
Na6V4P6O24,1.9166
Na12V12Cr8O48,2.3608
Na6V2O8,4.0626
Na12V4P32O92,2.4538
Na24V8S32,1.4686
Na12W8N20,2.240199999999999
Na12W12Cl52,0.919
Na12W4N12,1.845899999999999
Na12Y4B8O24,3.777
Na6Y2C6O18,5.0193
Na24Y8P16O64,4.964
Na6Y2Si12O30,4.609
Na48Y16Si48O144,4.2323
Na6Y2Cl12,5.1827
Na12Zn4B20O40,4.2437000000000005
Na4Ni5O10,0.517199999999999
Na8As4O14,3.2056
Na8B4O10,3.6854
Na8Ca4Si2As8,0.631899999999999
Na8Ca4Si2P8,1.0094
Na8Cd4Si6O20,2.750499999999999
Na16Cd12Se20,1.0243
Na4Cd1P2,0.739499999999999
Na16Ce4As16O56,1.5424
Na4Co9Mo12O48,0.6292999999999991
Na8Co2O6,1.1481
Na32Co8O32,1.2643
Na32Cu16S24,2.0854
Na4Eu1Ge2Se6,0.387799999999999
Na4Eu1Si2Se6,0.9075999999999992
Na4Eu1Si2Te6,0.525799999999999
Na8Fe2O8,1.763199999999999
Na16Ga8S20,2.885
Na4Ge2Pb1S6,2.0553
Na8Ge4Se10,1.6797
Na8Ge4Te10,1.0023
Na8Ge18O40,3.1508
Na8Ge2O8,2.8173
Na32Ge8Se32,1.7906
Na8H12Ru2,2.0349
Na8Hf4Ge6O24,3.746299999999999
Na24Hf12Si18O72,4.179699999999999
Na4Hg1P2,0.036499999999999
Na4I2O1,2.2131
Na4Ir1O4,0.4312
Na4La31Co5I60,0.012599999999999
Na8Li10B6O18,3.9373
Na4Mg1Ge2Se6,1.822099999999999
Na4Mg1Si2Se6,2.7632000000000003
Na16Mg12P16O60,4.9429
Na16Mo4O20,2.9246
Na16Mo4S12O56,2.7865
Na16Ni12P16O60,3.8566
Na8Ni10P12O44,3.4051
Na4Np1O5,0.6496000000000001
Na16P8O28,4.63
Na8Pb2O8,1.2998
Na8Pu2H14O18,0.8335
Na8Re2N6,2.4384
Na16Sc8Si16O52,4.8179
Na16Se4O20,1.3349
Na4Si2Pb1Se6,2.0895
Na32Si16Te40,1.9301
Na8Si2O8,3.2221
Na16Si4Se16,2.5923
Na4Sn1Ge2S6,1.8668
Na8Sn6F20,3.5349
Na8Sn6S16,1.650599999999999
Na8Sn2O6,1.8842
Na8Sn2O8,2.0838
Na8Sn2S8,2.078
Na8Sn2Se8,1.4647
Na16Sn4Te16,1.0196
Na8Sr4Si2As8,0.5886
Na8Sr4Si2P8,0.9527
Na8Sr4Ti2As8,1.208899999999999
Na8Sr4Ti2P8,1.3214
Na8Te2O10,1.9814999999999992
Na8Th2Mo8O32,3.9619
Na4Ti5O12,2.4744
Na8Ti2As4O18,3.0631
Na8Ti2O8,3.3237
Na40Ti10P20O90,2.8528
Na32Ti8Se32,1.6617000000000002
Na16U4C12O44,2.157
Na8U2Cr6O28,2.0333
Na4U1O5,2.1446
Na8V2O8,1.067199999999999
Na32V8P16O72,1.766599999999999
Na32V8S24O104,2.6285
Na8W2O10,3.8008
Na8Zr4Si6O24,4.321199999999999
Na20In8Te24,1.003699999999999
Na10Ag2Ge4S14,1.758199999999999
Na10Ag2Ge4Se14,1.1633
Na10Al6H28,2.9039
Na40Al8O32,2.6242
Na10Au2Se24,1.0748
Na40B8S32O128,5.1366
Na10B4P6O26,5.079
Na10Bi4As10O36,3.258899999999999
Na5Bi1O5,0.8517999999999991
Na20Cu4H8O16,1.4867
Na5Cu1S1O2,1.5205000000000002
Na10Er2Mo8O32,3.8939
Na10Eu2Ta2As8,0.249
Na40Fe8O32,2.1683
Na10Ga6F28,5.3979
Na40Ga8O32,2.4236
Na10Gd2Mo8O32,3.3922
Na20Ge4As12,0.5043
Na20Ge4P12,1.079699999999999
Na10H6C8O24,5.021999999999999
Na20Hf4As12,0.988699999999999
Na5I1O6,1.8834
Na40In8O32,1.890699999999999
Na10In2S8,2.0219
Na40In8Te32,1.6777000000000002
Na10La2Mo8O32,4.0837
Na10Li2Mo18O60,2.9755000000000003
Na10Li6Ti4S16,2.2797
Na10Lu2Mo8O32,3.8389
Na10Nb2O10,2.6375
Na40Ni8O32,1.8963
Na5Np1O6,1.4031
Na5Re1O6,2.247999999999999
Na20Si4As12,1.1475
Na20Si4P12,1.325099999999999
Na20Sn4As12,0.4045
Na20Sn4P12,1.3674
Na40Sn8Sb24,0.6311
Na10Sr2Nb2As8,1.1672999999999991
Na10Sr2Nb2P8,1.3189
Na10Sr2Ta2P8,1.3769
Na10Ta2O10,2.5380000000000003
Na10Tb2Mo8O32,3.9472
Na40Tl8O32,1.322
Na20Tl4Sn12,0.0514
Na20Y4C16O48,4.3339
Na10Y2Mo8O32,3.9433
Na12B36Se34,2.1085
Na6Be8O11,3.6417
Na6Cd7S10,1.0715
Na6Cd1Cl8,4.1311
Na12Co2S8O32,3.1435
Na12Fe2S8O32,4.276
Na24Ga4As12,0.347699999999999
Na24Ga4P12,0.875899999999999
Na12Ge4S14,2.4264
Na12Ge4Se14,1.5871
Na12Mg2S8O32,5.3855
Na6Mg1Cl8,5.244
Na12Mn2S8O32,4.3439
Na6Mn1Cl8,2.5584
Na12Mn2S8,1.400299999999999
Na12Mn2Se8,1.133299999999999
Na6Nb8P5O35,0.038199999999999
Na12Ni2S8O32,4.1393
Na6P4Pb3S16,2.3264
Na12P8W2,1.2626
Na12Pb2O10,1.0116
Na6S2O9,2.9814
Na12Si4Se14,2.1551
Na24U20V8O92,1.8105
Na12W12Se4O50,2.7351
Na12W2N8,1.2474
Na12Zn2O8,1.533599999999999
Na12Zn2S8,2.1581
Na12Zn2Se8,1.6667
Na7W9O27,1.0388
Na14Al4Sb10,0.308799999999999
Na14Al6O16,2.7979000000000003
Na21As33O93,2.1627
Na14Cr8P18O64,3.0492
Na14In6Se16,1.430499999999999
Na14In8P18O64,3.6992
Na16Co2O12,0.9516999999999992
Na32Fe8O28,2.109099999999999
Na32Ga8O28,2.4378
Na16Nb4Cu8S42,1.2382
Na8Si6Sn1O18,3.8106
Na16Sn2Sb8,0.2672
Na16Ti10O28,3.5058
Na16Ti2As8,1.0363
Na18Fe6P16O58,2.4659
Na9Sm1Ge4Se12,1.710799999999999
Na9Sm1Si4Se12,2.399899999999999
Na1Ac1Te2,0.603399999999999
Na2Ag6O4,0.6596000000000001
Na4Ag12S8,0.9312
Na2Ag2F8,1.546399999999998
Na4Ag4O4,1.2098
Na1Ag1O2,0.5911000000000001
Na4Ag4Te20O56,0.877899999999999
Na2Al2P4S12,2.6538
Na1Al1S2O8,5.7223
Na2Al22O34,4.491
Na4Al12Ni4Cl48,1.4245
Na2Al2B28,1.584799999999999
Na4Al4Br16,4.1524
Na4Al4Cd4F24,4.608499999999999
Na4Al4Cl16,5.155699999999999
Na12Al12Ge12O48,3.9677
Na2Al2H8,4.6666
Na4Al4I16,3.5536
Na4Al4O8,3.7968
Na8Al8Se16,2.7291
Na2Al2Si6O16,4.8862000000000005
Na8Al8Si8O32,4.7132000000000005
Na2Al2Te4,1.2875
Na8As8,0.5734
Na2As6Pb8O24,3.410099999999999
Na2As6H4O18,2.6467
Na4As16Br4O24,3.1993
Na1As1F6,4.8294
Na8As8O16,3.7378
Na6As6O18,2.8628
Na4As4S8,1.3457
Na8As8Se16,1.4318
Na2Au2I8O24,1.9991
Na2Au2S8O28,1.789499999999999
Na2Au2S4O16,1.753
Na16Au16Cl64,1.6058
Na2Au2F8,2.1333
Na1Au1O2,1.158999999999999
Na16Au16S16,2.304699999999999
Na4Au4Se8,0.9131
Na4B4S16O56,5.6374
Na4B12H16O28,5.429
Na12B36O60,5.4351
Na4B12Se4O28,4.4681
Na4B20H16O40,5.7346
Na4B20Pb4O36,4.586
Na6B54Se48,1.9515
Na6B6O12,4.1041
Na2Be8Sb2O14,3.385899999999999
Na2Be2As2,1.287399999999999
Na12Be12P12O48,5.8139
Na1Bi1Mo2O8,2.8545
Na4Bi4P16O48,4.7395
Na4Bi8Au4O20,0.8399000000000001
Na1Bi3Br2O4,2.2208
Na1Bi3Cl2O4,2.3702
Na1Bi3I2O4,1.8933
Na1Bi1F6,2.7315
Na2Bi2O4,1.135
Na2Bi2O6,1.096399999999999
Na1Bi1S2,1.446899999999999
Na1Bi1Se2,1.092299999999999
Na1Bi1Te2,1.065299999999999
Na4Bi4Te4O20,2.3709
Na1Br1,4.0895
Na2Br2F8,2.9542
Na4Br4O12,4.4812
Na12C24N36,3.5578000000000003
Na1C1N1O1,4.4323
Na2C2O6,0.6623
Na4C4S4N4,4.1826
Na2Ca2P6O18,5.4489
Na2Ca20P14O56,4.999499999999999
Na2Ca4I2O12,2.6721999999999992
Na2Ca6Ru2O12,0.439
Na1Ca1As1,1.5818999999999992
Na4Ca4As4O16,3.5934
Na8Ca8B8O24,3.8471
Na1Ca1H6Ir1,3.4213
Na12Ca12P12O48,5.0934
Na2Ca2V2O8,3.6886
O144Na16P48Cd16,4.706399999999999
Na2Cd2F6,3.482
Na4Cd4P4O16,2.9173
Na2Ce2C4O12,0.283999999999999
Na4Ce4Ga16S32,0.231599999999999
Na4Ce4P8Se24,0.141399999999999
Na1Cl1,5.0037
Na2Cl2O8,5.4553
Na4Co4F12,2.9522
Na1Co1O2,2.245199999999999
Na4Co4P4O16,3.2132
Na2Cr2Ge4O12,2.8468
Na2Cr2P4S12,1.6163999999999992
Na1Cr1S2O8,2.7232000000000003
Na2Cr2Si4O12,3.0616
Na2Cr6O16,1.791
Na4Cr4F16,3.2336
Na4Cr4F24,1.374
Na1Cr1O2,2.891
Na4Cr4P8O28,2.7876000000000003
Na1Cr1S2,0.9908999999999992
Na1Cr1Se2,0.780799999999999
Na2Cu2I6O18,0.056999999999999
Na4Cu4F12,0.080899999999999
Na4Cu4O4,1.2722
Na1Cu1O2,0.4997
Na2Cu2Se2,0.047699999999999
Na1Dy1Pd6O8,0.041999999999999
Na2Dy2Cl8,4.7644
Na4Dy4O8,4.0314
Na1Dy1S2,2.285599999999999
Na1Dy1Se2,1.8635
Na1Er1Mo2O8,3.202099999999999
Na2Er2P4S12,2.5452
Na2Er2S4O16,5.7302
Na2Er2Cl8,4.9964
Na1Er1Cu2F8,0.7312000000000001
Na4Er4Ge4O16,3.618299999999999
Na4Er4O8,4.0544
Na1Er1S2,2.324499999999999
Na1Er1Se2,1.9258
Na3Eu3F12,0.374
Na2Fe2Ge4O12,1.5846
Na4Fe4S8O32,2.0944
Na4Fe4Se8O24,2.278299999999999
Na2Fe2Se4O16,1.9104
Na4Fe4Si8O24,1.835799999999999
Na8Fe8Te16O48,2.1497
Na2Fe4Pb2F18,1.198
Na4Fe4Br16,1.0155
Na4Fe4Cl16,0.2252
Na2Fe2F6,2.2462
Na4Fe4F16,2.953999999999999
Na1Fe1O2,1.9918999999999991
Na2Fe2P4O14,2.5578000000000003
Na4Fe4P4O16,1.2607
Na1Ga1S2O8,4.319999999999999
Na4Ga4Se8O24,3.2011
Na16Ga48Se80,1.8605
Na4Ga12Te20,1.2076
Na4Ga4Br16,3.4888
Na4Ga4Cl16,4.2848
Na12Ga12Ge12O48,3.121699999999999
Na2Ga2H8,4.7342
Na4Ga4O8,2.8582
Na6Ga6Si6O24,3.8225
Na2Ga2Te4,1.5786
Na1Gd1Cu2F8,1.0142
Na3Gd3F12,4.4911
Na4Gd4Ge4O16,3.3011
Na2Gd2O4,3.1172
Na1Gd1S2,1.762
Na1Gd1Se2,1.3585
Na16Ge16,0.665199999999999
Na2Ge4P6O24,3.9114
Na2Ge4N6,2.3402
Na2Ge8P6O24,4.428100000000001
Na8Ge8Au24,0.0512
Na1H1,3.7666
Na4H8N4,1.9459
Na2H6Se4O12,4.3395
Na8H24O16,4.4872
Na4H32O20,3.5481
Na2H18O10,4.714499999999999
Na4H4C4O12,5.2829000000000015
Na2H2O2,2.9879
Na2H2S2,3.157699999999999
Na4H4S4O16,5.4977
Na8H8Se8O24,4.0231
Na2H2Se2O8,3.3874
Na2Hf4P6O24,5.029999999999999
Na2Hf4Cu2Se10,0.4817
Na1Hf2V1F11,3.1712
Na4Hf4Cu4Se12,0.3845
Na4Hf4Sc4O16,4.106
Na3Hg6I3O6,1.388
Na2Hg2P2O8,1.4524
Na1Ho1Pd6O8,0.0424
Na1Ho9Si6O26,4.3796
Na2Ho2Cl8,4.8172
Na4Ho4Ge4O16,3.6138
Na4Ho4O8,4.004799999999999
Na1Ho1S2,2.3055
Na1Ho1Se2,1.8867
Na1I1,3.568699999999999
Na2I2O4F4,4.268599999999999
Na2I6O16,3.1418
Na4I4O12,3.6962
Na2In2Ge4O12,2.3627
Na2In2I8O24,3.0219
Na2In2Si4O12,3.488599999999999
Na2In2W4O16,3.4845
Na4In4As8O28,2.3567
Na4In4I16,2.478999999999999
Na1In1O2,1.9142
Na4In4P8O28,3.8231
Na1In1S2,1.8377
Na1In1Se2,1.019199999999999
Na4In4Sn8,0.6527000000000001
Na2In2Te4,0.6416000000000001
Na2La2C4O12,3.858499999999999
Na4La4Ga16S32,2.2582
Na4La4Ga16Se32,1.7311
Na1La1Mo2O8,3.5204
Na4La4P16O48,5.095599999999999
Na2La2S4O16,4.1818
Na4La4Se8O24,3.6164
Na2La4Os2O12,0.518699999999999
Na2La4Ru2O12,0.4775
Na2La4Ta2O12,3.979199999999999
Na4La16I28N8,2.8475
Na1La6Os1I12,0.340899999999999
Na1La9Ge6O26,3.808
Na2La2O4,3.2411
Na2La2S4,2.191
Na1La1Se2,2.2767
Na12La12Si12O48,4.5657
Na2Li4As2O8,3.8891
Na8Li16B8O24,4.1479
Na1Li2Bi1,0.6303000000000001
Na4Li8P4O16,5.3418
Na1Li2Sb1,0.6796000000000001
Na1Li3H8N4,2.567599999999998
Na8Li24Ge8O32,3.7766
Na8Li24Si8O32,4.5993
Na4Li4B16O28,5.8776
Na9Li9C9O27,4.4629
Na2Li2S2,2.264199999999999
Na4Li4Se4,2.4375
Na4Li4Te4,2.284
Na1Li1Zn1S2,1.8297999999999992
Na4Lu4Cl16,5.1598
Na4Lu4Ge4O16,3.632
Na1Lu1O2,4.061
Na4Lu4P8O28,5.377800000000001
Na1Lu1S2,2.399299999999999
Na4Lu4Si4O16,4.396599999999999
Na16Mg16P48O144,5.4759
Na2Mg4S6O24,0.000399999999999
Na2Mg4V6O20,2.8353
Na2Mg8As6O24,3.197899999999999
Na2Mg8V6O24,3.3243
Na2Mg2As2,0.9547999999999992
Na4Mg4H12,3.103
Na12Mg12P12O48,5.1057
Na2Mg2Sb2,1.0359
Na4Mn8O16,0.4046
Na2Mn8As6O24,1.1152
Na2Mn12P14O48,3.2825
Na4Mn4As4O16,2.0178
Na3Mn3Cr3F18,2.2911
Na4Mn4F12,2.7474
Na2Mn2F8,2.0519
Na3Mn3Fe3F18,2.4364
Na1Mn1I1O6,2.0015
Na1Mn1O2,1.222999999999999
Na4Mn4P4O16,3.2555
Na4Mn4V4O16,2.3623
Na1Mo2P4O14,1.1965
Na4Mo8P8O36,1.807599999999999
Na2Mo12O34,0.5921999999999991
Na8Mo8As8O48,2.6992000000000003
Na1Mo1O2,2.380499999999999
Na2Mo2O6F2,3.226099999999999
Na4Mo4P8O28,3.2076
Na8Mo8P8O48,2.7169
Na1N3,4.0268
Na2N2O6,2.9451
Na2Nb2Cu4S8,1.7198
Na4Nb4O8F8,3.1273
Na2Nb20O36,0.1761
Na1Nb13O33,1.6963
Na4Nb8As4O32,2.700199999999999
Na4Nb8P4O32,1.994399999999999
Na4Nb8P4S40,1.315599999999999
Na2Nb6Te8O32,2.1321
Na2Nb6O16,2.4842
Na1Nb4Bi5O18,2.7554
Na4Nb4Cl24,2.2152
Na16Nb16N32,2.2814
Na2Nb2O4,1.378099999999999
Na2Nb2O6,2.5048
Na2Nb2S4,0.6250999999999991
Na2Nb2S12,1.6715
Na2Nb2Se4,0.5013999999999991
Na2Nb2Se4O14,2.9067
Na2Nd2C4O12,4.6697
Na4Nd4Ga16S32,2.1699
Na4Nd4Ga16Se32,1.5138
Na1Nd1Mo2O8,3.4059
Na4Nd4P16O48,5.8029
Na2Nd2S4O16,5.5386
Na4Nd4Si24O56,4.843
Na2Nd4Os2O12,0.543
Na4Nd16I28N8,2.7311
Na1Nd9Ge6O26,3.606099999999999
Na1Nd9Si6O26,4.4314
Na2Nd2O4,3.3353
Na1Nd1S2,2.2045
Na1Nd1Se2,1.8121
Na1Ni1I1O6,1.7121
Na1Ni1O2,0.4204
Na4Ni4P4O16,3.3393
Na2Np2C2O10,0.0376
Na4O8,0.7083
Na8P8,0.8684000000000001
Na8P8H16O32,5.521000000000001
Na2P30,1.4966
Na4P8H20O32,5.8073
Na2P6Pb8O24,3.306499999999999
Na1P4Ru2O14,0.0097
Na2P8N14,4.219600000000001
Na8P56,1.7429
Na2P2N4,4.6812000000000005
Na6P6O18,5.1185
Na2P2Pd2S8,1.160699999999999
Na4P4S12,1.988
Na1Pa1O3,2.952
Na16Pb16,0.1566
Na2Pb4I2O12,2.5426
Na2Pr2C4O12,0.0003
Na2Pr2Se4O16,3.3741
Na2Pr4Ru2O12,0.4715
Na2Pr6Ge8O26,3.6216
Na4Pr16I28N8,2.7186999999999992
Na1Pr9Ge6O26,3.6563
Na2Pr2O4,3.1965
Na1Pr1S2,2.1807
Na1Pr1Se2,1.7927
Na4Pr4Te8,1.059699999999999
Na4Pt8Se12,0.9897
Na2Re2O8,3.615199999999999
Na1Rh1S2O8,1.2372
Na1Rh1O2,1.377399999999999
Na2Ru2N2,0.4093
Na4S4,1.2348
Na8S16,2.0185
Na2S2O6F2,5.0584
Na8Sb8,0.6041000000000001
Na8Sb24P16O80,3.878399999999999
Na2Sb6F20,4.968
Na2Sb10O26,1.679599999999999
Na2Sb10O26,1.0634
Na2Sb2Cl12,2.0509
Na4Sb4F16,4.922499999999999
Na4Sb4F16,4.3132
Na1Sb1F6,4.8892
Na2Sb2O6,2.7012
Na2Sb2S4,0.8857
Na1Sb1Se2,0.6374999999999991
Na1Sb1Te2,0.658899999999999
Na2Sc2B8H32,4.8657
Na2Sc2Ge4O12,3.5612
Na4Sc4Se8O24,3.8413
Na2Sc2Si4O12,4.950100000000001
Na2Sc2W4O16,3.501899999999999
Na1Sc1As2O7,3.46
Na4Sc4B8O20,4.923599999999999
Na4Sc4Cl16,3.8115
Na1Sc1O2,3.979999999999999
Na4Sc4P8O28,4.791499999999999
Na1Sc1S2,1.678999999999999
Na1Sc1Tl2F6,4.5213
Na4Se4,0.4942
Na8Se16,1.1815
Na8Si8,1.1286
Na2Si4N6,4.184299999999999
Na12Si12B12O48,5.7780000000000005
Na2Sm2C4O12,4.6763
Na4Sm4P16O48,5.8294
Na4Sm4P8S24,2.793
Na1Sm1Cu2F8,0.7743
Na4Sm4Ge4O16,3.6029
Na2Sm2O4,3.653299999999999
Na1Sm1S2,2.2312
Na1Sm1Se2,1.8016
Na4Sm4Se8O28,3.3052
Na1Sm1Te2,1.1738
Na16Sn16,0.342899999999999
Na2Sn4P6O24,3.3552
Na4Sn8Cl20,3.0516
Na8Sn16F40,3.7838
Na2Sn8P6O24,3.7963
Na2Sn2N2,0.917899999999999
Na2Sn2P2,0.5826
Na2Sr2P6O18,5.4112
Na4Sr8Al4P12,0.3122
Na2Sr4I2O12,2.563
Na2Sr6Bi2O12,1.7087999999999992
Na2Sr6Nb2O12,3.2962
Na2Sr6Ru2O12,0.5002
Na2Sr6Sb2O12,2.9095
Na2Sr6Ta2O12,3.8787
Na1Sr4B3N6,1.9666
Na3Sr3As3,0.806999999999999
Na4Sr4B20O36,5.4486
Na4Sr4B4O12,3.8575
Na4Sr4Cr4F24,2.0585
Na4Sr4Fe4F24,3.4614000000000003
Na4Sr4Ga4F24,5.9984
Na3Sr3P3,1.2357
Na4Sr4P4O16,4.5196000000000005
Na4Sr4V4F24,2.5448
Na4Ta4Cl24,2.9288
Na2Ta2Ge2O10,3.3561
Na1Ta1N2,1.276499999999999
Na4Ta4O12,2.6172
Na1Tb1Pd6O8,0.020699999999999
Na3Tb3Si6O18,4.3118
Na2Tb2Cl8,4.7179
Na4Tb4Ge4O16,3.598799999999999
Na2Tb2O4,3.892299999999999
Na1Tb1S2,2.279099999999999
Na1Tb1Se2,1.839
Na1Tc12Br25,0.965499999999999
Na12Te36,0.5092
Na4Te4F20,5.2511
Na2Th4P6O24,4.604
Na2Th4F18,5.9514
Na2Ti4As6O24,2.378
Na2Ti4P6O24,2.4429
Na2Ti4Al10O24,2.7190000000000003
Na4Ti4As4O20,2.9036
Na1Ti1Cu3Se4,1.3708
Na4Ti4Cu4S12,0.155999999999999
Na4Ti4F16,0.201099999999999
Na8Ti8Se32,0.9939999999999992
Na1Tl2Ga1F6,4.3908000000000005
Na1Tl2In1F6,4.274699999999999
Na1Tl2Mo1F6,2.9199
Na1Tl2Rh1F6,1.7848000000000002
Na1Tl3F6,3.6256
Na2Tl2O2,0.975499999999999
Na1Tl1O2,0.6208
Na1Tm1Pd6O8,0.0221
Na2Tm2Cl8,5.089399999999999
Na4Tm4Ge4O16,3.6137
Na4Tm4O8,4.0377
Na1Tm1S2,2.3614
Na4U4B4O20,1.9304
Na1U1F6,0.9529
Na4U4N12O44,2.168999999999999
Na4U4O12,0.431
Na4U4P12O44,2.4628
Na4U4V4O24,1.9662
Na2V2O4F4,2.1974
Na4V4S8O32,1.6873
Na4V4Si8O24,0.0673
Na1V2Bi3O10,2.8908
Na2V6Pb8O24,2.8762
Na2V6O16,1.9032
Na4V12P8O52,2.1674
Na4V16Bi52O120,2.8099
Na4V4As4O20,1.5064000000000002
Na2V2Cd2O8,3.0263
Na4V4F12,2.020699999999999
Na4V4F24,3.2498
Na4V4N8,0.9301
Na4V4O12,3.2386
Na4V4P8O28,2.1604
Na4V4P4O20,1.2667000000000002
Na4V4Te4O20,3.0152
Na2W12C2Cl36,0.1048
Na2W12N2Cl36,0.5959000000000001
Na4Y4I16O48,3.3147
Na1Y1Pd6O8,0.031099999999999
Na4Y4Se8O24,4.2264
Na4Y4Te16O40,3.065
Na2Y2Cl8,4.6098
Na4Y4Ge4O16,3.647
Na4Y4O8,4.1319
Na1Y1S2,2.263499999999999
Na1Y1Se2,1.8434
Na4Y4Si4O16,4.2796
Na2Yb2Cl8,5.6312
Na8Zn8P24O72,4.8199000000000005
Na2Zn2As2,0.357599999999999
Na12Zn12As12O48,3.009
Na4Zn4F12,3.7676
Na2Zn2P2,0.9102
Na4Zn4P4O16,3.8335
Na2Zr4As6O24,3.7453
Na2Zr4P6O24,4.1967
Na1Zr2Co1F11,3.482599999999999
Na1Zr2Cu1F11,0.8712000000000001
Na1Zr2Fe1F11,3.4179
Na1Zr2Mn1F11,4.2265
Na1Zr2Ni1F11,1.8738
Na1Zr2Pd1F11,1.331899999999999
Na1Zr2V1F11,2.163
Na1Zr2Zn1F11,5.7246
Na2Zr2Cu2S6,0.543899999999999
Na4Zr4Cu4Se12,0.2968
Na4Zr4Cu4Te12,0.004899999999999
Nb4P8S32,1.2678
Nb2S4Br4,1.4999999999999991
Nb2S4Cl4,1.510199999999998
Nb2Se4Cl4,0.9933999999999992
Nb2Se4I4,0.959299999999999
Nb10Pb14O39,1.751799999999999
Nb20Se80I6,0.1289
Nb12Br17F13,0.1221
Nb8Cd4O24,3.4237
Nb8Co4O24,1.7676
Nb6F15,0.1513
Nb8Fe4O24,2.0862
Nb8Ge4Te16,0.1734
Nb8Ni4O24,2.998199999999999
Nb28O70,1.7731
Nb8P4S40,1.5194
Nb4Pb4Se8O30,2.662099999999999
Nb4Pd6Se16,0.3082
Nb8S12O56,2.8957
Nb4Se34Cl24,1.3168
Nb4Se8O26,2.427
Nb4Se18,0.7746999999999991
Nb12Si12S6O72,3.0617
Nb8Si4Te16,0.2534
Nb4Sn2O12,1.7399
Nb4Te6O22,2.5672
Nb8Te24I4,0.7160000000000001
Nb8Tl12Cu4Se48,1.0734
Nb4Tl8S22,1.2121
Nb4Tl8Se22,0.9315
Nb4Tl2P2S20,1.3449
Nb4Zn8S18O72,2.3571
Nb8Zn4O24,3.2845
Nb3Al1P6O24,2.7709
Nb6Br16,0.030699999999999
Nb12Cl20O8,0.8969
Nb12Cl28,0.9765
Nb6Cl16,0.1451
Nb12Cl4O28,2.0588
Nb3Co1P6O24,2.1295
Nb3Cr1P6O24,2.6167
Nb3Fe1P6O24,2.640599999999999
Nb9Ga3P18O72,1.7787000000000002
Nb6I16,0.0677
Nb24I8Cl48,1.0733
Nb9In3P18O72,1.8623999999999992
Nb6In4Cl18,0.9687
Nb6In4Cl18,1.0641
Nb3P6W1O24,1.0427
Nb3S1Br7,0.7444000000000001
Nb12S4I28,0.5787
Nb6Sb2P12O48,1.6892
Nb6Sb4Te10,0.844599999999999
Nb12Se40Br12,1.246999999999999
Nb12Se40Cl12,1.1681
Nb12Se48I4,0.0718
Nb6Se10Cl14,1.0202
Nb12Te16Cl4O60,2.3912
Nb6Te2Cl14,0.7027000000000001
Nb6Te2I14,0.5137
Nb6Tl4Br18,1.0296
Nb6Tl4Cl18,1.023499999999999
Nb12Tl12O40,0.271399999999999
Nb8P4S42,1.192399999999999
Nb16Pb12O48F8,2.798499999999999
Nb8Pb6O26,2.2052
Nb16Si4Te16,0.1692
Nb10P14O60,2.585
Nb10Zn2P18O72,2.3561
Nb24H4I44,0.213899999999999
Nb12H2S2I18,0.030499999999999
Nb24In4Cl60,0.8771
Nb24Tl4Cl60,0.9461
Nb28S8I76,0.4354
Nb9As1O25,2.2043
Nb9P1O25,2.1273
Nb9V1O25,2.0136
Nb2Ag2F12,2.8973
Nb4Al8Se8Cl32,1.9186
Nb2Al2Br16,1.5329000000000002
Nb1Al1Fe2,0.3207
Nb2Al2O8,3.3835
Nb2As2P2Cl26,2.4397
Nb2B2O8,2.458899999999999
Nb8Bi8Te16O64,2.352
Nb4Bi16Br4O32,1.4811
Nb4Bi16Cl4O32,1.5312
Nb4Bi4O16,2.938799999999999
Nb2Br4O2,0.9038
Nb4Br12O4,1.9457
Nb2Br8,0.8728
Nb8Br40,1.565
Nb2Cl4O2,0.9093
Nb4Cl12O4,2.8075
Nb2Cl8,1.0797
Nb4Cl16F4,2.5076
Nb6Cl30,2.2227
Nb4Cl4F32,3.278299999999999
Nb1Co1Sn1,0.970399999999999
Nb1Cu3Se2S2,1.4624
Nb1Cu3S4,1.6574
Nb1Cu3Se4,1.3604
Nb1Cu3Te4,0.9169
Nb4F20,4.5694
Nb2Fe2O8,1.8298
Nb1Fe1Sb1,0.513799999999999
Nb1Ga1Fe2,0.0905
Nb2Ga2O8,3.4012
Nb2I4O2,0.842599999999999
Nb2I6O2,0.8196000000000001
Nb4I16,0.4775
Nb2I10,0.94
Nb4I4O8,1.0412
Nb2In2O8,3.0277
Nb4N4O4,1.5556
Nb4Ni8B4O24,2.7318
Nb8O16,0.2824
Nb2O4F2,2.2079
Nb4O4F12,3.7013
Nb2P2,0.1162
Nb2P4N2Cl24,2.4276
Nb8P16S16Cl40,1.705
Nb8P16Se16Cl40,1.3286
Nb2P2Cl20,2.2683
Nb4P4Cl32O4,2.3872
Nb4P4O20,2.2614
Nb4S4I4,0.5914
Nb2Sb4,0.0047
Nb2Sb2F20,4.3644
Nb4Sb4O16,2.4311
Nb1Sb1Ru1,0.377299999999999
Nb4Se4Br12,0.736399999999999
Nb4Se4Cl12,0.7559
Nb4Se4F36,5.0491
Nb4Se4I4,0.612699999999999
Nb4Se4I4,0.1055
Nb4Se4I12,0.627
Nb4Se4O4F28,4.5144
Nb6Sn6P18O72,2.9196
Nb2Sn12O2F30,2.739899999999999
Nb8Te32I8,0.5477000000000001
Nb4Te4Br12,0.5947
Nb4Te4I12,0.457799999999999
Nb4Tl4B8O24,3.4093
Nb6Tl12P6O36,2.9021999999999992
Nb1Tl3S4,2.457999999999999
Nb1Tl3Se4,2.1041
Nb1Tl1Br4O1,1.2501
Nb8Tl8Cl32O8,2.3042
Nb2Tl2Cl12,2.2092
Nb8Tl8O24,0.955
Nb2Tl2Te2O12,2.2669
Nb4Tl4V8O32,2.452
Nb2Tl2W2O12,2.931599999999999
Nb4V4O20,2.0888
Nb2Zn4N6,1.850099999999999
Nd3Al9Br36,3.386
Nd16B48O96,5.289899999999999
Nd2C12N18,3.6366
Nd2Cl6O24,4.8961
Nd2Er6S12,1.024799999999999
Nd2H6O6,3.5877
Nd2Ho6S12,1.0278
Nd4I12O36,3.3445
Nd2Lu6S12,1.034799999999999
Nd8N24O72,3.1368
Nd2P6O18,5.4867
Nd2Tm6S12,1.0206
Nd2Y6S12,1.0532
Nd2Zn6As6,0.127
Nd2Zn6P6,0.0524
Nd20S38,0.199999999999999
Nd20Se38,0.5381
Nd4Mo6O24,3.6032
Nd4S6O24,5.4404
Nd8Se12O36,3.4891
Nd4As8O18,3.342099999999999
Nd2As6Xe5F46,2.7183
Nd8Au20F84,1.6499
Nd4Be4Ge2O14,4.3178
Nd4Be4Si2O14,5.0227
Nd2C1N2O2,3.7725
Nd4C2O10,3.978399999999999
Nd4Eu2S8,0.3825
Nd4Eu2Se8,0.490699999999999
Nd4Fe2Sb2O14,1.3969
Nd8Ge4B8O32,4.4952
Nd24Ge24O84,3.4278
Nd8Ge4O20,3.8858
Nd8H24Se28O80,3.5475000000000003
Nd4Hf4O14,4.0703
Nd8Hf4S20,1.0171
Nd4Hg2O8,2.2099
Nd4Mg2Pt2O12,2.0683
Nd4Mn2Ni2O12,1.457199999999999
Nd4Mo2Se4O20,3.3219
Nd6Mo12O45,2.5839
Nd8Mo4O24,2.6647
Nd8N4Cl12,3.3441
Nd4Nb4S14O60,0.1134
Nd4Ni2Pt2O12,1.8452
Nd16O24,3.708
Nd4P4Au2O2,0.0323
Nd4Pd4O10,1.080899999999999
Nd4Pt4O14,1.0795
Nd8S12,0.759599999999999
Nd2S1O2,2.8667
Nd2S1O6,5.1449
Nd16Se24,1.4781
Nd2Se1O2,2.151099999999999
Nd16Si16O56,5.0173
Nd4Si4Pb2S16,2.408899999999999
Nd4Si4Pb2Se16,1.819
Nd8Si4O20,4.7758
Nd8Si4S20,2.4368
Nd8Si4Se4O16,2.6009
Nd8Si4Te4O16,2.0477
Nd4Sn4O14,2.6738
Nd2Ta2Cl2O7,3.0833
Nd4Te4W4O26,3.417399999999999
Nd8Te12Mo4O48,3.0617
Nd4Te8O22,3.292
Nd2Te1O2,1.271499999999999
Nd8Te4O24,2.9846
Nd2Te1S2,1.5871
Nd8Th4S20,1.405199999999999
Nd8Ti8O28,2.9631
Nd2Ti2S2O5,0.825299999999999
Nd4Ti6Bi4O24,2.2573
Nd8Ti12Cl8O32,3.016
Nd4Ti8O22,3.0914
Nd8Ti4O20,3.313799999999999
Nd8U4Se20,0.034
Nd4V2Fe2O12,0.7975000000000001
Nd8W8O36,3.5126
Nd8W4O24,3.7285
Nd4Zr4O14,3.3281
Nd4Zr6Mo18O72,3.4931
Nd8Zr4S20,1.0438
Nd8Zr4Se20,0.7389000000000001
Nd6B2W2O18,3.8249
Nd6Bi8Au6,0.3422
Nd6Cu6Bi8,0.357599999999999
Nd6Cu6Sb8,0.1983
Nd6Cu2Ge2S14,1.675799999999999
Nd6Cu2Ge2Se14,1.222799999999999
Nd6Cu2Si2S14,1.6357
Nd6Cu2Si2Se14,1.341099999999999
Nd6Cu2Sn2S14,1.7587000000000002
Nd6Cu2Sn2Se14,1.1932
Nd6Fe2O12,2.080899999999999
Nd12Ga20O48,3.259
Nd6Ga2O12,3.6505
Nd12Ho8Ga12O48,3.5775
Nd12In4S24,0.9578
Nd12Lu8Ga12O48,3.1478
Nd12Nb4O28,2.873
Nd18P6O42,4.2816
Nd6Pb6I26O80,2.8386
Nd6Re4O18,0.163
Nd12S8Cl20,3.2203
Nd12S12N4,1.1935
Nd6Sb10O24,3.1547
Nd6Sb2O14,2.5869
Nd12Sc8Fe12O48,2.394
Nd12Se12N4,0.941299999999999
Nd12Si8Cl4O32,4.566699999999999
Nd6Si4S16Br2,2.664
Nd6Si4S16I2,2.547999999999999
Nd6Si12N22,3.0824
Nd6Si2Ag2S14,1.770899999999999
Nd6Si2Ag2Se14,1.4465
Nd24Si8S48Cl8,2.6289
Nd6Ta2O14,3.471599999999999
Nd12Tm8Ga12O48,3.6506
Nd3U2O10,0.1734
Nd6W2Cl6O12,3.5002
Nd16Al8O36,4.1884
Nd16Au8O36,2.0717
Nd16Cd4Ni4,0.0337
Nd16Cd4Pd4,0.098899999999999
Nd16Cd4Pt4,0.0353
Nd8Cd2Si6O26,3.4103
Nd16Ga4Sb4S36,2.184599999999999
Nd16Ge4O32,3.6231
Nd32In8Sb8S72,2.1557
Nd16Re8O44,0.4487
Nd16Rh24Pb76,0.021199999999999
Nd8S6N2Cl6,3.0831
Nd8Se6N4,1.370999999999999
Nd4Se3O4,1.323299999999999
Nd16Si8S12O28,2.593499999999999
Nd16Te12N8,0.9142
Nd5As2Cl1O10,3.2983
Nd10As8Cl6O24,3.7175
Nd5Te2Cl3O10,3.3387
Nd6Cd1Ge2S14,2.048499999999999
Nd6Cd1Si2S14,1.8684
Nd6Ge3S14,1.277899999999999
Nd6Ge3Se14,1.165
Nd6Mg1Ge2S14,2.073
Nd6Mn1Si2S14,1.033499999999999
Nd24S16Br4N12,1.399
Nd12Si8S34,2.5245
Nd14Se8Cl6O34,3.794399999999999
Nd32Sb8S60,1.8313
Nd18Al10S42,2.3989000000000003
Nd18Al10Se42,1.775399999999999
Nd18Ga10S42,1.665299999999999
Nd4Ag4P16O48,3.857
Nd2Ag2W4O16,3.143499999999999
Nd4Al12Pb8O32,3.1059
Nd2Al2Ge2,0.2106
Nd4Al4Ge8O28,3.5773
Nd1Al1H6,2.0357
Nd2Al2O6,4.353999999999999
Nd2As2O8,3.766
Nd4As4Se4,0.783199999999999
Nd4As4Se4,0.030899999999999
Nd6B6N12,2.167999999999999
Nd4B4O12,4.6987
Nd1Bi2Br1O4,1.219899999999999
Nd1Bi2Cl1O4,1.1973999999999991
Nd1Bi2I1O4,1.265399999999999
Nd2Bi2O8,0.579699999999999
Nd1Bi1Pd1,0.1051
Nd2Br6,2.9221
Nd2Br2O2,4.483099999999999
Nd2Cl6,4.299799999999999
Nd2Cl2O2,4.766400000000001
Nd4Cr4Ge4O20,2.5312
Nd4Cr4O12,2.54
Nd2Cr2O8,0.2958
Nd2Cr2Te2O12,2.7114000000000003
Nd8Cu8Mo16O64,1.9650999999999992
Nd1Cu1O2,2.411499999999999
Nd4Cu4O12,0.122999999999999
Nd4Cu4S8,1.0776
Nd4Cu4Se8,0.7529
Nd4Fe4O12,1.7349
Nd4H44S12O64,5.618
Nd2H24Cl6O12,5.3617
Nd2H24N6O30,3.306899999999999
Nd2H4Cl2O4,4.8694
Nd2H6Se6O24,3.042
Nd4H20Se8O32,4.4543
Nd4H4C4O16,5.268899999999999
Nd8H8O8,2.0008
Nd2H2O4,4.1593
Nd4H4S12O44,5.4916
Nd4H4S4O20,5.5634
Nd2H2Se2,1.6526
Nd2I6,2.0128
Nd2I2O2,3.5729
Nd4In8Cl20,2.8061
Nd10In20Pd10,0.0349
Nd1In1Cu4,0.0045
Nd2Lu2S6,0.805199999999999
Nd2Lu2Se6,0.4956
Nd4Mg4B20O40,5.9713
Nd4Mn8O20,1.1794
Nd4Mn4O12,1.898
Nd4Mo4Br4O16,2.0897
Nd8Mo8Cl8O32,2.6074
Nd2Nb2O8,3.6592
Nd4Ni4B20O40,4.0969
Nd1Ni1Bi1,0.511899999999999
Nd2O4,3.4112
Nd2O2F2,4.5028
Nd4P20O56,5.5926
Nd4P4O16,5.678800000000001
Nd8P8S8,0.327899999999999
Nd8P8S32,2.271199999999999
Nd2Pa2O8,2.7599
Nd4Re12H24O60,3.7822
Nd4Re4Mo4O32,3.3573
Nd4Rh4O12,0.6487
Nd4S8,0.3379
Nd4S4Br4,2.6382
Nd2S2F2,1.2363
Nd8S8I8,2.0315
Nd8S8O8,1.6345
Nd4Sb4Mo8O36,3.2603
Nd4Sb4O16,2.240399999999999
Nd4Sc4O12,4.3025
Nd4Sc4S12,1.859299999999999
Nd8Se8Cl8O24,4.2031
Nd2Se2F2,0.9158
Nd4Se4O4,0.337099999999999
Nd3Si3B3O15,5.213100000000001
Nd2Ta6O18,3.2129
Nd2Ta2O8,3.9439
Nd4Ta4Ti4O24,3.0457
Nd2Te2Cl2,0.4133
Nd2Tl2Mo4O16,3.5665
Nd4Tl4P16O48,5.2631
Nd2Tl2W4O16,3.252
Nd4Tl4P8S28,2.4404
Nd1Tl1S2,1.6456
Nd1Tl1Se2,1.2255
Nd1Tl1Te2,0.7119000000000001
Nd4V8I4O36,2.5118
Nd4V4O12,1.034099999999999
Nd2V2O8,3.0225
Nd2Zn2As2O2,0.8621999999999991
Nd2Zn2P2O2,1.231799999999999
Nd2Zn2Sb2O2,0.1854
Ni4As8O16,2.7724
Ni4Bi8O24,0.133
Ni4Cl8O32,4.0918
Ni4I8O24,3.1711
Ni1N2F14,1.9538
Ni4N8O24,3.395
Ni4P8O24,1.486299999999999
Ni4Pt12O24,0.374
Ni4Sb8O16,2.0339
Ni2Xe8F56,2.329399999999999
Ni8Xe16F128,0.5866
Ni34As12O64,2.484999999999999
Ni4Ge2O8,2.1356
Ni4Hg4O2F12,0.996
Ni4P4O14,1.558699999999999
Ni4Te6O16,3.0277
Ni6As4O16,2.1524
Ni6P4O16,3.7408
Ni12B28Br4O52,3.152799999999999
Ni12B28Cl4O52,3.103199999999999
Ni6B14I2O26,2.4228
Ni6H4Se6O20,2.9775
Ni6Mo4Se2O22,2.364399999999999
Ni6P8Pb2O28,4.184699999999999
Ni6Sb8O12F12,3.04
Ni6Se8Cl4O20,3.1114
Ni12Te8Mo4O40,2.9872
Ni10Se8Br4O24,2.8709
Ni10Se8Cl4O24,3.1026
Ni20Sn4B8O40,2.9308
Ni7Te6Cl2O18,2.7053000000000003
Ni18Te10Pb12O60,1.9839
Ni4Bi4As4O20,2.8781
Ni4Bi4P4O20,3.8528
Ni2F4,4.9116
Ni2H20Se4O20,3.8277
Ni2H24Br4O28,3.038
Ni1H12Cl2O6,1.412599999999999
Ni4H48Cl8O48,5.3144
Ni2H24N4O24,3.1523
Ni4H8Se4O20,2.9949
Ni2H8N4O16,3.2376
Ni1O1,2.300899999999999
Ni2P4H16O20,3.7796
Ni4P8Pb8O32,3.682
Ni8P16H16O56,4.8327
Ni4P16O44,5.039099999999999
Ni1Pb1F6,2.2615
Ni1Pt1F6,2.0795
Ni1Rh1F6,0.015899999999999
Ni2S4,0.2404
Ni4Sb12Xe4F92,1.609299999999999
Ni2Sb12Ru2,0.068299999999999
Ni2Se2O8,2.1705
Ni4Te4O16,0.2761
Ni2W2O8,2.8991
Np1Fe4P12,0.479799999999999
Np2P8S24,0.25
Np8H48S4O56,0.500599999999999
Np8S4O40,1.1161
Np8S4O36,0.036499999999999
Np4Tc8O46,0.409699999999999
Np4B12O32,0.5495
Np2Cl6,0.047299999999999
Np2Cl8,1.1679
Np4F24,1.1546
Np4H24Cl8O52,0.3708
Np4I8O36,0.363
Np4I4O20,0.0864
Np2Se2O10,0.1876
O4F8,2.1241
Os6O12F24,1.9011999999999991
Os1S2Cl12,0.032699999999999
Os1Se2Br12,0.075699999999999
Os8O12F28,0.5979999999999991
Os2C6I4O6,1.795599999999999
Os4O12F8,2.3145
Os1O4,3.1633
Os4O4F20,0.8055000000000001
Os4Se4S12Cl16,1.4276
P10Au7I1,0.4964
P112Pb20I8,1.1116
P4H32N8O14,4.9093
P4H8Pb2O8,3.879399999999999
P8H36C12Br12,2.5072
P8Ir4,0.6331
P16Ir8Cl8F48,1.0451
P8O12F16,5.7922
P8O20,4.8374
P4Os2,0.8159000000000001
P4Pb2Xe6F36,2.4778
P8Pb8O28,3.7752
P4Pb6O16,3.3803
P8Pb12S32,2.312599999999999
P8Pb16O36,3.2986
P4Pb8S2O24,3.8556
P16Pb8O48,4.566599999999999
P4Pd2,0.341899999999999
P2Pd3S8,1.5779
P4Pd2O12,1.8521
P8Pd4Pb4O28,0.3293
P8Pt4,1.018599999999999
P8Pt4O28,1.5197
P8Rh4,0.370499999999999
P16Rh8Cl8F48,1.440899999999999
P4Ru2,0.479199999999999
P8S20,2.5540000000000003
P8S28,2.1425
P8W8O44,3.1399
P4W2O14,3.122999999999999
P4W2O16,2.4666
P6W4O24,2.0967
P3Br1Cl14,2.0731
P6H60N14O24,4.9566
P12Ir4,0.084900000000001
P6Ir2O18,2.244099999999999
P6N10,3.559999999999999
P24N8Cl96,1.971099999999999
P6Pb10Br2O24,3.2342
P6Pb10Cl2O24,3.3891
P6Pb10O24F2,3.7236
P18Rh6O54,1.691799999999999
P24Rh8W16O120,1.552299999999999
P12Ru4,1.144599999999999
P24Ru8W16O120,0.1199
P12Se16I4,1.6621
P16N12Cl44,2.4896000000000003
P8N12O2,4.3558
P12Os3,1.3036
P4Pt1F12,4.9313
P12Ru3,1.258600000000001
P32S24,2.8765
P16S12I8,2.2588
P16S28,2.7617000000000003
P16S36,2.7085
P16Se12Br8,2.014
P16Se12I8,2.0743
P6Pb3Xe11F58,2.4318
P28Pb4,0.8769999999999991
P4Au4Cl16,2.5700000000000003
P4Au4Cl32,1.3333
P2Au2O8,1.706
P2Au2S8,1.3165
P8Br16N8,3.002999999999999
P4Br12,3.337399999999999
P4Br12O4,3.0735
P4Br20,1.6183
P4Br28,1.2227
P4Cl12,4.051
P4Cl12O4,4.4928
P3Cl15,1.7516
P8Cl8O8F16,5.4542
P4H72N12O28,4.6762
P4H12O16,5.9519
P4H12O16,5.9251000000000005
P2H8Br2,3.9898
P2H8I2,3.6789
P12H48N36,4.7672
P8H32N8O24,5.449400000000001
P8H40C8O24,5.935700000000001
P2H12N2O8,5.3544
P8H48S8N24,4.3523
P4H32N12O8,4.6915
P8H72N16O32,4.8765
P4H4N8,4.7372
P1H1Pb2F10,5.4789
P2H2Pb2O8,3.8626
P4H4S4F8,4.5687
P2I4,1.926699999999999
P2I6,2.2746
P2I2Cl12,1.7907000000000002
P4I4Cl32,1.6941000000000002
P4Ir4S4,1.8489
P20N20Cl40,4.018899999999999
P2N2F4,5.6175
P2N2O2,5.1181
P4Os4S4,0.944
P4Pb8I4O16,2.923
P4Pb4S12,2.3061
P4Pb4Se12,1.664499999999999
P8Pd8S8,1.014299999999999
P8Pd8Se8,0.9677
P6Rh6O24,0.9836
P4Rh4S4,1.3994
P4Rh4Se4,1.0834
P16Se16,2.2667
P4Se4Cl36,2.2607
P2W8Cl22,0.6111
P1W6Cl17,0.4337
P2W2O8F2,2.964
P4W4O20,1.8574
Pa1Ag1O3,0.915
Pa2Br6O2,1.749
Pa2Br8,0.182199999999999
Pa4Br20,1.9646
Pa2Cl8,0.155399999999999
Pa2Cl10,2.4189
Pa4H32N8F28,4.0907
Pa2In2O8,2.1708
Pa1Tl1O3,2.6427
Pb2Br4O12,3.6017
Pb2Cl4O12,4.3339
Pb4I8O24,2.6939
Pb4N8O24,3.5995
Pb26Br12O20,2.1245
Pb26Cl12O20,1.8938
Pb4Br2O2F2,2.3331
Pb8C4O16,3.4158
Pb4Cl2O2F2,2.568999999999999
Pb4I2O2F2,2.248199999999999
Pb8O4F8,2.851099999999999
Pb4S2O8F4,3.7963999999999993
Pb4S2O10,3.1338
Pb4Se2N4O18,3.245
Pb12Br8O8,2.3882
Pb12Cl8O8,2.4293
Pb12I8O8,2.2335
Pb12N8O32,2.111399999999999
Pb12O16,1.133
Pb6Se4Br4O12,2.832899999999999
Pb6Se4I4O12,2.633
Pb6Se2O10,2.4633000000000003
Pb20S4O32,2.703199999999999
Pb7Cl2F12,4.2229
Pb4Br8,2.657899999999999
Pb2Br2F2,2.617
Pb4C4N8,1.7030999999999992
Pb4C4O12,3.3293
Pb4Cl8,3.7939
Pb2Cl2F2,3.5519
Pb1F2,4.3938
Pb4F12,1.9078
Pb1F4,1.9022
Pb2I4,2.4455
Pb2O2,1.4635999999999991
Pb4S4,0.466699999999999
Pb2S4,0.083
Pb4S12O40,4.7879000000000005
Pb4S4O16,3.987
Pb1Se1,0.425699999999999
Pb4Se8O20,3.133899999999999
Pb8Se8O24,3.367199999999999
Pb4Se4O16,3.192299999999999
Pb4W4O16,2.9475
Pd2Au4F16,0.7023
Pd2N4O12,1.3005
Pd2Pb4Cl12,1.5378999999999992
Pd1S2Cl6,1.7553
Pd1Se6Br2,1.094
Pd4Se32Cl8,1.3609
Pd2Se4Cl12,1.7002000000000002
Pd4Xe8F64,1.3427
Pd24Se16S8,0.3222
Pd8Br16,0.9792
Pd6Cl12,1.5592
Pd2F6,1.0487
Pd2F8,0.6178
Pd4I8,0.9294
Pd2Pb4F12,1.1328
Pd2Pb2F8,1.099399999999999
Pd4S8,0.420999999999999
Pd16S16Cl16,0.9647
Pd2S2O8,0.962
Pd4Se8,0.4001
Pd2Se2O6,1.0589
Pm4W6O24,4.0407
Pm16O24,3.766599999999999
Pm4S6,2.4211
Pm8Se12,0.4855
Pm2Br6,2.8814
Pm2Cl6,3.5137
Pm1F3,4.774199999999999
Pm2I6,2.0525
Pm2Pa2O8,2.780699999999999
Pm4S8,0.4328
Pm1Tl1Te2,0.0662
Pr3Al9Br36,3.3673
Pr2B6O12,5.3984
Pr2C12N18,3.5795
Pr2Cd6P6,0.5144000000000001
Pr2Cl6O24,4.8980000000000015
Pr2Er6S12,1.014399999999999
Pr2H6O6,3.745299999999999
Pr2Ho6S12,1.021
Pr4I12O36,3.4024
Pr2Lu6S12,1.019299999999999
Pr8N24O72,3.1349
Pr2P6O18,5.4848
Pr2Tm6S12,1.0193
Pr2Y6S12,1.043799999999999
Pr2Zn6As6,0.0883
Pr2Zn6P6,0.028599999999999
Pr40S56O4,1.8114999999999992
Pr20S38,0.1936
Pr20Se38,0.556
Pr12Ge5S28,0.9346999999999992
Pr4Mo6O24,3.6545
Pr4S6O24,5.4024
Pr24Se36O108,3.6805
Pr8Au20F84,1.6510999999999991
Pr4Be4Ge2O14,4.273899999999999
Pr4Br10,0.281699999999999
Pr2C1N2O2,3.716999999999999
Pr4Cu2Ge4O16,0.6574
Pr4Eu2S8,0.472799999999999
Pr4Eu2Se8,0.5078
Pr4Fe2Cu2O12,0.3847
Pr4Fe2Sb2O14,1.7804000000000002
Pr4Hf6Mo18O72,3.6865
Pr8Hf4S20,1.0277
Pr4I10,0.1283
Pr4Mg2Pt2O12,2.0522
Pr2Mn2Se2O3,0.556499999999999
Pr4Mn2Ni2O12,1.6564
Pr8Mo4O24,2.327099999999999
Pr4N2Cl6,3.3939
Pr4Nb4S14O60,0.127699999999999
Pr4Ni2Pt2O12,1.8264
Pr16O24,3.8059
Pr8S12,0.7775000000000001
Pr2S1O2,2.859999999999999
Pr4S2O12,5.1158
Pr16Se24,1.475099999999999
Pr2Se1O2,2.1691
Pr8Si8O28,5.3706
Pr4Si4Pb2S16,2.4126
Pr4Si4Pb2Se16,1.8305
Pr8Si4Te4O16,2.084399999999999
Pr4Sn4O14,2.6358
Pr2Ta2Cl2O7,3.0662
Pr8Ta12Se8O32,1.0019
Pr16Te24,0.9258999999999992
Pr4Te8Mo2O28,3.266899999999999
Pr4Te8O22,3.3043
Pr2Te1O2,1.655599999999999
Pr8Te4O24,2.933099999999999
Pr8Th4S20,1.3807
Pr8Ti8O28,2.972899999999999
Pr2Ti2S2O5,0.841499999999999
Pr8Ti12Cl8O32,3.037099999999999
Pr8Ti4O20,3.3239
Pr8U4Se20,0.032099999999999
Pr4V2Fe2O12,1.113499999999999
Pr8W8O36,3.5096
Pr8W4O24,3.058
Pr4Zr4O14,3.462099999999999
Pr8Zr4S20,1.0437
Pr8Zr4Se20,0.7200999999999991
Pr6Ag2Ge2S14,1.8295
Pr6As2S10Cl4,2.161099999999999
Pr6B2W2O18,3.807799999999999
Pr6Bi8Au6,0.337099999999999
Pr6C2Br10,0.593399999999999
Pr12C4Cl20,2.425499999999999
Pr6Cu6Sb8,0.1792
Pr6Cu2Ge2S14,1.660299999999999
Pr6Cu2Ge2Se14,1.2189
Pr6Cu2Si2S14,1.2982
Pr6Cu2Si2Se14,1.363299999999999
Pr6Cu2Sn2S14,1.7779999999999991
Pr6Cu2Sn2Se14,1.216899999999999
Pr12Ga20O48,2.9055
Pr6Ga2O12,3.8735
Pr12Ge4P4O36,4.7801
Pr12In4Se24,0.6879000000000001
Pr12Lu8Ga12O48,3.6264
Pr12Mo4O28,0.016
Pr6Os2I6,0.172499999999999
Pr6Os2O14,0.1244
Pr6Re4O18,0.1243
Pr12Re4O32,1.8179999999999992
Pr6Ru2Br6,0.1713
Pr12S12N4,1.1501
Pr6Sb8Au6,0.506
Pr6Sb10O24,3.167999999999999
Pr6Sb2O14,2.7314
Pr12Sc8Fe12O48,2.384299999999999
Pr12Se12N4,0.976
Pr24Si16B8O80,4.7116
Pr6Si4Cl2O16,5.140499999999999
Pr6Si4S16Br2,2.6881
Pr6Si4S16Cl2,2.7409
Pr6Si4S16I2,2.5715
Pr6Si12N22,2.9904
Pr6Si2Ag2S14,1.7613
Pr6Si2Ag2Se14,1.4423
Pr18Si6Se12N18,2.09
Pr6Ta2O14,3.4185
Pr12V4Ge4O36,3.1255
Pr6W2Cl6O12,3.5317
Pr16As8S36,1.8339999999999992
Pr16As4Br4O32,3.9136
Pr16Cd4Ni4,0.0174
Pr16Cd4Pd4,0.0564
Pr16Ga8O36,3.8475
Pr16Ga4Sb4S36,2.1638
Pr32In8Sb8S72,2.1642
Pr8Mg10Ge12,0.1293
Pr8P2Cl2O16,4.4953
Pr16S12N8,1.5093
Pr8S6N2Cl6,3.0308
Pr8Se6O20F12,4.005800000000001
Pr8Se6N4,1.3742
Pr4Se3O4,1.315
Pr16Si8S12O28,2.5994
Pr16Si8Se12O28,2.3921
Pr16Te12N8,0.9055
Pr20C8Br32,0.7229000000000001
Pr5Ru2O12,0.192199999999999
Pr5As2Cl1O10,3.2745
Pr6Cd1Ge2S14,2.0313
Pr6Cd1Si2S14,1.8397
Pr6Co1Br10,0.0983
Pr6Ge3S14,1.3322
Pr6Ge3Se14,1.205799999999999
Pr6Ir1Cl11,0.6397
Pr6Mg1Ge2S14,2.022199999999999
Pr6Mn1Ge2S14,0.5528000000000001
Pr6Mn1Si2S14,1.098899999999999
Pr6Os1Br10,0.1947
Pr6Ru1Br10,0.2138
Pr12S6O4F16,2.6461
Pr24S16Br4N12,1.380199999999999
Pr12Si8S34,2.5448
Pr28B4P8O68,4.7201
Pr14C6Br20,0.102399999999999
Pr14C6I20,0.012199999999999
Pr7Co1I12,0.0192
Pr7Fe1I12,0.185499999999999
Pr16Br26N6O2,3.133299999999999
Pr32Sb8S60,1.8139999999999992
Pr18Al10S42,2.2704
Pr18Al10Se42,1.788399999999999
Pr18Ga10S42,1.6447
Pr2Ag2W4O16,3.095799999999999
Pr4Al4Ge8O28,3.575
Pr1Al1H6,2.0349
Pr2Al2O6,4.1325
Pr2As2O8,3.7516
Pr4As4S4,0.0095
Pr4As4Se4,0.1006
Pr2B4Cl2O8,5.0695
Pr6B6N12,2.1062
Pr4B4O12,4.6526
Pr4B4S12,2.4441
Pr1Bi2Br1O4,1.2269
Pr1Bi2Cl1O4,1.1244
Pr1Bi2I1O4,1.2196999999999991
Pr4Bi4O16,0.9319
Pr2Br6,3.429599999999999
Pr2Br2O2,4.462199999999999
Pr2Cl6,4.3454000000000015
Pr2Cl2O2,4.7029
Pr4Cr4O12,2.0419
Pr2Cr2O8,0.297199999999999
Pr2Cr2Te2O12,2.734099999999999
Pr1Cu1O2,2.3609
Pr4Cu4S8,1.0678
Pr4Cu4Se8,0.745499999999999
Pr8Er8S24,0.6393
Pr4Eu4Cu4S12,0.1145
Pr4Fe4Ge8O28,2.7903
Pr4Fe4O12,1.0793
Pr4Ga4Ge8O28,3.2204
Pr8H8Se16O48,3.529699999999999
Pr2H24N6O30,3.3467
Pr2H36Br6O36,4.4897
Pr1H3,0.1572
Pr4H24C12O36,3.4398
Pr4H4S4O20,5.622
Pr2H2Se2,1.9162
Pr2I6,1.9493
Pr2I2O2,3.6584
Pr2Lu2S6,0.784999999999999
Pr2Lu2Se6,0.4935
Pr4Mg4B20O40,5.9465
Pr2Mn2Ge2O10,1.9606
Pr4Mn4O12,0.057
Pr4Mo4Br4O16,2.1545
Pr2Nb2O8,3.754699999999999
Pr1Ni1Bi1,0.333799999999999
Pr2O2F2,4.437099999999999
Pr4P20O56,5.5951
Pr4P4O16,5.651599999999999
Pr8P8S8,0.2892
Pr8P8S32,2.2955
Pr2Pa2O8,2.7176
Pr4Pt4F28,2.4352
Pr2Rh2,0.1755
Pr4Rh4O12,0.6013000000000001
Pr4S8,0.346299999999999
Pr4S4Br4,2.842399999999999
Pr2S2F2,1.2541
Pr8S8I8,2.0481
Pr4S4O4,1.409
Pr4Sb4O16,2.2095
Pr2Sc6B8O24,4.389200000000001
Pr4Sc4O12,4.2605
Pr4Sc4S12,1.8377
Pr8Si8P24,0.2568
Pr2Ta6O18,3.1742
Pr4Ta4O16,3.579399999999999
Pr4Ta4Ti4O24,2.9822
Pr4Te4As4,0.099
Pr2Te2Cl2,0.421
Pr4Tl4Mo8O32,3.4692
Pr4Tl4P8Se24,1.8204999999999991
Pr2Tl2W4O16,3.330699999999999
Pr4Tl4P8S28,2.4484999999999992
Pr1Tl1Se2,1.2363
Pr1Tl1Te2,0.7130000000000001
Pr8Tm8S24,0.648099999999999
Pr4V8I4O36,2.5277000000000003
Pr4V4O12,1.301599999999999
Pr2V2O8,3.0336
Pr2Zn2P2O2,1.1635
Pr2Zn2Sb2O2,0.1208
Pt2S4Cl16,1.9198
Pt4S8O32,0.000399999999999
Pt12I32,0.8003999999999991
Pt12Br36,0.8929
Pt6Cl12,1.7917
Pt12Cl36,0.9465
Pt2F8,1.295399999999999
Pt4I8,1.2328
Pt4I12,0.3481
Pt8I32,0.7298
Pt2O4,0.6463999999999991
Pt1Pb1F6,1.971099999999999
Pt2S2,0.3848
Pt1S2,1.5467
Pt1Se2,0.6193000000000001
Pu8I4O40,0.054699999999999
Pu4Si2O20,0.7104
Pu4H32S8O48,0.1488
Pu4Te4S4O28,0.298799999999999
Rb2B12H12,5.5367
Rb4Ge12As12,0.7805000000000001
Rb4Nb24Cl60,0.966499999999999
Rb2Sb4Se8,1.1191
Rb4Sn12As12,0.5979000000000001
Rb8Sn16Se32,1.2091
Rb2W6O18,0.647799999999999
Rb12Sn2As6O1,0.3095
Rb56Si40O68,1.4904
Rb56Si24Ge16O68,1.342799999999999
Rb28Zn2Ge32,1.0649
Rb30W14N38,1.482199999999999
Rb4Nb6Br18,1.118399999999999
Rb4Nb6Cl18,1.074899999999999
Rb16P24Se48,1.5965999999999991
Rb8Re12S24,1.426899999999999
Rb8Re12Se24,1.035899999999999
Rb8Tc12Se24,0.899
Rb8Ag4As12Se24,1.4299
Rb4Ag4Ge2S8,1.907
Rb4Ag8S6,0.1922
Rb2Ag1As1Cl6,1.2354
Rb4Ag2Au6I16,0.746
Rb2Ag1Bi1Cl6,2.06
Rb8Ag4Br12,2.6666
Rb8Ag4Cl12,2.9649
Rb8Ag4I12,2.78
Rb2Ag1Mo1F6,2.6738
Rb4Ag2P2S8,2.2636
Rb2Ag1Rh1F6,1.390499999999999
Rb2Ag1Sb1Cl6,1.6275
Rb8Ag4Sb4S16,1.519
Rb8Al8B8O28,4.1788
Rb2Al2Sb2O7,3.5936
Rb2Al1Ag1F6,3.2492
Rb2Al1Tl1F6,5.3013
Rb4As4Pd2,1.1458
Rb4As4Pt2,0.4342
Rb4As6,0.3968
Rb8As4H20O24,3.973
Rb4B20H12O38,5.7894000000000005
Rb4B4Se14,1.7163
Rb8B16O28,4.7246
Rb8B28H20O56,5.1122
Rb8Ba4Nb8Se44,1.5628000000000002
Rb8Be8O12,2.455
Rb4Be4Si4O14,4.3938
Rb8Be12Cd8F48,5.3334
Rb8Be12Zn8F48,5.8392
Rb4Bi2Cl10O40,4.1067
Rb4Bi2I10O30,2.9609
Rb16Bi32O56,2.5644
Rb4Bi8Se14,0.7279999999999991
Rb8Bi4F20,4.3349
Rb2Br1Cl6F1,0.9202999999999992
Rb6C3N6,2.8228
Rb8C4O12,3.2867
Rb8Ca8S12O48,5.5135000000000005
Rb4Ca4Si6O18,4.133500000000001
Rb8Ca4V8O28,3.4941
Rb4Cd2I4Br4,3.171
Rb4Cd2P4Se12,1.7916999999999992
Rb8Cd8Mo12O48,4.1251
Rb8Cd8S12O48,3.7976
Rb4Cd4O6,1.0967
Rb8Cd12S16,1.8924
Rb8Cd12Se16,1.5237
Rb8Cd12Te16,1.4415
Rb4Cd2I8,2.8476999999999992
Rb8Cd4O8,1.3109
Rb8Cd4P8O28,3.485099999999999
Rb16Cd8Si40O96,4.1094
Rb16Cd8Si8O32,2.4877
Rb4Ce2N12O36,1.8696
Rb8Ce4Br20,0.319799999999999
Rb8Ce4Cl20,0.1385
Rb4Ce2O6,2.41
Rb8Co4Br16,0.7445
Rb8Co4Cl16,0.7331000000000001
Rb2Co1F6,1.179
Rb4Co2I8,0.557499999999999
Rb4Co2O6,0.575299999999999
Rb4Cr2Br4Cl4,0.3424
Rb8Cr8As8O36,2.2216
Rb4Cr4O14,2.765
Rb2Cr1Ag1F6,3.0253
Rb4Cr2Cl8,0.5668000000000001
Rb8Cr4F20,3.4227
Rb2Cr1F6,1.878099999999999
Rb8Cr4O16,3.1436
Rb4Cu2Br4Cl4,0.136599999999999
Rb8Cu8Sb8S20,1.1696
Rb4Cu6P8O28,0.607
Rb2Cu1Bi1Cl6,1.0756
Rb2Cu1Sb1Cl6,0.9004999999999991
Rb8Eu4Cl20,0.0114
Rb8Eu4F20,0.063
Rb8Eu4F20,0.076899999999999
Rb8Fe8As8O36,1.6391
Rb2Fe1F4,2.8943000000000003
Rb8Fe4F20,2.8688
Rb8Fe4O16,1.7002000000000002
Rb8Ga8B8O28,3.889199999999999
Rb4Ga4Ge6O20,3.2697
Rb2Ga1Ag1F6,2.4254
Rb16Ga8As16,0.8679999999999991
Rb16Ga8Sb16,1.045
Rb8Gd4Cl20,2.4944
Rb4Ge2S12O42,3.8101
Rb8Ge8S20,2.4577
Rb8Ge8Se20,1.54
Rb12Ge24O54,2.862
Rb8Ge4B16O36,4.2812
Rb2Ge1F6,5.807
Rb24Ge12O36,3.2916
Rb4Ge2S6,2.279899999999999
Rb4Ge2Se6,1.4969
Rb4H8Pd2,2.997
Rb4H8Pt2,3.2877
Rb4H2Br2O2,3.3099
Rb2Hf2O5,1.9412
Rb16Hf8S32,2.2537000000000003
Rb4Hg2B18Se18,1.9217
Rb2Hg2Pd1Br8,1.5753
Rb2Hg2Pd1Cl8,1.8952
Rb4Hg6Ge4S16,2.0942
Rb4Hg6Se8,1.0869
Rb8Hg12Te16,1.0898
Rb2Hg1F4,1.9382
Rb2Hg1O2,2.03
Rb16Hg8P8Se40,1.6232000000000002
Rb16In16Sb24,0.9657999999999992
Rb8In12F44,3.867
Rb2In4O7,1.4515999999999991
Rb2In1Ag1Cl6,1.293
Rb2In1Ag1F6,1.8555
Rb2In1Bi1Cl6,1.691599999999999
Rb2In1Ga1F6,3.2609
Rb2La10Co2I17,0.0464
Rb8La4Br20,3.4819
Rb8La4Cl20,4.1379
Rb8La4I20,2.7991
Rb4La2Nb10O30,1.8633
Rb2Li14Pb3O14,1.9342
Rb4Li4Ge2O8,3.3651
Rb4Li4Si2O8,3.8516
Rb4Li6Ga2O8,3.5182
Rb2Li1As1F6,4.5851
Rb4Li2As2O8,3.5526
Rb2Li1Bi1Cl6,3.6153999999999993
Rb2Li1Co1F6,2.8411
Rb2Li1Dy1Br6,4.1439
Rb4Li2Fe2F12,3.7234
Rb2Li1In1Cl6,2.8282
Rb2Li1In1F6,5.2622
Rb2Li1Lu1Cl6,5.2953
Rb2Li1Mo1F6,4.622999999999999
Rb8Li4Nb4S16,2.3505000000000003
Rb2Li1Rh1Cl6,1.6499
Rb2Li1Rh1F6,1.7225
Rb2Li1Sb1Cl6,2.9411
Rb2Li1Sc1Cl6,3.7539
Rb16Li8Sn32,1.087899999999999
Rb8Li4Ta4S16,2.8199
Rb2Li1Tl1Br6,0.5529000000000001
Rb2Li1Tl1F6,3.4666
Rb2Li1Tm1Cl6,5.2728
Rb4Li2V2O8,3.965
Rb4Li2V2S8,1.5836
Rb2Li1Y1Br6,4.042
Rb2Lu1Ag1Cl6,3.681
Rb8Lu4Cl20,5.0297
Rb8Mg8Mo12O48,4.3146
Rb8Mg8S12O48,5.6159
Rb2Mg1Cl4,0.0009
Rb8Mg4O8,2.311099999999999
Rb16Mg8Si40O96,4.7822
Rb8Mn4P16O48,4.559900000000001
Rb4Mn2P4S12,0.2352
Rb8Mn8S12O48,4.6386
Rb8Mn8Be12F48,5.1571
Rb4Mn6S8,0.387
Rb4Mn6Te8,0.2427
Rb2Mn1Cl4,1.2877
Rb2Mn1Cl6,1.2037
Rb2Mn1F4,3.0201
Rb2Mn1F5,1.5873
Rb4Mn2F12,3.2312
Rb4Mn2I8,2.091
Rb8Mn4O16,0.6351
Rb16Mn8Si40O96,3.1728
Rb8Mn4V8O28,2.6013
Rb4Mo2O4F8,3.484099999999999
Rb8Mo8P8O44,2.4189
Rb4Mo6O20,3.3978
Rb8Mo12P12O68,2.3576
Rb8Mo12S4O52,2.8832
Rb8Mo12Se12O64,2.6974
Rb4Mo6Se2O24,2.5069
Rb4Mo2As4O18,2.761
Rb4Mo2O8,4.5041
Rb8Mo4P8O36,3.0281
Rb8Mo4S16,1.5750000000000002
Rb8Mo4Se16,1.0392
Rb8Mo4Se4O24,3.1275
Rb16Na16Si8O32,3.2566
Rb8Na12In4O16,1.9079
Rb4Na8Co4O10,1.3561
Rb2Na1As1Cl6,3.1484
Rb2Na1As1F6,4.543
Rb2Na1Bi1Cl6,3.7342
Rb2Na1Bi1F6,4.9249
Rb2Na1Ce1F6,0.280199999999999
Rb2Na1Cr1Cl6,1.3631
Rb2Na1Cr1F6,4.1608
Rb2Na1Cu1F6,0.7354
Rb2Na1Dy1Cl6,5.1403
Rb2Na1Er1Cl6,5.1645
Rb2Na1Fe1F6,4.118600000000001
Rb2Na1Ga1F6,5.9026
Rb2Na1In1Cl6,3.0533
Rb2Na1In1F6,5.247199999999999
Rb2Na1Ir1F6,2.3345
Rb2Na1Lu1Cl6,5.1975
Rb4Na2Mn6F24,1.8271
Rb2Na1Mn1F6,1.678599999999999
Rb4Na2Mn2O8,1.811599999999999
Rb2Na1Mo1F6,4.1434
Rb2Na1Pd1F6,0.5886
Rb2Na1Rh1F6,1.957
Rb2Na1Sb1Cl6,3.052499999999999
Rb2Na1Sb1F6,4.124899999999999
Rb2Na1Sc1Cl6,3.9108
Rb2Na1Sc1I6,2.2079
Rb2Na1Tl1Br6,1.0102
Rb2Na1Tl1F6,3.6281
Rb2Na1Tm1Cl6,5.0572
Rb2Na1Y1Br6,4.191800000000001
Rb2Na1Y1Cl6,5.1042
Rb4Nb4P4S22,1.119099999999999
Rb4Nb6Cl14O10,2.2762
Rb4Nb2Ag2S8,2.1794
Rb4Nb2Ag2Se8,1.7584
Rb4Nb2Cu2S8,1.9749
Rb4Nb2Cu2Se8,1.639399999999999
Rb2Nb1F6,0.228299999999999
Rb8Nd4Br20,4.0291
Rb8Nd4Cl20,4.796
Rb8Nd4I20,3.090499999999999
Rb8Ni8S12O48,4.0383
Rb2Ni3S4,0.8026000000000001
Rb4Ni6Se8,0.2661
Rb4Ni2As4,0.5596999999999991
Rb2Ni1F4,3.7349
Rb2Ni1F6,2.421599999999999
Rb2Ni1O2,2.8076
Rb4Ni2P4,0.6448
Rb2Np1O4,0.271799999999999
Rb2O1,0.4534
Rb2O2,1.76
Rb4P4Pd2,1.265299999999999
Rb4P4Pt2,0.9318
Rb4P6,0.7643999999999991
Rb8P4H20O24,4.7546
Rb8P4O12F4,4.3183
Rb16P8S24,2.8545
Rb4Pa2F14,3.9698
Rb4Pb4O6,2.0393
Rb4Pb8O14,0.9863
Rb2Pb1Cl6,1.2605
Rb8Pb4O8,1.8864
Rb8Pb4O12,1.2741
Rb4Pd2N8O24,1.8294
Rb2Pd1S8O26,4.8909
Rb2Pd3S4,1.184899999999999
Rb4Pd6Se8,0.882599999999999
Rb2Pd1Br6,0.547899999999999
Rb2Pd1Cl4,1.7485
Rb2Pd1Cl6,1.2868
Rb2Pd1F6,2.2306
Rb2Pd1Se2,0.889
Rb8Pr4Br20,3.991799999999999
Rb8Pr4Cl20,4.8692
Rb8Pr4I20,3.0923
Rb2Pt3S4,1.4542000000000002
Rb2Pt1C2,1.136199999999999
Rb2Pt1Cl6,1.9459
Rb2Pt1F6,2.6581
Rb2Pt1I6,0.520999999999999
Rb2Pt1S2,1.2521
Rb2Pt1Se2,1.0034
Rb8Pu4Cl20,0.154399999999999
Rb4Pu2Cl12,0.1311
Rb2Re1F6,1.7687
Rb2S1,1.9632
Rb4S4O14,5.0586
Rb4S6,1.3433
Rb8S20,1.9539
Rb8S4O16,4.9943
Rb8Sb8O4F40,3.7721
Rb4Sb8O22,1.8332
Rb4Sb8S14,1.834
Rb8Sb32O52,2.5413
Rb8Sb4Au4S16,1.5876
Rb6Sb3Cl9F6,3.0086
Rb8Sb4F20,3.573399999999999
Rb6Sc3N15O45,3.0417
Rb2Sc1Ag1Cl6,3.2973
Rb2Sc1Ag1F6,3.2846
Rb2Sc1In1Cl6,2.6355
Rb2Sc1Tl1Cl6,3.4475
Rb2Se1,1.7968000000000002
Rb4Se4O14,3.0932
Rb4Se6,0.681199999999999
Rb2Se1Cl6,2.6051
Rb8Se4O16,3.6558
Rb4Si2S12O42,5.2544
Rb8Si8O20,4.0396
Rb8Si8Se20,2.3052
Rb4Si6Sn2O18,3.8147
Rb4Si2As4,0.9554999999999992
Rb24Si12O36,3.716299999999999
Rb4Si2P8O26,5.3551
Rb4Si2S6,2.8274
Rb8Sm4Br20,4.032599999999999
Rb8Sm4Cl20,4.8542000000000005
Rb2Sn1H12N6,2.5357000000000003
Rb16Sn16H24N8,1.157
Rb4Sn4Hg6S16,1.769499999999999
Rb2Sn2O3,1.219599999999999
Rb4Sn4Se10,0.843299999999999
Rb4Sn6Sb4S20,1.8255
Rb8Sn12O28,1.450599999999999
Rb16Sn32S72,1.6693
Rb4Sn2As4,0.680999999999999
Rb2Sn1Br6,1.3166
Rb2Sn1Cl6,2.5452
Rb2Sn1F6,5.1882
Rb2Sn1Hg1Te4,0.6905
Rb8Sn4O8,2.225199999999999
Rb4Sn2O6,2.121299999999999
Rb4Sn2Se6,1.6655
Rb4Sn2Te10,0.6872
Rb2Sr1P4O12,5.437200000000001
Rb4Sr2P4O14,4.712999999999999
Rb4Sr2V8O24,2.799699999999999
Rb4Ta2Ag2S8,2.5449
Rb4Ta2Cu2S8,2.3398
Rb4Ta2Cu2Se8,1.954899999999999
Rb4Ta2F14,5.6115
Rb8Tb40C16Br76,0.1554
Rb2Tc1Cl6,1.2635
Rb2Tc1I6,0.544999999999999
Rb2Te1,1.8766
Rb4Te2H24O20,3.0252
Rb4Te2W6O24,2.9664
Rb2Te2Pd1,0.5711
Rb2Te2Pt1,0.9276
Rb8Te12,0.6694999999999991
Rb2Te1Br6,2.101
Rb2Te1Cl6,2.6398
Rb4Te2I12,1.6225
Rb4Te2O6,3.5879
Rb2Te1Se4,0.9114999999999992
Rb8Th4As8O32,3.9186
Rb4Th2N12O36,3.6611
Rb8Th4P12Se36,1.3858
Rb8Th4Si24O60,4.8855
Rb8Th28Se60,1.3442999999999992
Rb4Ti2Ag4S8,1.5994000000000002
Rb4Ti2Cu4S8,1.660299999999999
Rb12Ti6Ge18O54,3.0665
Rb4Ti2Si12O30,3.5096
Rb4Ti2Si6O18,3.1316
Rb2Ti1Te3O12,1.6461
Rb2Ti1W3O12,2.8232
Rb4Ti8H6F42,4.4228
Rb4Ti8O18,3.0481
Rb2Ti6O13,2.6235
Rb2Ti1Cl6,2.1471
Rb8Ti4O12,3.864
Rb2Tl1Ag1F6,0.5523
Rb2Tl1As1F6,2.7163
Rb2Tl1Ga1F6,4.4038
Rb2Tl1In1Cl6,2.3962
Rb2Tl1In1F6,3.6593
Rb2Tl1Mo1F6,3.848499999999999
Rb2Tl1Rh1F6,1.9393
Rb2Tl1Sb1Cl6,1.955099999999999
Rb2Tm1Ag1Cl6,3.4255
Rb8Tm4Cl20,4.9769000000000005
Rb16U8Mo16O80,2.3085
Rb8U4Si24O60,0.569199999999999
Rb4U2Si8O24,2.4493
Rb4U4O14,1.6672
Rb16U16W8O80,1.9222
Rb2U3I4O20,1.9066
Rb2U3Te2O14,1.851299999999999
Rb8U12P24O100,2.117099999999999
Rb8U4Br20,0.504699999999999
Rb8U4Cl20,0.105799999999999
Rb8U4Cr8O40,2.125499999999999
Rb8U4F28,1.3551
Rb8U4F28,0.472499999999999
Rb2U1O4,1.8996
Rb8V4P8O32,2.9669
Rb4V4Si16O42,2.913299999999999
Rb4V6O16,2.0914
Rb4V2Ag2S8,1.3323
Rb4V2Ag2Se8,1.0307
Rb4V2Cu2S8,1.2439
Rb2V1F6,0.7661
Rb2W1O2F4,3.1963
Rb4W4O14,2.4023
Rb4W6Se2O24,3.0758
Rb4W2O8,4.511
Rb8W4S16,1.9936
Rb8W4Se16,1.3613
Rb6Y3N15O45,3.3354
Rb2Y1Ag1F6,2.8977
Rb4Zn6P8O28,4.1684
Rb4Zn6O8,1.4122
Rb4Zn6S8,2.5887
Rb4Zn10As8,0.101599999999999
Rb24Zn12Br48,3.7094
Rb24Zn12Cl48,4.7714
Rb2Zn1F4,4.3870000000000005
Rb16Zn8Ge8O32,2.8121
Rb8Zn4H16,4.0139
Rb4Zn2I8,3.1121
Rb16Zn8O16,1.792399999999999
Rb2Zr1I6O18,3.4210000000000003
Rb4Zr6O2F24,5.3336
Rb2Zr1Cl6,3.5620000000000003
Rb8Zr4O12,3.538599999999999
Rb16Zr8S32,1.9971
Rb8Zr4Te12,0.498499999999999
Rb48Ag16O32,1.5162
Rb6Ag2Sn6Se16,1.3666
Rb6Al4P6O24,4.4183
Rb6Al2O6,2.651399999999999
Rb12As44,1.553599999999999
Rb48As112,1.5816
Rb3As1F6,4.2827
Rb12As4Se16,1.3144
Rb6Au6Cl16,0.8124
Rb3Au1O1,0.197899999999999
Rb12B4S12O48,5.1563
Rb12B4Se12O48,3.0595
Rb6B2As4,1.2941
Rb6B2P4,1.5859
Rb12B4S12,2.5462
Rb12Bi8Br36,2.818
Rb12Bi8I36,2.4754
Rb24Bi8Br48,3.385799999999999
Rb3Bi1Cl6,4.1433
Rb12Bi4O12,3.1021
Rb12Bi4Se12,1.7768000000000002
Rb12Cd4B20O40,3.7196
Rb12Ce4P8Se32,0.2138
Rb12Cl4O4,1.223399999999999
Rb3Co1F6,2.9106
Rb3Cr1F6,4.3963
Rb6Cu4Bi10S20,0.8123
Rb12Cu20O16,1.580299999999999
Rb12Cu4O8,1.4422
Rb3Dy1P2O8,4.6484
Rb12Dy4Cl24,5.0086
Rb3Dy1F6,5.906000000000001
Rb3Dy1V2O8,3.392
Rb3Er1P2O8,4.6168
Rb12Er12P16S64,2.2842
Rb6Er14S24,1.94
Rb12Er4Cl24,4.9926
Rb3Er1F6,5.9394
Rb3Er1V2O8,3.3909
Rb3Fe1F6,4.0898
Rb12Fe4O12,0.4919
Rb3Ga1F6,5.6871
Rb6Ga2O6,2.4181
Rb48Ga16P32,1.1643
Rb3Gd1V2O8,3.2957
Rb6Ge8Au2,0.9115
Rb6Ge2P2Se14,1.5629
Rb6H2S4O16,5.251099999999999
Rb6H2Se4O16,3.4013
Rb6H24N10,1.7749
Rb3Ho1P2O8,4.7154
Rb12Ho4Cl24,4.9849
Rb3Ho1V2O8,3.364499999999999
Rb18I6O6,0.633999999999999
Rb12I4O20,1.3488
Rb12I4O20,1.9552
Rb3In1I6O18,2.9749
Rb24In8P16O64,3.4028
Rb3In1Cl6,3.6985
Rb3In1F6,5.1243
Rb12In4O12,2.2405
Rb24In8P16,0.507099999999999
Rb6In2S6,2.2673
Rb12La12B16O48,3.8383
Rb6Li2Pb8,0.6894
Rb3Lu1P2O8,4.6991
Rb12Lu4Cl24,1.3029
Rb3Lu1F6,5.977399999999999
Rb12Lu4O12,2.5103
Rb3Lu1V2O8,3.347
Rb6Mn2Br10,2.676999999999999
Rb12Mn4O12,1.3497
Rb6Mo24P2O80,2.2651
Rb6Mo4Cl18,0.1007
Rb3Mo1F6,3.3404
Rb3Na1Mo2O8,4.5827
Rb3Na1Ru2O8,0.5102
Rb12Na4Pb4O16,1.6632
Rb6Na2Re4O18,1.7859
Rb12Na4Ti4O16,3.2914
Rb6Nb4As2Se22,1.181199999999999
Rb12Nb8S44,1.5349
Rb18Nb30P12O114,2.8452
Rb6Nb12S2Br34,0.5826
Rb3Nb1O8,2.3443
Rb12Nb4S16,2.4982
Rb12Nd8N36O108,3.4577
Rb12Ni8N28O84,2.9288
Rb12Np4H16O28,1.511099999999999
Rb6Np2H16O18,1.6067
Rb6Os4Br18,0.4873
Rb12P44,1.9328
Rb24P24H40N8,2.135599999999999
Rb12P24N44,4.0576
Rb12P4O16,3.664799999999999
Rb12P4S16,2.8787000000000003
Rb6Pd2F10,2.3374
Rb12Pr8N36O108,3.416
Rb6Pr6P8S32,2.324899999999999
Rb12Pu4H16O28,1.2382
Rb3Rh1F6,2.182899999999999
Rb6Sb2,0.0878
Rb3Sb2Au3,1.222
Rb12Sb8Br36,2.149
Rb12Sb8I36,1.9237
Rb12Sb20O56,1.433799999999999
Rb12Sb4O12,3.199999999999999
Rb12Sb4S12,2.4154
Rb12Sb4S16,2.022799999999999
Rb12Sb4Se12,1.9999999999999991
Rb12Sb4Se16,1.444799999999999
Rb48Sc32As48O192,3.8122
Rb6Sc4Br18,2.929699999999999
Rb3Sc1Cl6,4.080999999999999
Rb3Sc1V2O8,3.118
Rb6Sm2P4S16,2.1861
Rb6Sn8Au2,0.581299999999999
Rb12Sn4P12Se44,0.8838
Rb12Ta8Ag4Se48,1.423499999999999
Rb6Ta4As2S22,1.8938
Rb12Ta8S44,1.693299999999999
Rb24Ta40O112,3.7003
Rb12Ta4S16,2.8993
Rb12Tb4Cl24,4.9842
Rb3Tb1V2O8,3.3869
Rb12Ti12P20O80,2.599
Rb12Ti12Te44,0.0809
Rb6Ti2F14,3.037
Rb3Tl1Br6,1.5276
Rb12Tl4Cl24,2.4291
Rb3Tl1F6,3.7795
Rb12Tl4O12,1.460799999999999
Rb3Tm1P2O8,4.6396
Rb6Tm2S6O24,5.3522
Rb6Tm4Cu8Br26,1.9122
Rb12Tm4Cl24,5.0013
Rb3Tm1F6,5.9785
Rb3Tm1V2O8,3.3826
Rb12U8Ge8O44,0.194599999999999
Rb6U6Ge4O26,0.472
Rb3V5O14,2.2424
Rb12V4S16,1.7482000000000002
Rb12W8N20,2.0386
Rb3Y1P2O8,4.705
Rb12Y8B12O36,4.1682
Rb12Y4Cl24,5.0164
Rb3Y1F6,5.8525
Rb3Y1V2O8,3.3415
Rb3Yb1F6,5.9958
Rb12Zn4B20O40,4.314
Rb6Zr4P10S36,1.8916
Rb6Zr12Be2Cl30,0.9403
Rb8B18S18,3.1398
Rb16Al8S20,3.015399999999999
Rb8Au12S10,1.6880000000000002
Rb16B8S16O68,5.291
Rb8Ba2V12O36,3.0652
Rb8Cd2Br12,3.189899999999999
Rb8Cd2Cl12,3.9341
Rb16Cu20Cl36,1.903299999999999
Rb4Cu1Si2O7,0.7041000000000001
Rb16Fe4O16,0.581499999999999
Rb8Ge2P8S24,2.1162
Rb16Ge4P16Se48,1.3687
Rb8Ge6B12O34,3.855599999999999
Rb16Ge36H60N20,2.0492
Rb16Ge4O16,2.8624
Rb16H16C12O40,4.0447
Rb8H12C4O18,4.0976
Rb8Hf6S28,1.7241
Rb16Hg20Te52,0.868799999999999
Rb4I2O1,0.6163000000000001
Rb4In1Sb1Cl12,1.033599999999999
Rb8Mg6H20,3.653699999999999
Rb8Mn2As4S16,1.082099999999999
Rb8Mn2Mo6O24,3.128399999999999
Rb8Mo10P4O44,3.3712
Rb16Nb8S40O4,1.631099999999999
Rb4Nb2Si8O23,3.7154
Rb8P42I2,1.3468
Rb8P4Pb2Se16,1.669
Rb8P4Se18,1.4612
Rb16Pb36,0.391399999999999
Rb8Pb2Br12,3.901099999999999
Rb32Pb8O24,2.2987
Rb16Pb4O16,1.5892
Rb8Re12S26,1.4373
Rb16Sb8O20,2.4371
Rb16Si4O16,2.7076
Rb8Sn42Hg4,0.2126
Rb8Sn2O6,2.083999999999999
Rb8Sn2O6,1.5106000000000002
Rb8Sn2O8,2.1626
Rb32Sn8S32,2.417
Rb24Sn6Sb36,1.062999999999999
Rb8Tc12S26,0.9722
Rb16Te32O92,1.198599999999999
Rb8Th2Mo8O32,3.6984
Rb8Ti4P12Se50,1.1898
Rb8Ti6S28,1.242899999999999
Rb16Ti4O16,3.0341
Rb4Tl1Sb1Cl12,0.919
Rb8U6As4O32,1.9191999999999991
Rb8U2C6O22,2.167799999999999
Rb8V4S8O38,2.0238
Rb24W6O30,2.9242
Rb32Zn8Mo24O96,4.068899999999999
Rb8Zr6Se28,1.4843
Rb8Zr6Te32,0.7044
Rb4Zr6C1Cl18,1.265199999999999
Rb10Co4O8,1.106599999999999
Rb10Au6O4,0.8081
Rb10B38O62,5.2852
Rb10Er2Mo8O32,4.061100000000001
Rb40Fe8O32,1.872799999999999
Rb40Ga8O32,2.1824
Rb20Ge4P12,0.8487
Rb10In2Mo8O32,3.613299999999999
Rb30Mo18O18F84,1.1405
Rb10Nb6O2F36,3.985299999999999
Rb10Re6S14,1.6441
Rb20Si4As12,0.7647
Rb10Si2H2O10,2.5914
Rb10Sn2P6Se30,1.0812
Rb20Ta4Tl8As16,1.5088
Rb10Tc6S14,1.136
Rb20Th4P12S48,2.0715
Rb10Ti12Ag2Se54,0.5503
Rb10Ti2Sb14O44,1.6305
Rb20V12O40,3.0511
Rb10Zr8F42,5.7671
Rb12Al2Sb6,0.2825
Rb12Br8O2,1.5308000000000002
Rb12Cd2O8,1.291
Rb12Cl8O2,1.6658
Rb12Co4O14,1.152699999999999
Rb12Ge4O14,2.8402000000000003
Rb12Hg2S8,1.595
Rb12Hg2Se8,1.3449
Rb12In2P6S28,1.7000000000000002
Rb6Si10O23,4.468400000000001
Rb12Si4O14,3.139
Rb24Sn8S28,2.3521
Rb12Ta8S50,1.4868
Rb12Te4O18,0.923
Rb12Ti4O14,3.4079
Rb12U2Mo8O36,2.3665
Rb24U8Cu48S60,0.490799999999999
Rb24U20V8O92,1.7881
Rb12V12P12O62,0.986699999999999
Rb7Au5O2,0.626799999999999
Rb28Na4Ge32,1.3412
Rb28Na4Si32,1.6935
Rb14Na2Zn4O12,1.5706
Rb14Nb2As8,0.767899999999999
Rb14Th4P12Se42,1.0989
Rb7Th6F32,0.9456
Rb28V4Si4O32,2.4409
Rb32Al4Au12O16,1.4024
Rb16Cu12As16S38,1.2793
Rb16Fe4O14,1.608699999999999
Rb8Hf1Mo6O24,3.9993
Rb16Nb12H56O66,3.6022
Rb8Nd1As4S16,0.0392
Rb8Ta6O19,3.4925
Rb8Zr1Mo6O24,3.8611
Rb8Zr6B1Br20,0.089999999999999
Rb8Zr6Be1Br20,0.9719
Rb8Zr6Mn1Br20,0.1599
Rb18Fe14P20O80,2.397999999999999
Rb1Ac1Te2,0.9157
Rb4Ag4N8O24,2.5282
Rb4Ag4P8O24,2.9292
Rb4Ag8As12Se24,1.201299999999999
Rb3Ag6Sb3S12,0.617799999999999
Rb2Ag6Se4,0.0612
Rb2Ag6Te4,0.2827
Rb6Ag30S18,0.7669
Rb4Ag4O4,1.4174
Rb2Ag2O4,1.0399
Rb4Ag4Se16,1.1614
Rb2Al2H16N8,2.6557
Rb1Al1Mo2O8,3.8624
Rb1Al1S2O8,5.4928
Rb2Al22O34,4.7302
Rb2Al6P12O40,5.4386
Rb2Al2As4O14,3.0281
Rb4Al4Br16,4.0935
Rb4Al4Cl16,5.2186
Rb4Al4H16,5.1411
Rb2Al2Ni2F12,5.4374
Rb2Al2O4,3.3716
Rb2Al2Si6O16,4.9009
Rb4Al4Si4O16,4.3806
Rb8As8,0.5879000000000001
Rb8As16H40O64,3.9867
Rb1As4H3O12,2.7692
Rb1As1F6,5.068799999999999
Rb4As4O8,3.8821
Rb4As4O4F16,3.7404
Rb8As8Se16,1.6541
Rb1Au1,0.369899999999999
Rb1Au1I4O12,2.1073
Rb1Au1S2O8,1.7149
Rb1Au1Se2O8,1.426699999999999
Rb1Au3Se2,1.7326
Rb2Au2Br6,0.7293000000000001
Rb2Au2Br8,1.4772
Rb2Au2Cl8,1.9363
Rb2Au2F8,2.4513
Rb2Au2I6,0.7061000000000001
Rb4Au4O4,1.4283
Rb2Au2O4,1.4611
Rb2Au2S2,1.9946
Rb2Au2Se2,1.7116
Rb6B6O12,3.9289
Rb6B6S12,2.8318000000000003
Rb4B4S12,2.4085
Rb4B4Se12,1.6569
Rb4Ba8Br20,4.364
Rb4Ba8I20,3.7766
Rb2Ba8Sb6O2,0.9417
Rb4Ba4Mn4O16,1.8112
Rb4Ba4P4O16,4.995900000000001
Rb4Ba4P4S16,2.2671
Rb4Ba4Ta4S16,2.4747
Rb4Ba4V4Se16,1.245
Rb2Be4P6O20,5.6347000000000005
Rb4Be16B12O36,5.1736
Rb4Be4P4O16,4.9629
Rb16Bi16,0.386199999999999
Rb4Bi4Mo8O32,3.0808
Rb2Bi6F20,4.3868
Rb4Bi12Se20,0.984
Rb2Bi8Se14,1.0521
Rb1Bi1F6,2.6387
Rb2Bi2O4,2.1259
Rb1Bi1S2,1.339
Rb1Br1,4.192
Rb2Br2F8,3.7733
Rb2Br2F8,3.0972
Rb1Br1O3,3.9953
Rb12C24N36,3.653
Rb2C2N2O2,4.5721
Rb4C4O8,2.941
Rb2Ca2H12N6,1.8986
Rb2Ca2As2,1.2985
Rb4Ca4Br12,4.2996
Rb2Ca2Cl6,5.3844
Rb4Ca4I12,3.598499999999999
Rb2Ca2Sb2,1.4979
Rb2Ca2Zr2F14,5.856199999999999
Rb4Cd4B12O24,3.8078
Rb4Cd4Br12,2.7536
Rb4Cd4Cl12,3.5562
Rb1Cd1F3,3.1745
Rb4Cd4Ge4As8,0.7365
Rb1Ce1S2,0.0339
Rb1Ce1Se2,0.0478
Rb1Cl1,4.8388
Rb4Cl4O16,5.4759
Rb2Co2Ni2F12,0.9368999999999992
Rb4Cr4S8O32,2.9234
Rb4Cr8Bi4O32,2.4169
Rb4Cr8Fe4O32,1.9996
Rb2Cr6O16,1.8319
Rb1Cr5S8,0.284699999999999
Rb1Cr5Se8,0.0152
Rb2Cr2Co2F12,2.1763
Rb4Cr4F20,0.178699999999999
Rb1Cr1F6,1.416399999999999
Rb2Cr2Ni2F12,3.227999999999999
Rb1Cr1O2,2.7996
Rb4Cr4P8O28,2.9787
Rb1Cr1Se2,1.0185
Rb4Cu4P12O36,0.8580999999999991
Rb2Cu4Br6,1.6395
Rb4Cu4Cl12,0.185899999999999
Rb4Cu4O4,0.9215
Rb2Cu2O4,0.9136
Rb2Cu2Pd2Se10,0.9071
Rb4Cu4Se16,1.0105
Rb8Cu8Sn8S24,0.5314999999999991
Rb4Dy4Mo8O32,3.6073
Rb4Dy4S8O32,5.719399999999999
Rb4Dy4W8O32,3.461799999999999
Rb2Dy4Ag6Te10,1.0526
Rb4Dy8Cl28,4.5264
Rb2Dy4Cu2Se8,0.9249
Rb1Dy1O2,3.602
Rb4Dy4P8O28,4.9848
Rb1Dy1S2,2.3216
Rb4Er4Mo8O32,3.6024000000000003
Rb2Er2W4O16,3.4478
Rb4Er8Cl28,4.5826
Rb2Er4Cu6S10,1.491
Rb2Er4Cu6Se10,1.1477
Rb1Er1O2,3.6429
Rb4Er4P8O28,5.0563
Rb1Er1S2,2.3521
Rb1Er1Se2,1.9769
Rb1F1,5.5244
Rb4F12,2.1173
Rb1Fe1Mo2O8,2.3779
Rb1Fe1S2O8,2.1651
Rb4Fe8F24,1.5418
Rb4Fe4Br16,1.0312
Rb4Fe4F16,2.4958
Rb4Fe4I16,0.5942000000000001
Rb4Fe4O8,1.5864
Rb4Fe4P8O28,2.5011
Rb1Ga1Se2O8,2.5128
Rb2Ga4P10O32,4.4174
Rb3Ga9,0.147199999999999
Rb4Ga12S20,2.8639
Rb4Ga4Ag4F24,0.090799999999999
Rb4Ga4Br16,3.2656
Rb4Ga4Cl16,4.4079
Rb4Ga4H8,1.347299999999999
Rb4Ga4H16,4.7789
Rb2Ga2O4,2.4653
Rb8Ga8S16,2.8587
Rb8Ga8Sn8Se32,1.378099999999999
Rb4Gd4Mo8O32,3.1143
Rb4Gd4P16O48,3.4649
Rb2Gd2W4O16,1.2857
Rb4Gd8Cl28,2.6207000000000003
Rb2Gd4Cu2Se8,0.7781
Rb2Gd6F20,4.3883
Rb1Gd1O2,3.0036
Rb1Gd1S2,1.7435
Rb4Gd4S8O36,0.827499999999999
Rb1Gd1Se2,1.033899999999999
Rb2Gd2Te8,0.032599999999999
Rb32Ge32,1.004399999999999
Rb2Ge4N6,1.0881
Rb4Ge4Bi4S16,1.9729
Rb2Ge2Br6,3.123799999999999
Rb2Ge2Cl6,3.7529
Rb1Ge1I1O6,2.4295
O40Ge8Rb8Sb8,2.177699999999999
Rb1H1,2.9163
Rb2H4I6O18,3.5083
Rb4H8C4N20,4.1362
Rb2H4N2,1.9074
Rb4H8O4F4,5.3401
Rb4H12S8O32,5.6712
Rb4H12Se8O24,4.1504
Rb2H6O4,4.2519
Rb2H2O2,3.3341
Rb2H2S2,3.0844
Rb4H4S8O28,5.255599999999999
Rb8H8S8O32,5.5303
Rb4H4Se4O16,3.624399999999999
Rb2Hf4Br18,3.139
Rb2Hf2Ag2Te6,0.319399999999999
Rb2Hf2Cd2F14,4.9805
Rb1Hg5Cl11,2.6342
Rb1Hg1F3,0.6454000000000001
Rb4Hg4Sb4Se12,1.073699999999999
Rb2Hg2Sb2Te6,0.5502
Rb4Ho4Mo8O32,3.6249
Rb2Ho2W4O16,3.4066
Rb4Ho8Cl28,4.547099999999999
Rb2Ho4Cu6S10,1.4733
Rb1Ho1O2,3.625099999999999
Rb4Ho4P8O28,4.9733
Rb1Ho1S2,2.3355
Rb1Ho1Se2,1.958699999999999
Rb1I1,3.7765
Rb4I4O8F8,4.2045
Rb4I12,1.6271
Rb1I1O3,2.8369
Rb2I2O8,2.493999999999999
Rb1In1Mo2O8,3.9692
Rb4In12O20,1.424
Rb3In9S15,1.1785
Rb4In4As8O28,2.5506
Rb4In4Br16,2.9272
Rb2In2Cl6,1.677299999999999
Rb6In6I24,2.6023
Rb4In4P8O28,3.8119
Rb8In8S16,2.4133
Rb8In8Se16,1.646199999999999
Rb2In2Te4,1.1111
Rb2In2Te6O16,3.0269
Rb2La2Mo4O16,3.8742
Rb4La4Se8O32,3.5194
Rb2La2W4O16,3.7897
Rb1La1O2,3.522
Rb1La1S2,2.685699999999999
Rb1La1Se2,2.32
Rb4La4Si4S16,2.7894
Rb4Li4H16N8,2.6836
Rb4Li8I12O36,3.8158
Rb2Li14Si4O16,4.8727
Rb8Li8B32O56,5.1405
Rb2Li2Cr2O8,2.9916
Rb2Li2Mo2O8,4.5325
Rb2Li2S2,2.745
Rb4Li4S4O16,5.3396
Rb2Li2Se2,2.3089
Rb4Li4Zn8O12,2.0623
Rb1Li1Zn1S2,2.5255
Rb2Lu2S4O16,5.8838
Rb2Lu2W4O16,3.3097
Rb1Lu1O2,3.693099999999999
Rb4Lu4P8O28,5.1811
Rb1Lu1S2,2.3998
Rb1Lu1Se2,2.0299
Rb4Mg4B4O12,4.3738
Rb4Mg4Cl12,4.7503
Rb6Mg6H18,2.540499999999999
Rb12Mg12P12O48,4.6422
Rb4Mn16As12O48,1.722999999999999
Rb2Mn12As14O48,1.4179
Rb6Mn6Br18,1.2358
Rb6Mn6Cl18,1.3133
Rb1Mn1Cu1S2,0.1549
Rb1Mn1F3,2.943699999999999
Rb4Mn4F16,2.3279
Rb16Mn16N32,0.049599999999999
Rb4Mn4O16,2.137099999999999
Rb4Mn4P8O28,1.1481
Rb8Mn8V8O32,2.7318
Rb4Mo8P12O52,2.2787
Rb4Mo12Br28,2.2939
Rb4Mo12Cl28,2.5766
Rb4Mo4I4O24,2.6081
Rb4Mo4P8O28,2.8783000000000003
Rb4Mo4P4O24,2.8368
Rb2N6,4.1608
Rb3N3O6,2.078799999999999
Rb1N1O3,3.0415
Rb2Na4Au2O4,2.1025
Rb2Na4B2O6,2.9275
Rb8Na24Sn8O32,2.3483
Rb8Na40W16N48,1.85
Rb2Na10Be16O22,3.8053
Rb1Na7Co2O6,0.2889
Rb4Na32Ga12As24,0.4329
Rb4Na32Ga12P24,0.903999999999999
Rb1Na1Cd3O4,0.4397
Rb2Na2S2,2.2945
Rb4Na4Si8O20,4.4435
Rb8Na8Sn8F48,5.148199999999999
Rb2Na2Ti2O6,3.462499999999999
Rb10Nb10B20O60,3.4532
Rb2Nb4P2S20,1.5518
Rb2Nb4P2Se20,0.912999999999999
Rb4Nb12Te8O48,2.403299999999999
Rb2Nb2Cl12,2.2919
Rb12Nb12Ge12O60,3.075799999999999
Rb16Nb16N32,1.8791
Rb4Nb4O12,3.3093
Rb4Nb4S8O36,2.7814
Rb12Nb12Si12O60,3.2531
Rb2Nb2Te2O12,2.274499999999999
Rb4Nb4V8O32,2.5161
Rb2Nb2W2O12,2.929999999999999
Rb4Nd4Mo8O32,3.6992
Rb6Nd6P24O72,5.4935
Rb2Nd2W4O16,3.387099999999999
Rb2Nd4Cu2S8,0.9387999999999992
Rb1Nd1O2,3.426
Rb1Nd1S2,2.2617
Rb1Nd1Se2,1.8958
Rb1Nd1Te2,1.299399999999999
Rb2Nd2Te8,0.1721
Rb4Ni16P12O48,3.8278
Rb2Ni2Br6,0.4723
Rb2Ni2Cl6,0.7089000000000001
Rb6Ni6F18,4.6929
Rb2Np2N6O22,0.097199999999999
Rb4Os8O36,0.7619
Rb4P4H8O8,5.1547
Rb2P2H4O8,5.2369
Rb4P4O8F8,5.2038
Rb2P30,1.5046
Rb2P4H10O16,5.6472
Rb4P8W4O32,3.485
Rb8P24Pb8O72,4.6086
Rb4P16N28,3.917399999999999
Rb4P4O12,5.1119
Rb4P4Pb4S16,2.3703
Rb2P2S6,1.8376
Rb6P6Se18,1.122999999999999
Rb4P4Se24,1.8728999999999991
Rb2Pa2F12,3.984
Rb1Pa1O3,3.000999999999999
Rb16Pb16,0.5688
Rb2Pb2Br6,2.8211
Rb2Pb2Cl6,3.263
Rb4Pb4F12,4.5758
Rb4Pb4I12,2.4518
Rb2Pb2I2O12,1.3747
Rb2Pr2Mo4O16,3.9205
Rb4Pr4Se8O32,3.4666
Rb2Pr2W4O16,3.463199999999999
Rb8Pr16Cl56,4.367100000000001
Rb1Pr6C2I12,0.1662
Rb1Pr1O2,3.3978
Rb1Pr1S2,2.2686
Rb1Pr1Se2,1.8997
Rb2Pr2Te8,0.1932
Rb2Pt4Se6,1.006
Rb4Pu4P8S28,0.2374
Rb2Re6Br20,0.9991
Rb6Re6Cl24,1.0827
Rb2Re2O8,3.7933
Rb1Ru1F6,1.1801
Rb6S6,1.5781
Rb4S4F20,4.7124
Rb4S4O12F4,5.1068
Rb8Sb8,0.7347
Rb2Sb4,0.267599999999999
Rb8Sb16Au24S40,1.1498
Rb4Sb8F28,4.2672
Rb4Sb8P4O32,2.266299999999999
Rb4Sb12Se20,0.6848999999999991
Rb2Sb2Br2F6,3.7548
Rb2Sb2Cl12,2.0641
Rb1Sb1F6,4.8849
Rb2Sb2Mo2O12,2.4282
Rb2Sb2O4,2.2483
Rb4Sb4S8,1.9492999999999991
Rb4Sb4Se8,1.5375
Rb2Sb2W2O12,0.0001
Rb1Sc1Mo2O8,3.6046
Rb1Sc1S2O8,4.2794
Rb2Sc2W4O16,3.1431
Rb2Sc6F20,5.5636
Rb1Sc5Te8,0.3281
Rb4Sc4As8O28,3.5429
Rb2Sc2F8,5.9581
Rb2Sc2O4,3.452399999999999
Rb6Se6,0.9245
Rb32Si32,1.412499999999999
Rb4Si4Bi4S16,2.0549
Rb2Sm2C4O12,4.197599999999999
Rb4Sm4Mo8O32,3.6776
Rb2Sm2P8O24,5.2964
Rb4Sm4Se8O32,3.4408
Rb2Sm2W4O16,3.448399999999999
Rb2Sm4Ag6Se10,1.049599999999999
Rb2Sm4Ag6Te10,1.028499999999999
Rb4Sm8Cl28,4.4664
Rb2Sm4Cu2S8,1.039999999999999
Rb2Sm4Cu2Se8,0.914899999999999
Rb4Sm4Ge4Se16,1.6011000000000002
Rb1Sm1O2,3.4884
Rb1Sm1S2,2.2721
Rb1Sm1Se2,1.899
Rb1Sm1Te2,1.316399999999999
Rb16Sn16,0.877899999999999
Rb2Sn4P6O24,3.3458
Rb8Sn8As8O40,2.0723
Rb4Sn4Br12,2.5418000000000003
Rb2Sn2Cl6,3.542399999999999
Rb2Sn2Cl6,2.3264
Rb16Sn16F48,3.689899999999999
Rb4Sn4I12,2.0077
Rb2Sn2I2O12,2.1663
Rb16Sn16S64,1.4729
Rb4Sr4B12H48,5.242800000000001
Rb4Sr8Br20,4.279
Rb4Sr8Cl20,5.2035
Rb2Sr2I6,4.0221
Rb2Ta2B4O12,3.4509
Rb2Ta2Cu4Se8,1.7333
Rb4Ta4Cu8Te16,1.198
Rb1Ta1P2O8,3.3485
Rb4Ta12Te8O48,2.8998
Rb2Ta2Cl12,2.8956
Rb12Ta12Ge12O60,3.6393
Rb2Ta2Ge2S10,0.9222999999999992
Rb16Ta16N32,2.6476
Rb4Ta4O12,3.5412
Rb16Ta16P16S96,1.7462
Rb4Ta4Ti4O20,3.0092
Rb4Ta4V8O32,2.8144
Rb2Tb2Mo4O16,3.183
Rb4Tb4P16O48,5.5062000000000015
Rb2Tb2W4O16,3.4143
Rb2Tb4Ag6Te10,1.0504
Rb4Tb8Cl28,4.6652000000000005
Rb4Tb4P8O28,4.9608
Rb1Tb1S2,2.3079
Rb1Tb1Se2,1.9336
Rb2Tc2O8,2.9741
Rb4Te4,0.8245999999999991
Rb8Te8F40,4.8863
Rb2Th4P6O24,4.5745000000000005
Rb2Ti4P6O24,2.6058
Rb8Ti8As8O40,3.077099999999999
Rb4Ti4Nb4O20,2.6967
Rb8Ti8P8O40,2.7021
Rb4Ti4P4S20,1.2097
Rb1Tl1S2O8,1.988999999999999
Rb4Tl12O20,0.2713
Rb2Tl2F6,2.0588
Rb4Tl4F16,2.7647
Rb2Tl2O2,1.201699999999999
Rb1Tl1O2,0.8461999999999991
Rb8Tl8S16,1.2046
Rb2Tm2Mo4O16,3.100899999999999
Rb2Tm2W4O16,3.324
Rb1Tm1O2,3.663599999999999
Rb4Tm4P8O28,5.028499999999999
Rb1Tm1S2,2.368
Rb4U4Cr4O24,1.5963
Rb8U8F40,0.170399999999999
Rb2U2N6O22,2.4146
Rb1U1O3,0.4542
Rb2V2Cu4S8,1.108099999999999
Rb2V2I4O16,2.7622
Rb4V4P8O32,2.1013
Rb2V4I6O26,1.7589
Rb4V8Sb4O32,2.7554
Rb4V8Se4O28,2.0481
Rb2V6Se4O24,2.3219
Rb4V12Cd12O44,3.009099999999999
Rb2V6Cd8O24,2.3178
Rb2V6O16,2.0696
Rb1V5Se8,0.1421
Rb6V6Br18,0.607899999999999
Rb2V2Cl6,0.4023
Rb1V1F3,2.2325
Rb2V2N4,0.5831000000000001
Rb4V4O12,3.0572
Rb4V4O4F12,2.7001
Rb4V4P8O28,1.9638
Rb4V4P4O20,3.0085
Rb4V4Se8,0.0483
Rb4V4Se4O20,3.1068
Rb4W12Br28,2.6645
Rb4Y4Mo8O32,3.6191999999999993
Rb4Y4Se8O24,4.2881
Rb4Y4Te8O24,3.1745
Rb2Y2W4O16,3.4123
Rb4Y8Cl28,4.391500000000001
Rb1Y1O2,3.6087
Rb4Y4P8O28,5.1682
Rb1Y1S2,2.3166
Rb2Y2Te4,1.356299999999999
Rb1Zn4P3,0.194799999999999
Rb6Zn6F18,4.0784
Rb4Zn4P4O16,3.7149
Rb2Zr4As6O24,4.1924
Rb4Zr24B4Cl60,0.0026
Rb4Zr24C4Cl60,1.2072
Rb2Zr12Mn2Cl28,1.2076
Rb2Zr2Cd2F14,5.1067
Rb2Zr2Mn2F14,2.3454
Re1Ag2Cl6,0.8254
Re4Te8Br16,1.9421
Re4Te8Cl16,2.1542
Re4Hg10O20,1.2845
Re8P12Cl96,0.085399999999999
Re2Cl5O4,0.7773
Re8Cl28O12,0.3105
Re4Mo2Se8,1.0564
Re8Ni4O32,3.963199999999999
Re16O56,2.7295
Re8Os4Se16Cl8,1.2869000000000002
Re8P8O44,0.5705
Re8P20,0.485199999999999
Re4P2Cl26,0.832399999999999
Re6Pb3O24,3.7670999999999992
Re8S4Cl16O32,2.0921
Re4S4O26,2.3825
Re4Sb8O26,2.8834
Re24Te60,0.6584000000000001
Re12S28Br28,1.3351
Re12S28Cl28,1.686499999999999
Re12Se28Br28,1.3216
Re12Se28Cl28,1.5553
Re6Te14I14,0.846299999999999
Re12Br28,0.3599
Re6Br16Cl2,0.9143
Re12S16Br4,1.6485
Re12S16Cl4,1.6748
Re12Se8Br20,1.726999999999999
Re12Se16Br4,1.4268
Re6Se8Cl2,1.1641
Re24Te32Cl40,1.2693
Re12Te32Cl12,0.9398
Re8Si14,0.0503
Re12Se14Br8,1.6949
Re24Te28Se32,0.9506
Re2Ag2O8,2.3102
Re8Bi24O64,2.7276
Re6Cl18,0.9667999999999992
Re4Cl12O8,1.862099999999999
Re8Cl32O8,0.6609
Re4Cl4O12,3.5834
Re2F14,1.9773
Re2H6O10,3.9726
Re2H8N2O8,3.7442
Re1H8Br6N2,0.8133
Re1H8N2Cl6,1.0107
Re4Hg8O20,1.4261
Re4Hg4O16,2.6963
Re6I18,0.9469999999999992
Re8N8O24F48,2.6258
Re8N16O32F64,0.5304
Re4O8F12,3.4309
Re6O18F6,3.009
Re8O8F32,0.9067
Re4P4Cl24O12,1.809499999999999
Re8P32,0.8553000000000001
Re4P4Cl32O4,0.031
Re12P12O72,2.1592
Re8S16,1.3202
Re2S4Cl2O18,2.396
Re4Sb4O8F32,3.7699
Re2Sb2O2F20,2.0016
Re4Se8,1.1434
Re12Se12Cl12,1.5368
Re2Si4P6O30,2.1158
Re4Te4S4,0.075099999999999
Re4Te4S4Cl16,2.3274
Re4Te4Se4Cl16,2.3069
Rh8Se36Br24,1.3799
Rh4S6,0.4203
Rh2Br6,1.2584
Rh2Cl6,1.521199999999999
Rh2F6,0.862599999999999
Rh4F24,0.5939999999999991
Rh2I6,1.0096
Rh4Pb8F28,1.7702
Rh12S12Cl60,1.5419
Ru2Cl2O4F12,0.562
Ru8Cl8F64,1.12
Ru2F8,0.1813
Ru8F40,0.710199999999999
Ru8O32,2.4654
Ru4S8,0.6683999999999991
Ru2S6Cl16,1.860199999999999
Ru4Se8,0.313799999999999
Ru4Xe4F28,0.903999999999999
S2Cl4O4,3.7871
S2I4O12,1.8938
S4O8F8,5.8812
S8I8O44,2.614099999999999
S8O20F8,5.5878
S6N4O28,1.405
S4I2O15,2.374399999999999
S10I4O36,2.738
S4Br4,2.2489
S8Br16O8,2.7573
S8Cl8,2.8804
S4Cl8O4,3.6424
S32Cl128,2.6189
S8Cl8O16F8,4.6493
S3F18,5.9124
S4I4Cl28,1.668499999999999
S8I8O24F8,1.9334
S2O4,2.8368
S4O12,5.1612
S8O8F16,5.2887
Sb2I4F12,0.5754
Sb1S24I3,2.5185
Sb4Au6F36,0.177999999999999
Sb8P12Se36,1.5032
Sb4S12O42,4.1996
Sb8S12O48,4.0064
Cl35F85Sb24,1.8188
Sb8Br4F60,2.982
Sb8Br4F68,0.1523
Sb16Cl40F32,2.3241
Sb8Cl4F68,0.327999999999999
Sb8Cl4O8F44,1.8316999999999992
Sb8F28,3.8056
Sb4H40Cl24O18,1.7417
Sb2H4Au1F16,0.8936000000000001
Sb16I8Br16F88,1.708899999999999
Sb8I4F60,3.907
Sb8Ir4,0.5099
Sb8O12,2.2239
Sb4O10,0.5057
Sb4Os2,0.344700000000001
Sb4Os2O4F28,1.3859
Sb8P4O4F52,4.1483
Sb2Pb1O6,1.926499999999999
Sb4Ru2,0.003499999999998
Sb8S76F48,1.9679
Sb8S8O36,4.1158
Sb8S12,1.2866
Sb8S16O60,4.4244
Sb8Se12,0.7564000000000001
Sb16Te16O72,2.6727
Sb2Te2Se1,0.130799999999999
Sb2Te3,0.1314
Sb8Te4F56,3.965099999999999
Sb2Te1Se2,0.486399999999999
Sb4W2O12,1.189099999999999
Sb16Xe8Cl8F88,2.1165
Sb4Xe2F24,2.7297
Sb4Xe2F32,1.6479
Sb6Br4F32,0.062699999999999
Sb12Au4Xe8F72,1.3822
Sb3Au2Xe2F19,0.8347
Sb12Au12F88,0.0795
Sb12Cl44F16,1.6636000000000002
Sb6Cl18O2F8,2.2549
Sb24I8O32,2.5352
Sb12Ir4,0.053699999999999
Sb12O8F20,3.777699999999999
Sb3Rh1Pb4O13,0.265299999999999
Sb8Au2Xe8F44,0.377999999999999
Sb8Br4O10,2.376
Sb8Cl4O10,2.6466000000000003
Sb16H8S4O40,3.3641
Sb12S4O30,3.270399999999999
Sb28F116,3.7106
Sb16Pb6S30,1.6402
Sb32Br8O44,2.770299999999999
Sb32Cl8O44,2.883
F156S16Sb36,1.7301000000000002
F156Se16Sb36,1.9538
Sb2As4Cl26,1.1627
Sb2As2F16,3.8741
Sb4As4O12,3.509899999999999
Sb4As4O20,1.7582
Sb2As2P2Cl26,2.1081
Sb4As4Rh4,0.5387000000000001
Sb2Br2O4F12,1.9974
Sb4Br12,3.1173
Sb2Br10F12,1.7545000000000002
Sb2Br10F12,1.7316
Sb4Br4F32,2.7201
Sb2Cl2O4F12,1.9238
Sb12Cl24F36,1.9134
Sb4Cl12,3.7476
Sb4Cl12F8,1.8283
Sb8Cl40,1.537399999999999
Sb4Cl4F40,2.3709
Sb2Cl2F16,3.1317
Sb12Cl12O12,3.1726
Sb2F6,4.4396
Sb16F64,3.4513
Sb4F20,3.6765
Sb2H72S8N22,2.222099999999999
Sb4H12O4F24,4.6548
Sb2H8N2Cl12,1.9394
Sb2H10Cl12O4,1.781299999999999
Sb2H10O4F12,4.459
Sb4H28Br24O12,1.033
Sb1H7F12,5.0047
Sb4H4S4F40,4.819100000000001
Sb4I4Cl8F24,1.9054
Sb2I6,2.1446
Sb1I3Cl8,1.2101
Sb3I15F18,0.9323
Sb16I16F80,0.5646
Sb4Ir4S4,1.3963
Sb4Ir4Se4,1.147399999999999
Sb4Kr4F28,2.4093
Sb4Mo4O4F36,3.7468
Sb1N1O2F6,3.0857
Sb8N8Cl64O8,1.7767
Sb4O8,2.028799999999999
Sb16O16F16,3.322699999999999
Sb4Os4S4,1.119199999999999
Sb4Os4Se4,1.123400000000001
Sb4P4Cl24O8,2.340799999999999
Sb2P2O4F12,4.4149
Sb8P16O56,2.2876
Sb4P4Cl32O4,1.8687
Sb2P2O8,4.002099999999999
Sb2P2O10,2.5585
Sb4P4O4F32,4.769299999999999
Sb12P12S48,2.196
Sb2Pb2Br2O4,1.8655
Sb2Pb2Cl2O4,1.9127
Sb2Pb2F14,3.9678
Sb4Rh4S4,0.871799999999999
Sb4Rh4Se4,0.3723
Sb4Ru4S4,0.9252
Sb4Ru4Se4,0.7549
Sb4S4Br12F24,2.532
Sb2S16Cl6,2.8648
Sb4S4Br4,1.7767
Sb2S2Cl18,1.7743
Sb4S4I4,1.6276000000000002
Sb4Se4Br12F24,2.6001000000000003
Sb4Se4I12F24,1.4501
Sb16Se80F96,1.468
Sb2Se12I2F12,1.5285000000000002
Sb4Se4Br4,1.437799999999999
Sb8Se8Cl56O8,1.9455
Sb4Se4Cl36,2.0148
Sb4Se4I4,1.3811
Sb4Te4Cl12F24,3.7741
Sb4Te4I12F24,1.9198
Sb4Te4Cl4O12,3.155599999999999
Sb4Te4Ir4,0.6951
Sb4Te4Os4,0.857600000000001
Sb4Te4Rh4,0.552099999999999
Sb4Te4Ru4,0.6273999999999991
Sb2Xe4F18,2.024799999999999
Sb4Xe4F44,1.7571999999999992
Sb4Xe4F28,2.7566
Sc2Al6C6,0.0223
Sc2Cl6O24,4.077
Sc2I6O18,3.8452
Sc8P24O72,5.1657
Sc12Ir3Br16,0.058
Sc19Ru4Br28,0.021199999999999
Sc19Ru4Br28,0.126199999999999
Sc4C6N12,3.243
Sc8Mo12O48,3.608399999999999
Sc4S6O24,4.3752
Sc4Se6O18,3.8037
Sc8Se12O48,3.546399999999999
Sc2C1Cl2,0.8824000000000001
Sc16C8I24,0.5707
Sc4Cd2S8,0.9581
Sc12Ge6O30,4.1263
Sc16O24,3.8235
Sc4P6H6O18,4.6108
Sc4Pt4O14,1.7836999999999992
Sc8S12,1.034999999999999
Sc4S2O4,2.0102
Sc8Se12,0.625799999999999
Sc8Se12O40,3.6378
Sc2Si2O7,4.2788
Sc8Te12,0.0033
Sc4Te10O26,3.029
Sc6Te3O18,2.897
Sc2Ti2O7,3.5737
Sc4Ti2O10,3.1323
Sc4Tl2Cu6S10,1.048899999999999
Sc36In5Co13,0.011899999999999
Sc6B4Ir10,0.0167
Sc12B20O48,3.727299999999999
Sc8C6,0.3287
Sc32Fe8Br40,0.479299999999999
Sc32Fe8Cl40,0.5076
Sc8Os2Cl8,0.647999999999999
Sc20Co24Sn72,0.007099999999999
Sc114Pt26,0.1028
Sc114Rh26,0.0038
Sc114Ru26,0.020799999999999
Sc40Ir8Cl72,0.218099999999999
Sc12C4I22,0.374099999999999
Sc7Co1Br12,0.216699999999999
Sc7Co1Cl12,0.188
Sc7Co1I12,0.2411
Sc7Ni1Br12,0.148399999999999
Sc2Ag2P4S12,2.032499999999999
Sc2Ag2P4Se12,1.6441
Sc2Ag2O4,2.1264
Sc1Ag1S2,1.2377999999999991
Sc2Al2C2O2,1.216699999999999
Sc2As2O8,3.5491
Sc2B2O6,4.118
Sc2Bi6Mo4O24,2.8937
Sc2Br6,2.2256
Sc2Br2O2,3.236
Sc2Cl6,3.8723
Sc2Cu2O4,2.3309
Sc1Cu1S2,0.8709000000000001
Sc2Cu2Se4,0.6646000000000001
Sc4Fe8B4O20,3.198899999999999
Sc2H22Br4O12,4.143599999999999
Sc2H22I4O12,3.2116
Sc4H52Cl8O28,4.8615
Sc4H12Cl8O40,4.1244
Sc4H12Br12N4,3.1435
Sc4H12N4Cl12,3.8496
Sc4H24Br12N8,3.079799999999999
Sc4H24N8Cl12,3.8855
Sc2H14N4O20,3.5835
Sc4H4O8,4.4857
Sc2I6,1.6942
Sc4I4O4,1.9603
Sc2Mn4Sb2O12,1.9542
Sc1Nb1Ni2Sn2,0.424599999999999
Sc3Nb9P18O72,1.815999999999999
Sc4Nb24Cl52O12,0.923999999999999
Sc2Nb2O8,3.3026
Sc1Ni1Bi1,0.1869
Sc1Ni1Sb1,0.2679
Sc4O4F4,4.4798
Sc4P4H16O24,4.9028
Sc2P6H12O24,5.306699999999999
Sc2P2O8,4.193899999999999
Sc2P2S8,1.941999999999999
Sc1Pa1O4,2.493500000000001
Sc1Sb3Pb4O13,1.612999999999999
Sc1Sb1Pd1,0.0155
Sc1Sb1Pt1,0.644099999999999
Sc1Sn1Au1,0.122499999999999
Sc3Ta9P18O72,2.4404
Sc2Ta2O8,4.027699999999999
Sc8Te8O24F8,3.2415
Sc1Te1Rh1,0.3846
Sc1Tl1Mo2O8,3.6236
Sc2Tl6F12,3.6697
Sc1Tl1P2S7,1.970499999999999
Sc2Tl2S4,0.9331
Sc1Tl1Se2,0.6146
Sc1Tl1Te2,0.044599999999999
Sc2V2O8,2.6851000000000003
Se8O20,2.9034
Se40S8O24F8,1.4592
Se16Br64,2.2169
Se8Cl32,3.0664
Se4F16,4.1424
Se2I4,0.9079
Se8O16,3.2874
Se4O4F8,4.083299999999999
Si4Ag32S24,1.1051
Si2Ag4P4,0.169999999999999
Si4P16H32,3.9992
Si4Pb8S16,2.1705
Si4Pb8Se16,1.7989000000000002
Si4C2N8,4.3744
Si4Ge6P12O50,3.7805
Si8H8S12,3.3657
Si16H48S8,4.597799999999999
Si16H48Se8,3.8682
Si2Hg6O7,1.5122
Si6Mo12P18O75,1.8837
Si4N4O2,4.924799999999999
Si2Ni3H4O9,3.2016
Si16Os8,0.6496999999999991
Si4P6Rh2O26,2.0386
Si12Pb18O42,2.642199999999999
Si16Ru8,0.407
Si6Bi8O24,3.897899999999999
Si6Ag6Sn4P12,0.2673
Si6N8,4.2503
Si3Ni1P4,0.3365
Si24Os16,0.8552999999999991
Si6P4Pt2,0.6067
Si24Ru16,0.551099999999999
Si4P4Os1,1.4341
Si4P4Ru1,1.4604
Si40Ir24,0.9437999999999992
Si5P6O25,5.6022
Si28Tc16,1.0648
Si6Ag12S36O126,3.529599999999999
Si2Ag12Hg2Se12,0.1021
Si6As6,1.451899999999999
Si8As16,0.8890999999999991
Si8B24,1.408
Si8Br32,4.1046
Si19C19,1.8389
Si4Cl16,5.5658
Si2H34S6N10,3.344
Si4H12I4,4.2188
Si1Hg3S2F6,2.7984
Si2I6,2.9566
Si8I32,2.8558
Si4Mo4P12O44,4.3633
Si3O6,5.719
Si4Os4,0.5122
Si12P12,1.7395
Si8P16,1.4262
Si4P8O28,5.7952
Si1P1Au1,0.983499999999999
Si4Pb16Br16O16,3.1459
Si4Pb16Cl16O16,3.5657
Si12Pb12O36,3.1904999999999992
Si4Pt4Se4,0.787899999999999
Si4Ru4,0.229899999999998
Si2S4,3.1072
Si8Sb8Pt8,0.2086
Si8Se16,2.4771
Si8Te8Pt8,0.3342
Sm3Al9Br36,3.4356
Sm16B48O96,5.3818
Sm2Cl6O24,5.6716
Sm2Er6S12,1.0887
Sm2H6O6,3.7105
Sm4I12O36,3.6185
Sm8N24O72,3.1467
Sm2P6O18,5.7294
Sm2Zn6P6,0.186399999999999
Sm20S38,0.7469999999999991
Sm20Se38,0.5225999999999991
Sm22In12Ge8,0.0221
Sm12Co6Pb1,0.006899999999999
Sm12Co6Sn1,0.0303
Sm12Sn1Ge4S28,1.477399999999999
Sm2C3N6,2.4814
Sm4Mo6O24,3.2499
Sm4S6O24,5.5195
Sm4Se6O18,3.9313
Sm4As8O18,3.3407
Sm8Au20F84,1.630099999999999
Sm4Be4Ge2O14,4.4202
Sm4Be4Si2O14,5.1019
Sm2C1N2O2,3.9197
Sm4Co2Ni2O12,0.512
Sm4Cu2Se8O24,0.52
Sm4Eu2S8,0.4663
Sm4Fe2Sb2O14,1.797099999999999
Sm8Ge4B8O32,4.588999999999999
Sm8Ge8O28,3.6725
Sm4Hf4Mo14O56,3.2931
Sm4Hf4O14,3.8433
Sm8Hf4S20,1.1083
Sm4Hg2O8,2.2249
Sm4Mn4O14,0.975
Sm4Mn2Sb2O14,0.355999999999999
Sm6Mo12O45,2.5504
Sm8Mo4O24,2.2312
Sm4Nb4S14O60,0.117299999999999
Sm16O24,3.7823
Sm4Pt4O14,1.047599999999999
Sm8Re4O20,0.815299999999999
Sm8S12,0.7441
Sm4S2Cl8,3.503699999999999
Sm2S1O2,2.9166
Sm8Se12,0.373699999999999
Sm8Se20O52,3.6444
Sm2Se1O2,2.1358
Sm12Se6O6F12,2.781
Sm8Si8O28,5.321
Sm8Si4O20,4.8314
Sm8Si4Se4O16,2.693
Sm4Sn4O14,2.7353
Sm2Ta2Cl2O7,3.1249
Sm8Te12,0.5334000000000001
Sm4Te8O22,3.2872
Sm2Te1O2,1.4893
Sm8Te4O24,3.1843
Sm2Ti2S2O5,0.779899999999999
Sm8Ti4O20,3.308899999999999
Sm4V2Fe2O12,1.2635
Sm8W4O24,3.6037
Sm4Zr4O14,3.0741
Sm8Zr4S20,1.142799999999999
Sm8Zr4Se20,0.8425
Sm12Al20O48,4.1364
Sm3Au1O6,1.7477
Sm6B2S6O6,1.5301
Sm6B2W2O18,3.825699999999999
Sm6Bi8Au6,0.342799999999999
Sm6Cu6Sb8,0.246699999999999
Sm6Cu2Ge2S14,1.7739
Sm6Cu2Ge2Se14,1.1611999999999991
Sm6Cu2Si2S14,1.655699999999999
Sm6Cu2Si2Se14,1.437399999999999
Sm6Cu2Sn2S14,1.703599999999999
Sm6Fe2O12,1.4942
Sm24Ga16,0.0163
Sm12Ga20O48,3.359599999999999
Sm6Ga2O12,3.679599999999999
Sm12In4S24,1.2815
Sm12In4Se24,0.8380000000000001
Sm12Mo4O28,1.7639
Sm18P6O42,4.3882
Sm18P6O42,4.4032
Sm12Re4O32,1.7676
Sm6Sb10O24,3.1427
Sm6Sb2O14,2.6738
Sm12Sc8Fe12O48,2.1481
Sm12Sc8Al12O48,4.316
Sm24Si16B8O80,4.912599999999999
Sm6Si4Cl10O12,4.6078
Sm12Si8Cl4O32,4.5816
Sm6Si4S16Br2,2.614499999999999
Sm6Si4S16I2,2.5736
Sm6Si12N22,3.011299999999999
Sm6Si2Ag2S14,1.7935999999999992
Sm24Si8S48Cl8,2.6328
Sm6Ta2O14,3.4256
Sm12V4Ge4O36,3.098
Sm6W2Cl6O12,3.454
Sm16Al8O36,4.1441
Sm16Au8O36,2.1008
Sm16Cd4Ni4,0.0985
Sm16Cd4Pd4,0.0943
Sm16Ga4Sb4S36,1.9465999999999992
Sm32In8Sb8S72,2.1754
Sm16Mg4Pt4,0.038499999999999
Sm4S3N2,1.3368
Sm4Se3O4,1.289099999999999
Sm16Si8S12O28,2.6038
Sm20Rh16,0.001
Sm6Cd1Ge2S14,2.0564
Sm6Cd1Si2S14,1.874099999999999
Sm6Ge3S14,1.238999999999999
Sm12H88N16O102,3.0493
Sm6Mg1Ge2S14,2.0667
Sm6Mn1Si2S14,1.061199999999999
Sm12Si8S34,2.476999999999999
Sm6U3O17,0.0632
Sm18Al2Si6S42,1.9825
Sm18Al10S42,2.4179
Sm18Al10Se42,1.643199999999998
Sm18In2Si6S42,1.921699999999999
Sm2Ag2W4O16,3.139
Sm1Ag1O2,2.5292
Sm4Al12Pb8O32,2.9907
Sm4Al4O12,4.861399999999999
Sm2As2O8,3.689199999999999
Sm4As4S4,0.025599999999999
Sm4As4Se4,0.5545
Sm2B14H16O32,5.7436
Sm4B36H24O72,5.2966
Sm6B6N12,2.3704
Sm4B4O12,5.2713
Sm1Bi2Br1O4,1.278299999999999
Sm1Bi2Cl1O4,1.217699999999999
Sm1Bi2I1O4,1.3061
Sm2Bi2O8,0.6012000000000001
Sm2Br6,3.016
Sm2Br2O2,4.5207
Sm2Cl6,3.4912
Sm2Cl2O2,4.876199999999999
Sm4Cr4B16,0.360699999999999
Sm4Cr4Ge4O20,2.669699999999999
Sm4Cr4O12,2.4802
Sm2Cr2Te2O12,2.694899999999999
Sm8Cu8Mo16O64,2.0075
Sm1Cu1O2,2.5136000000000003
Sm4Cu4O12,0.121799999999999
Sm4Cu4S8,1.1678
Sm4Cu4Se8,0.8167999999999991
Sm8Cu8Te8S8,0.0937
Sm4Fe4O12,1.545
Sm2H24N6O30,3.3931
Sm2H36Br6O36,4.4536
Sm2H36I6O18,4.4668
Sm4H8Cl4O8,4.722399999999999
Sm6H18,0.0037
Sm4H4C4O16,5.2934
Sm2H2O4,3.9025
Sm4H4S4O20,5.6617
Sm2I6,2.0143
Sm2I2O2,3.6304
Sm4In8Cl20,2.811499999999999
Sm4Lu4Se12,0.7935000000000001
Sm4Mn4O12,0.2744
Sm4Mo4Br4O16,2.0128
Sm2Mo2Cl2O8,2.8361
Sm4Mo4O16F4,3.8342
Sm4Nb24Cl52O12,0.955
Sm2Nb2O8,3.5797
Sm1Ni1Bi1,0.249299999999999
Sm2O2F2,4.6648
Sm2P8H2O24,5.7384
Sm2P10,0.009399999999999
Sm4P20O56,5.5883
Sm2P2O8,5.8081
Sm8P8S8,0.446399999999999
Sm8P8S32,2.2352
Sm2Pa2O8,2.758199999999999
Sm4Pt4F28,2.3817
Sm4Rh4O12,0.7331000000000001
Sm4S8,0.5285000000000001
Sm4S4Br4,2.9463
Sm2S2F2,1.229699999999999
Sm2S2I2,2.4395
Sm4Sb4O16,2.2974
Sm4Sc4O12,4.366899999999999
Sm4Sc4S12,1.8487
Sm4Se4Cl4O12,4.4293
Sm1Sn1Au1,0.0655
Sm4Sn4F28,4.9698
Sm4Ta24Br52O12,0.9535999999999992
Sm2Ta2O8,3.9923
Sm4Te4As4,0.3803
Sm2Ti2Cl2O6,3.2107
Sm4Tl4Mo8O32,3.5068
Sm2Tl2P4Se12,1.5815
Sm2Tl2W4O16,2.743999999999999
Sm4Tl8P8S28,2.1344
Sm1Tl1S2,1.6781
Sm1Tl1Se2,1.221899999999999
Sm1Tl1Te2,0.703599999999999
Sm4V8I4O36,2.4889
Sm4V4O12,1.5136
Sm2V2O8,3.0241
Sm1Zn1Cu1P2,0.0334
Sm2Zn2P2O2,1.3609
Sn1Bi2Te4,0.4268
Sn1Hg2Se4,0.2753
Sn4N16O48,3.6273
Sn8P16O48,3.8768
Sn1P2S6,1.194299999999999
Sn4Pb8O16,2.0548
Sn2S32I8,1.7979
Sn8S16O64,2.5683
Sn1Sb2Te4,0.2525
Sn4Se8O24,2.5822000000000003
Sn15Os3O14,1.5083
Sn15Ru3O14,1.417199999999999
Sn4S6O24,2.594
Sn21H14Cl16O20,2.9683
Sn8B4F28,4.370999999999999
Sn24Bi24O84,2.667
Sn8Cl4F12,3.5567
Sn4O2F4,2.6708
Sn4O2F10,1.9107999999999992
Sn8P8O28,3.590299999999999
Sn4P2Cl2O8,2.570599999999999
Sn8S12,0.7774000000000001
Sn24S12I24,1.6389
Sn2Sb2Pb4O13,1.5613
Sn4W6Cl28,0.7636000000000001
Sn12P8O32,3.5134
Sn12B4F36,4.4025
Sn6F16,3.1684
Sn12Ir8Se12,0.3647
Sn3P1O4F3,3.784299999999999
Sn3Te1Pb4O13,1.3676
Sn10P4O20,2.6984999999999992
Sn20B4F52,4.1741
Sn10O12,1.7702
Sn2B8O14,3.571999999999999
Sn1Bi4Te7,0.410999999999999
Sn4Br8,2.5387
Sn4Br16,2.7107
Sn8Cl16,3.1002
Sn4Cl16,3.565
Sn4Cl4F4,3.443799999999999
Sn8F16,3.2704
Sn1F4,3.114999999999999
Sn1Ge4Te4Se1,0.6132999999999991
Sn4Ge4S12,1.6591
Sn2H32Cl8O16,3.3482
Sn2H44Cl12O20,3.1623
Sn1H4N2F2,3.1084
Sn2H12N4F8,5.0772
Sn1H8N2Cl6,2.3281
Sn1H8N2F6,5.1263
Sn4Hg24As16Br24,1.3707
Sn4Hg24P16Cl24,2.1321
Sn4Hg28As16I24,0.9496999999999992
Sn4Hg28P16Br24,1.6495000000000002
Sn1Hg1F6,2.431
Sn4Hg4P56,1.2778
Sn3I6,1.7061000000000002
Sn8I32,2.0581
Sn4I4Cl4,2.5118
Sn2Ir4Se10,0.4225
Sn2O2,0.4096
Sn2O4,0.6519
Sn4P8Cl40O8,2.9839
Sn2P4Cl16O6,3.067599999999999
Sn2P4O14,4.0847
Sn4P8Pb4O32,3.769999999999999
Sn4P16O44,4.5708
Sn2P14Au6,0.026499999999999
Sn2P2Cl18,2.4343999999999992
Sn4P4H4O16,3.398
Sn2P2H2O10,3.037599999999999
Sn4P4O12F4,3.6834
Sn4P4O16F4,2.9746
Sn4P4S12,2.1301
Sn4Pt4S4,0.8182
Sn4Pt4Se4,0.5741
Sn4S4,0.904799999999999
Sn1S2,1.514799999999999
Sn4Se4,0.5159
Sn1Se2,0.7018
Sn2Se4Cl16O4,2.7633
Sn1Te1,0.0419
Sn4Te12O32,3.042
Sn4Te4Pt4,0.089999999999999
Sr4Ag24O16,1.029699999999999
Sr8Al16Cl64,5.8211
Sr8Al16S32,3.6396
Sr2Al4Se8,2.9755000000000003
Sr1Al2Te4,1.4454
Sr2As12Pt8,0.1287
Sr2As4O12,3.258099999999999
Sr4Au8F48,1.193
Sr2Au4O8,1.2361
Sr2B24H24,5.893599999999999
Sr4B8O16,4.9456
Sr4B8S16,2.8280000000000003
Sr2Be4N4,1.548399999999999
Sr2Bi4O8,2.567199999999999
Sr12Bi24S48,1.060499999999999
Sr2Br4O12,4.1480000000000015
Sr1Cd2As2,0.134799999999999
Sr1Cd2P2,0.7109000000000001
Sr2Cl4O12,5.2387
Sr2Cu4O4,1.815999999999999
Sr4Dy8S16,1.787999999999999
Sr4Dy8Se16,1.357899999999999
Sr4Er8S16,1.8009
Sr4Er8Se16,1.4083
Sr8Fe16O32,1.936
Sr4Ga8As8,0.155899999999999
Sr8Ga16O32,3.0697
Sr8Ga16S32,2.797399999999999
Sr2Ga4Se8,1.8012
Sr2Ga4Te8,0.451899999999999
Sr4H16N8,2.342
Sr2H8O12,0.011199999999999
Sr2H32O20,3.8434
Sr4H8O8,4.0304
Sr4Ho8S16,1.801899999999999
Sr2I4O12,3.5261
Sr2In4As4,0.445599999999999
Sr2In4P4,0.1833
Sr8In16S32,2.1496
Sr8In16Se32,1.563699999999999
Sr2In4Te8,0.883799999999999
Sr2La4S8,2.0278
Sr2La4Se8,1.9718
Sr1Li4P2,0.9758999999999992
Sr4Lu8S16,1.8411
Sr4Lu8Se16,1.431
Sr1Mg2As2,1.3464
Sr1Mg2Bi2,0.3824
Sr1Mg2Sb2,0.9813
Sr4N8O24,3.7142
Sr2Nd4Se8,1.7524000000000002
Sr2P12Pt8,0.371099999999999
Sr3P6Ir6,0.4416
Sr24P48N96,4.271
Sr8P16O48,5.4627
Sr2Pr4S8,2.257199999999999
Sr2Pr4Se8,1.9019
Sr4Rh8O16,1.3103
Sr2Ru4O12,0.028299999999999
Sr1Sb2O6,2.7881
Sr4Sc8S16,1.356999999999999
Sr1Si6N8,3.2079
Sr1Sn2As2,0.0091
Sr4Tb8S16,1.7925
Sr4Tb8Se16,1.4432
Sr4Tm8S16,1.8199
Sr4Y8S16,1.8122
Sr4Y8Se16,1.458699999999999
Sr1Zn2As2,0.254
Sr1Zn2P2,0.8285999999999991
Sr10P6O25,2.6772
Sr10P6S1O24,3.543899999999999
Sr22In2Sb18,0.9265999999999992
Sr14Sn3As12,0.9128
Sr28Al16Ge6,0.0556
As44Mn4Sr56,0.109699999999999
Sr16Mn8O29,0.3805
Sr16V12O39,0.6957
Sr16V8O31,0.464299999999999
Sr17Ta10S42,1.7384
Sr18Ca3Cr14O56,0.4261
Sr42Cd8Bi36,0.3477
Sr4Al4Si2O14,4.2023
Sr8Al4H28,3.1483
Sr16As16O56,3.2477
Sr8B8O20,4.283
Sr8B20Br4O36,5.164300000000001
Sr8B20Cl4O36,5.336399999999999
Sr8B20H4O40,4.7715
Sr2B1Br1N2,2.4076
Sr8B4I4N8,2.532599999999999
Sr8B4N8Cl4,2.7508
Sr8B4N8F4,2.5675
Sr4Bi4O10,2.4829
Sr2Bi2Se3O2,1.3867
Sr2Bi1Au1,0.3936
Sr2Br1N1,1.8455
Sr2C1N2Cl2,4.202
Sr4Ca2Mo2O12,2.561199999999999
Sr4Ca2Te2O12,3.2142
Sr4Ca2U2O12,2.2089
Sr4Ca2W2O12,3.5269
Sr4Cd2As4,0.5223
Sr4Cd2W2O12,3.332
Sr4Ce2O8,2.2243
Sr8Co4Br8O8,0.3275
Sr4Co2Cl4O4,0.5379
Sr12Co6P12O48,3.148799999999999
Sr4Co2Se6O18,2.9627
Sr4Co2Ge4O14,2.15
Sr8Co4O16,0.7733999999999991
Sr8Co4Si8O28,3.4006
Sr4Co2Te2O12,1.509999999999999
Sr4Co2W2O12,2.0256
Sr8Cr4N12,0.2709
Sr16Cr8O32,1.9972
Sr2Cr1Sb1O6,1.6894
Sr2Cu1P2O8,0.2216
Sr2Cu1Br1O2,2.3439
Sr6Cu3Cl3O6,2.384299999999999
Sr4Dy2Bi2O12,1.884199999999999
Sr4Dy2Mo2O12,1.344
Sr4Dy2Ru2O12,0.2518
Sr4Dy2Sb2O12,3.6641
Sr4Dy2Ta2O12,3.849599999999999
Sr4Er2Bi2O12,1.9513
Sr4Er2Mo2O12,1.2643
Sr4Er2Ta2O12,3.874399999999999
Sr8Fe4Br4O12,1.1631
Sr2Fe1H6,1.3141999999999991
Sr24Fe12Mo12O72,0.6149
Sr8Fe4O12F4,0.626
Sr4Fe2Sb2O12,1.6733
Sr4Fe2W2O12,1.768399999999999
Sr4Ga2Ge2N2,0.030599999999999
Sr4Gd2Bi2O12,1.5339
Sr4Gd2Mo2O12,1.3501
Sr4Gd2Ru2O12,0.253699999999999
Sr8Gd4Sb4O24,3.3665
Sr4Gd2Ta2O12,3.557
Sr8Ge4,0.363399999999999
Sr4Ge2S16O56,3.4847
Sr8Ge8Se20,1.369799999999999
Sr16Ge8N16,0.0529
Sr16Ge8O32,3.6821
Sr4Ge2S8,2.329099999999999
Sr4Ge2Se8,1.7283
Sr2H3N1O6,2.9533
Sr2H5Rh1,0.580299999999999
Sr2H6Os1,2.4354
Sr4H12Pt2,1.276
Sr2H6Ru1,2.236099999999999
Sr4H16Pt2O16,2.5652
Sr2H1N1,1.8058
Sr2Hg1Pb1,0.120499999999999
Sr4Ho2Bi2O12,1.826799999999999
Sr4Ho2Mo2O12,1.331999999999999
Sr4Ho2Sb2O12,3.6445
Sr4Ho2Ta2O12,3.855199999999999
Sr4I4O2,3.2812
Sr2I1N1,1.7923
Sr8In4F28,4.9452
Sr4In2Os2O12,0.472199999999999
Sr4In2Sb2O12,1.7824
Sr4La2Bi2O12,1.734099999999999
Sr4La2Sb2O12,3.4224
Sr8Li12Nb4N16,2.1559
Sr8Li12Ta4N16,2.1968
Sr2Li7Cu1N4,0.5680000000000001
Sr4Li2Co2N4,0.2539
Sr4Li2Re2N8,1.809899999999999
Sr2Li1Re1O6,1.8423999999999991
Sr4Lu2Bi2O12,1.9188
Sr4Lu2Nb2O12,3.2094
Sr4Lu2Ru2O12,0.1147
Sr2Lu1Ta1O6,3.4874
Sr2Mg1B2O6,4.579700000000001
Sr4Mg2Ge4O14,3.6039
Sr2Mg1Mo1O6,2.313
Sr4Mg2Si4O14,4.495900000000001
Sr2Mg1W1O6,3.4311
Sr8Mn8Se4O16,1.8317
Sr4Mn2Mo2O12,0.930099999999999
Sr8Mn4Nb4O24,1.202
Sr8Mn4P12O44,0.103499999999999
Sr2Mn1Sb1O6,0.8793000000000001
Sr4Mn2Si4O14,2.8825000000000003
Sr4Mn2Te2O12,1.4722
Sr4Mn2W2O12,1.8985999999999992
Sr2N1Cl1,1.9398
Sr32N16F16,1.5754
Sr4Nb4O14,2.6843999999999992
Sr2Nb1Al1O6,2.8384
Sr8Nb4Cr4O24,2.2687
Sr4Nb2Fe2O12,1.7829000000000002
Sr4Nb2In2O12,3.3968
Sr8Nb4N12,2.2935
Sr4Nd2Bi2O12,1.7139000000000002
Sr8Nd4Sb4O24,3.507
Sr4Nd2Ta2O12,3.700799999999999
Sr12Ni6P12O48,4.2332
Sr8Ni4Se12O36,3.0767
Sr4Ni2Mo2O12,2.3095
Sr4Ni2W2O12,2.9406
Sr8P8O28,5.3704
Sr4P12O34,5.5563
Sr8P28Br4,2.133099999999999
Sr16P56Cl8,1.948
Sr8P28I4,2.105799999999999
Sr8P4I4O16,4.2855
Sr4Pb2O8,1.3966
Sr2Pd1O3,0.2353
Sr4Pr2Bi2O12,1.745099999999999
Sr8Pr4Sb4O24,3.4763
Sr8Rh4F28,1.85
Sr4Sb4O14,1.370399999999999
Sr4Sb4Se6O4,0.7681999999999991
Sr16Sb24,0.155899999999999
Sr4Sc2Ga2O10,2.765899999999999
Sr4Sc2Nb2O12,2.942
Sr4Sc2Sb2O12,3.5074
Sr4Sc2Ta2O12,3.4213
Sr8Si4,0.343399999999999
Sr4Si2S16O56,5.0797
Sr4Si10N16,3.1972
Sr8Si4O16,4.4605
Sr4Si2S8,2.8995
Sr4Sm2Bi2O12,1.8088
Sr4Sm2Sb2O12,3.6616
Sr4Sm2Ta2O12,3.7716
Sr8Sn4,0.152399999999999
Sr4Sn2H16O16,4.0219
Sr2Sn1Hg1,0.2717
Sr8Sn4O16,2.6531
Sr8Sn4S12F8,2.0801
Sr4Sn2S8,2.4784
Sr8Sn4S20,1.005499999999999
Sr16Sn8Se40,1.2442
Sr4Ta4O14,2.928
Sr2Ta1Al1O6,3.577
Sr8Ta4Co4O24,1.6183
Sr2Ta1Cr1O6,2.9169
Sr8Ta4Fe4O24,1.5015
Sr2Ta1Ga1O6,4.0418
Sr4Ta2In2O12,3.9813
Sr4Ta2Mn2O12,0.001599999999999
Sr8Ta4N12,2.465999999999999
Sr8Tb4Bi4O24,2.681499999999999
Sr4Tb2Ru2O12,0.187899999999999
Sr8Tb4Sb4O24,3.5439
Sr4Tb2Ta2O12,3.8367
Sr4Ti2Mn2O12,0.9884
Sr2Ti1O4,1.9141999999999992
Sr4Tl4O10,1.520699999999999
Sr4Tm2Bi2O12,1.9455
Sr4Tm2Ta2O12,3.8819
Sr8U4O20,2.1693
Sr8V8O28,3.3912
Sr4V6Bi6O28,2.9555
Sr4V6H2O18,1.958899999999999
Sr8V4Br4O16,3.2847
Sr8V4Cl4O16,3.7633
Sr8V4N12,1.518399999999999
Sr8Y4Bi4O24,1.972399999999999
Sr4Y2Nb2O12,3.2249
Sr4Y2Os2O12,0.173
Sr4Y2Sb2O12,3.707299999999999
Sr4Y2Ta2O12,3.8491
Sr4Zn2Ge4O14,3.1157999999999992
Sr2Zn1N2,0.5344
Sr4Zn2Si4O14,3.8987
Sr2Zr7O16,3.8966
Sr6Al4As8,1.1456
Sr12Al8N16,1.9055
Sr6Al4P8,1.3365
Sr3As2O8,3.785999999999999
Sr9B6N12,1.9096
Sr6B4O12,4.3980000000000015
Sr6B4S12,2.3176
Sr6Co4O12,1.3059
Sr3Fe2O6,0.3201
Sr6Ga4As8,0.6766999999999991
Sr12Ga8N16,1.5856
Sr6Ga4P8,1.067199999999999
Sr12Ge8As16,0.8754999999999991
Sr12Ge8P16,1.0635
Sr6In4P8,0.5893
Sr3P2O8,5.4064
Sr6Si4As8,0.9176
Sr12Sn8As16,0.752999999999999
Sr36Sn24P48,0.9885
Sr12Al8Cl8O20,4.4213000000000005
O144Al48Sr72,4.2046
Sr6Al6N10,2.142299999999999
Sr12Al4As12,0.9824
Sr12Al4Sb12,0.5371
Sr6As8,0.616699999999999
Sr3As1N1,0.4218
Sr6B12H4O26,5.3122
Sr6B12O22F4,5.3908000000000005
Sr6B2P2O6,2.0101
Sr12Be4B24O52,5.0139
Sr12Bi4Cl12O12,4.035299999999999
Sr3Bi1N1,0.256899999999999
Sr12Ca4C4N16,1.4804
Sr6Cd2Pt2O12,2.0334
Sr6Co2C6N6,1.1035
Sr6Co2Ru2O12,0.151599999999999
Sr24Cr8N32,1.5373
Sr6Dy2Rh2O12,2.1335
Sr12Er8Ge12O48,3.693399999999999
Sr6Er2Rh2O12,2.192
Sr6Fe4Se12O36,2.4393
Sr12Ga8Cl8O20,3.5201
Sr6Ga6N10,1.361899999999999
Sr6Ga8O18,2.8947000000000003
Sr24Ga8As24,0.7012
Sr6Ga2N6,0.5667000000000001
Sr6Ga2O8F2,3.6717999999999993
Sr24Ga8Sb24,0.339399999999999
Sr6Gd2Rh2O12,1.9628
Sr12Ge4O4,0.3188
Sr6Ho2Rh2O12,2.160199999999999
Sr12In4Ni4O24,0.6869999999999991
Sr12In4P12,0.8115999999999991
Sr6In2Rh2O12,1.5007
Sr3Li4Ge2N6,2.0534
Sr3Li4Si2N6,2.107
Sr6Li12Nb4O22,3.3726000000000003
Sr6Li12Ta4O22,4.125599999999999
Sr12Li4As8H4,1.4556
Sr6Li2Bi2O12,2.1229
Sr6Li2Nb2O12,3.2076
Sr6Li2Ru2O12,0.5632
Sr6Li2Sb2O12,3.1732
Sr6Li2Ta2O12,3.790999999999999
Sr12Mg4Ge4N16,1.724699999999999
Sr6Mg2Pt2O12,2.6841
Sr3Mg1Ta2O9,3.2619
Sr18Mo6N24,2.0559
Sr6P28,1.8291
Sr24P16,0.3946
Sr6P8,0.8898
Sr3P6N8O6,4.4992
Sr3P1N1,0.519699999999999
Sr3Pb1S4,2.2159
Sr12Sb16S36,1.0677
Sr12Sb4I12,1.4793999999999992
Sr3Sb1N1,0.257699999999999
Sr6Sc2B6O18,4.626
Sr12Sc8Ge12O48,3.7912
Sr6Sc2Rh2O12,2.258099999999999
Sr3Se2Cl2O6,4.2893
Sr12Se12Cl8O32,3.4263
Sr12Si4O4,0.4234
Sr6Sm2Rh2O12,2.0124
Sr12Ta4As12O4,1.495099999999999
Sr12Tb8B16O48,4.525600000000001
Sr6Tb2Rh2O12,2.1142
Sr6Te8O22,3.180799999999999
Sr6Te2O12,3.2095
Sr3Ti2O7,1.8404999999999991
Sr12Tm8Ge12O48,3.1627
Sr6U2Te8O28,1.9479
Sr6U22O72,1.7147
Sr6U2O12,2.213399999999999
Sr3V2O7,0.5565
Sr3V2O8,3.676
Sr6W2O12,3.4987
Sr12Y8Ge12O48,3.2862
Sr6Y2Rh2O12,2.1512
Sr12Zn4Co4O24,1.2648
Sr6Zn2Pt2O12,2.566099999999999
Sr12Ni9O27,1.3317
Sr16Al24Cr4O64,2.254099999999999
Sr32Al48Mo8O128,3.5484
Sr4Al6S1O12,3.3427
Sr4Al6Se1O12,3.0557
Sr4Al6Te1O12,2.838
Sr32Al48W8O128,3.6877
Sr4As2O1,1.192399999999999
Sr32As24,0.8578000000000001
Sr8B28O50,5.205900000000001
Sr4Bi2O1,0.602799999999999
Sr8Bi2P6O26,4.0924
Sr8Br12O2,4.2158
Sr16C4N16,1.2186
Sr8Cl12O2,4.5589
Sr8Cu4O14,0.7570999999999991
Sr12Cu3Ir6O27,0.2241
Sr4Fe1Mo1O8,0.720599999999999
Sr32Ge8As32,0.8140000000000001
Sr32Ge8P32,1.044699999999999
Sr8I12O2,3.5855
Sr4Li1B3N6,2.0686
Sr12Mn6Cu3O27,0.6674000000000001
Sr8Nb4O18,3.7211
Sr8Nb4O18,3.4162
Sr16Nb4Al4O32,2.961999999999999
Sr4P2O1,1.2134
Sr8Pd2O12,1.4647
Sr8Pt8Pb2O22,0.533899999999999
Sr8Pt2O12,2.1959
Sr4Sb2O1,0.7118000000000001
Sr32Si8As32,1.149499999999999
Sr32Si8P32,1.3242999999999991
Sr8Ta4O18,4.286099999999999
Sr8Ta4O18,4.1943
Sr4Ta1Fe1O8,1.773
Sr8Te6Cl8O16,3.3574
Sr32Ti8As32,1.3516
Sr8Ti2N8,1.0129
Sr32Ti8P32,1.4294
Sr4Tl2C1O9,1.347299999999999
Sr16U8O36,0.1871
Sr8Zr2N8,0.8613000000000001
Sr20Al8Sb24,0.7905999999999991
Sr5Au2O8,1.1214
Sr20Co8N16,0.2075
Sr10Ge4N12,1.3525
Sr30I12O72,2.3981
Sr10In4Sb12,0.0533
Sr30Re12O72,2.0795
Sr10Sb44O76,2.5443
Sr10Si4N12,1.405999999999999
Sr10Sn4As12,0.0702
Sr10As6Cl2O24,3.8284
Sr10As6H2,0.676399999999999
Sr10As6O24F2,3.9029
Sr10As6O26,1.5598
Sr20As20H4O72,3.262
Sr10B6Cl2O18,3.9640999999999993
Sr10Cr6Cl2O24,1.1425
Sr10Cr6O24F2,1.0321
Sr5Mn4C1O13,0.6452
Sr10Mo4N14,1.2258
Sr10Nb8O30,2.8004
Sr20Nb4N20,1.2468
Sr10P6Br2O24,4.9313
Sr10P6Cl2O24,5.077999999999999
Sr10P6O24F2,5.2118
Sr10P6O26,0.4068
Sr20Re12Br4O60,2.3998
Sr20Re12Cl4O60,2.3602
Sr20Re12I4O60,0.7471999999999991
Sr10Ta8O30,3.044399999999999
Sr5U5O18,0.0057
Sr10V6Br2O24,3.7925
Sr10V6Cl2O24,3.945299999999999
Sr10V6H2O26,3.9935
Sr10V6O24F2,3.999999999999999
Sr10V6O26,0.5547000000000001
Sr10Zr6F44,5.3672
Sr6Al12Bi2O27,3.5117000000000003
Sr12Al14Cl2O32,4.0463
Sr12B2P10O40,4.8124
Sr12Cu6N10,0.4772
Sr24Sb24S68,1.8482
Sr7H12Br2,3.7026
Sr7H12Cl2,3.8615
Sr28Ge4N24,1.133499999999999
Sr7Y6O1F30,5.0529
Sr24Ti21S63,0.0443
Sr18In2P14O56,4.0448
Sr18Lu2V14O56,3.6878
Sr18Mn10Co4O42,1.790399999999999
Sr18Tm2V14O56,3.6894
Sr9Zn4Cu2O14,1.7851
Sr4Ag4B28O48,3.0004
Sr2Ag2P2,0.112599999999999
Sr2Ag2Te2F2,1.284699999999999
Sr2Al4Si4O16,4.7024
Sr2Al4B4O14,4.6877
Sr4Al8O16,4.142
Sr2Al8O14,3.7508
Sr1Al1Ge1H1,0.723399999999999
Sr4Al4H20,3.5275
Sr1Al1Si1H1,0.625699999999999
Sr6As6,0.0181
Sr2As4Xe6F36,2.977099999999999
Sr2Au4S8O32,1.6783
Sr8B64O104,5.7481
Sr3B3P3O15,5.387399999999999
Sr4Be8P8O32,5.9252
Sr2Be6O8,4.1295
Sr4Be4B8O20,5.681
Sr2Bi4B8O20,3.6402
Sr1Bi6P4O20,3.508399999999999
Sr2Bi2Br2O4,3.1643
Sr2Bi2Cl2O4,3.3015
Sr2Bi2I2O4,2.864299999999999
Sr2Bi2N2O10,2.2375
Sr4Bi4O12,0.3106
Sr16Bi16Se48,0.7976000000000001
Sr10Br20,4.498
Sr2Br2F2,5.0036
Sr4C4N8,3.6025
Sr4C4O12,4.4416
Sr8Ca16W8N32,2.6883
Sr4Ca4Cr4F28,4.2453
Sr4Ca4Ge4,0.4356
Sr1Ca1I4,3.8007
Sr4Ca4Pb4,0.267799999999999
Sr4Ca4Si4,0.422399999999999
Sr4Ca4Sn4,0.288199999999999
Sr2Cd2As4O14,2.473799999999999
Sr4Cd4B8O20,3.530599999999999
Sr4Cd4P8O28,3.9048
Sr1Ce1N2,1.267999999999999
Sr1Cl2,5.5675
Sr2Cl2F2,5.9377
Sr2Co4As4O16,2.3082000000000003
Sr2Co4P4O16,3.0601
Sr2Co6P8O28,3.081699999999999
Sr4Co4P8O28,3.034799999999999
Sr4Cr4Si16O40,3.500899999999999
Sr8Cr16O56,2.5156
Sr2Cr2F8,3.6107
Sr2Cr2H2O4,0.5556000000000001
Sr4Cr4O16,2.857599999999999
Sr4Cr4P8O28,3.1321
Sr2Cu2Se4O12,0.7134
Sr3Cu6Ge3S12,1.046299999999999
Sr2Cu2As2,0.0038
Sr2Cu2F8,0.8036000000000001
Sr12Cu12N12,0.264499999999999
Sr2Cu2S2F2,1.5126
Sr4Er8O16,3.766499999999999
Sr1Fe2P4O14,2.0648
Sr4Fe8P8O32,3.8426
Sr2Fe4Se8O24,2.3881
Sr2Fe6P8O28,4.004300000000001
Sr2Fe6P6O26,0.5195000000000001
Sr8Fe8F40,3.728799999999999
Sr4Fe4P8O28,4.2064
Sr4Ga8Ge8O32,3.0761
Sr4Ga8Si8O32,3.9438
Sr2Ga4B4O14,3.9722
Sr2Ga8O14,2.434599999999999
Sr8Ga8B8O32,3.7683
Sr8Ga8F40,5.6513
Sr1Ga1Ge1H1,0.295799999999999
Sr4Ga4H20,3.3941
Sr1Ga1Sn1H1,0.415099999999999
Sr4Gd4Cu4S12,1.1721
Sr4Gd4Cu4Se12,1.0135
Sr2Ge2P4O16,4.0991
Sr16Ge16N32,2.4586
Sr6Ge6O18,3.4179
Sr4Ge4Pb4O16,3.4863
Sr1Ge1Te1O6,2.9532
Sr4H8,3.1544
Sr2H8S6O24,5.865600000000001
Sr8H48Cl16O88,5.314500000000001
Sr2H2Br2,3.8297
Sr2H2Br2O2,4.3214
Sr2H2Cl2,4.044700000000001
Sr2H2Cl2O2,4.9798
Sr2H2I2,3.5902000000000003
Sr4H4I4O4,3.742499999999999
Sr4H4N4,2.0279
Sr2Hf2N4,1.5456999999999992
Sr4Hf4O12,4.1704
Sr4Hf4S12,1.4955999999999992
Sr4Hg8Cl8O8,1.659399999999999
Sr1Hg1O2,2.1978
Sr4I8,3.801999999999999
Sr2I2F2,4.3096
Sr4In8O16,1.807999999999999
Sr2La8Si6O26,4.419399999999999
Sr2La2Al6O14,4.415
Sr2La2Co2O8,1.3403
Sr4La4Cr4O16,1.9756999999999991
Sr4La4Cu4S12,1.1616
Sr2La2Ga6O14,3.2781
Sr4La4V4O16,1.7713
Sr2Li2B18O30,5.7528
Sr2Li2B6S12,2.91
Sr12Li24Si24N48,3.559699999999999
Sr8Li16Cr8N24,0.9152
Sr3Li6Si3O12,4.6041
Sr2Li4Ta4O14,2.2704
Sr4Li8Ti24O56,2.951999999999999
Sr2Li8N4,0.6182000000000001
Sr4Li4Al12N16,3.0465
Sr4Li4As4,1.0323
Sr4Li4B4O12,4.3589
Sr4Li4Bi4,0.5558000000000001
Sr2Li2Cr2F12,4.3642
Sr4Li4Fe4F24,4.1343
Sr6Li6Ga6N12,2.2221
Sr2Li2N2,0.2574
Sr2Li2P2,1.343099999999999
Sr4Li4Sb4,0.6857999999999991
Sr2Li2V2F12,2.6226000000000003
Sr4Lu8O16,4.1641
Sr2Lu2Cu2S6,1.344199999999999
Sr2Lu2Cu2Se6,1.122699999999999
Sr1Mg2Ga2N4,2.126499999999999
Sr1Mg2Fe1H8,1.724299999999999
Sr1Mg2N2,1.6917
Sr8Mg24Si8N32,2.413299999999999
Sr4Mg4B8O20,4.9917
Sr4Mg4Ge4,0.0269
Sr2Mg2H8,2.7087
Sr4Mg4Ni4H16,1.812399999999999
Sr4Mg4P8O28,5.6299
Sr4Mg4Si4,0.032999999999999
Sr8Mg8V16O56,2.7983
Sr4Mn4Ge8O24,1.5991
Sr4Mn4Se8O24,3.4451
Sr4Mn8P8O32,3.4677
Sr4Mn8V8O32,2.0316
Sr3Mn15S18O72,4.3163
Sr4Mn4P8O28,3.9331
Sr2Mo4Se4O22,2.7115
Sr2Mo2O6,1.3088
Sr2Mo2O8,3.8445
Sr2Nb4Bi4O18,2.5807
Sr4Nb8O16,1.3932
Sr4Nb8O24,2.9977
Sr2Nb16O28,0.2536
Sr2Nd8Si6O26,4.680400000000001
Sr2Nd2Al6O14,4.277299999999999
Sr4Nd4Cu4S12,1.2165
Sr2Nd2Ga6O14,3.208599999999999
Sr2Ni6P8O28,4.020099999999999
Sr1Ni1F6,1.7074
Sr4Ni4P8O28,3.740199999999999
Sr4Np4P8O32,0.031499999999999
Sr1O1,3.2748
Sr1O2,2.8495
Sr6P6,0.4594
Sr4P44H112N36,1.9578
Sr6P12,0.796899999999999
Sr2P4H8O8,5.437099999999999
Sr2P4Xe6F36,2.6253
Sr4P8Pd4O28,0.5015000000000001
Sr4P12,0.378
Sr4P4S12,3.1224
Sr4P4Se12,2.1432
Sr4Pb4O12,0.7941
Sr2Pd2F8,1.3251
Sr2Pr2Al6O14,4.2972
Sr4Pr4Cu4Se12,1.0231
Sr2Pr2Ga6O14,3.2388
Sr4Re4N12,1.9969
Sr1S1,2.497
Sr4S4O16,5.9178
Sr4Sb4F20,4.7617
Sr16Sb16Se48,0.358099999999999
Sr4Sc8O16,3.6335
Sr1Se1,2.2313
Sr4Se8O20,3.2926
Sr2Se2O6,3.7027
Sr4Se4O16,3.5358
Sr4Si8B8O32,5.68
Sr4Si4N8,2.9715
Sr6Si6O18,4.6251
Sr2Sm2Al6O14,4.2408
Sr1Sn1B2O6,3.617799999999999
Sr4Sn4H24O24,3.716499999999999
Sr2Sn2P4O16,3.5533
Sr4Sn4O12,1.7365
Sr4Sn4S12,0.8335999999999991
Sr2Ta4Bi4O18,2.514199999999999
Sr4Ta8O24,3.2307
Sr2Ta8O22,3.5232
Sr2Ta2F14,5.4935
Sr4Ta4N4O8,1.116899999999999
Sr4Tc4N12,1.581799999999999
Sr1Te1,1.7616
Sr4Te4H8O16,3.8288
Sr4Te4O12,3.6116
Sr4Te4O16,2.2486
Sr4Th4P8S32,2.254699999999999
Sr4Th8Se20,1.48
Sr2Ti2P4O16,2.6126
Sr4Ti12Al32O76,2.6519
Sr1Ti4P6O24,2.7819000000000003
Sr4Ti4Ge4O20,2.878599999999999
Sr2Ti2N4,0.7925999999999991
Sr2Ti2O6,1.848799999999999
Sr1Tl2P4O12,4.453600000000001
Sr4Tl8O16,0.079299999999999
Sr4Tl4P4S16,2.0933
Sr4Tl4V4O16,3.2379
Sr4Tm8O16,3.8156
Sr2U2Mo8O32,2.093499999999999
Sr2U2Se4O16,1.981399999999999
Sr2U2I12,0.3156
Sr1U1O4,1.979499999999999
Sr1V2P4O14,2.121299999999999
Sr4V8P8O36,1.468599999999999
Sr2V8Ag4O24,2.0861
Sr1V4Bi6O20,2.891999999999999
Sr4V4Cl4O12,2.189
Sr8V8F40,2.3771
Sr4V4P4O24,2.4421
Sr2W2N6,1.1076
Sr2W2O8,4.6571
Sr4Zn4Se8O24,4.3597
Sr4Zn8As8O32,3.0527
Sr4Zn8P8O32,4.1385
Sr2Zn2As2F2,0.6936
Sr2Zn2Cl8,4.3014
Sr2Zn2H12O10,3.6372
Sr4Zn4O8,2.0793
Sr4Zn4P8O28,4.4557
Sr1Zr4As6O24,4.0082
Sr1Zr4P6O24,4.3718
Sr2Zr2N4,1.227199999999999
Sr4Zr4O12,3.6122
Sr4Zr4S12,0.551199999999999
Ta2I4Cl4,1.1785
Ta12Mo1O33,2.2586
Ta2Ag1F12,0.7160000000000001
Ta4Bi8O22,2.7997
Ta48Br120,0.0754
Ta8Cd4P24O84,3.6268
Ta4Cd4O14,2.0269
Ta8Cd4O24,4.0196
Ta48Cl120,0.056
Ta8Co4O24,2.004
Ta8Cr4O24,0.0861
Ta8Fe4O24,2.7333
Ta8Hg8F44,1.0553
Ta4Mn2P12O42,2.0819
Ta4Mn8O18,2.4602
Ta8Mn4O24,2.0483
Ta2Mo2O11,2.585
Ta4Ni6S16,0.5263999999999991
Ta4Ni6Se16,0.3317
Ta8Ni12Te20,0.021199999999999
Ta4O10,1.2267
Ta4Pb4O14,2.820099999999999
Ta8Pb4O24,2.7625
Ta4Pd6Se16,0.5261
Ta4Pt6S16,0.6797000000000001
Ta4Pt6Se16,0.6803
Ta4Se34Br24,1.396299999999999
Ta16Se64Br8,0.5301
Ta4Se16I2,0.2872
Ta12Si12S6O72,3.8431
Ta4Sn2O12,2.1184
Ta4Sn2O12,2.2854
Ta8Te8O36,3.2261
Ta2Tl3Cu3S8,1.8183
Ta4Tl8S22,1.523299999999999
Ta4Tl8Se22,1.1589
Ta4Zn6O16,3.5117000000000003
Ta4Zn8S18O72,3.1665
Ta9Al3P18O72,2.4752
Ta12Br28,0.9288999999999992
Ta9Ga3P18O72,2.5732
Ta12I28,0.9253
Ta9In3P18O72,1.786099999999999
Ta6In4Cl18,1.2972
Ta6N10,1.214099999999999
Ta9N3O18,2.1157
Ta3O7F1,2.2236
Ta3Sb1P6O24,2.2733
Ta12Se48I4,0.179699999999999
Ta12Te16Cl4O60,2.5158
Ta6Tl4Cl18,1.3454000000000002
Ta16P16S116,1.1671
Ta16Se32S4I32,1.0721
Ta16Se36I32,0.8800000000000001
Ta16Si4Te16,0.139199999999999
Ta10Zn2P18O72,3.1569
Ta12Pb8O38,1.745299999999999
Ta6Ti1Tl2O18,2.9431000000000003
Ta8Pb6O25,0.3699
Ta18Fe4S12,0.014899999999999
Ta9P1O25,2.7108
Ta9V1O25,2.5765
Ta2Ag2F12,3.554999999999999
Ta4Ag4P16O52,2.143
Ta1Al1Fe2,0.3242
Ta4Al4O16,3.282
Ta2As4,0.013399999999999
Ta4As4O20,3.0581
Ta2As2P2Cl26,2.6098
Ta2B2O8,3.4514
Ta2Bi2P8O28,3.0778
Ta4Bi16Br4O32,1.344599999999999
Ta4Bi16Cl4O32,1.3395
Ta4Bi4O16,2.9755000000000003
Ta8Br40,2.0361
Ta4Cd4B4F40,5.531
Ta4Cl12O4,3.0691
Ta4Cl16F4,3.0944
Ta6Cl30,2.8257
Ta4Cl4F32,3.122
Ta2Cr6Cu4S16,0.1422
Ta2Cr2O8,2.459699999999999
Ta1Cu3Se2S2,1.7547
Ta1Cu3S4,1.9231
Ta1Cu3Se3S1,1.6491
Ta1Cu3Se4,1.597999999999999
Ta1Cu3Te4,1.140699999999999
Ta4Cu4S12,0.418
Ta4F20,5.5366
Ta1Ga1Fe2,0.0597
Ta4H36N12F20,4.8151
Ta2I4O2,0.8866
Ta8I40,1.1846
Ta2In2O8,3.5727
Ta4Mn4Nb4O24,2.569
Ta4N4O4,1.933799999999999
Ta1Nb1Cu6S8,1.7338
Ta2P4N2Cl24,2.8674
Ta8P16S16Cl40,2.3564
Ta8P16Se16Cl40,1.9078
Ta2P2Cl20,2.3387
Ta4P4O20,2.932
Ta8P8S48,0.8728
Ta2Pb2F14,5.132499999999999
Ta4S4Cl28O4,2.8827
Ta4Sb4O16,2.9929
Ta1Sb1Ru1,0.665
Ta6Sn6P18O72,3.7518
Ta1Sn1Rh1,1.0594
Ta8Te32Cl32O8,1.162399999999999
Ta2Te8I2,0.5627000000000001
Ta2Te2Br18,2.1847
Ta2Ti2P6O24,2.8478
Ta1Tl1P2O8,3.139
Ta4Tl8Ag4S16,2.0324
Ta1Tl3S4,2.532499999999999
Ta1Tl3Se4,2.2527
Ta2Tl2Cl12,2.7749
Ta8Tl8O24,0.9801
Ta4Tl4V8O32,2.7868
Ta2Tl2W2O12,3.2355
Ta1V1Cu6S8,1.1898
Ta2V2O8,1.8279
Ta4V4O20,2.171999999999999
Ta2Zn4N6,2.2992
Tb16B48O96,5.582699999999999
Tb2Cl6O24,5.2328
Tb2Cu6S6,1.341
Tb4I12O36,3.5024
Tb4N12O36,3.372099999999999
Tb8P24O72,5.6602
Tb2Zn6P6,0.2365
Tb22In12Ge8,0.0037
Tb22In12Si8,0.035099999999999
Tb8Mo12O48,3.3639
Tb8S12O48,5.786399999999999
Tb4Au10F42,1.6596000000000002
Tb4Be4Ge2O14,4.4749
Tb4Be4Si2O14,5.1182
Tb4Cl6,0.8523000000000001
Tb4Cr2Sb2O14,2.1144
Tb8Eu4Se16,0.1933
Tb8Ge4B8O32,4.6023
Tb8Ge8O28,3.758099999999999
Tb4Hf4Mo14O56,3.2106
Tb8Hf4S20,1.146199999999999
Tb4Mn4O14,1.1024
Tb4Mn2Ni2O12,1.8813
Tb4Mn2Sb2O14,0.429599999999999
Tb4Mo8O30,3.3306
Tb8Mo4O24,2.2016
Tb16O24,3.9006
Tb4Pb4O14,1.1856
Tb4Pt4O14,1.357899999999999
Tb8S12,0.579299999999999
Tb2S1O2,2.9772
Tb8Se8O28,3.3263
Tb8Se12,0.3411
Tb2Se1O2,2.1407
Tb12Se6O6F12,2.8112999999999992
Tb8Si8O28,4.9475
Tb8Si16C4N24,3.149599999999999
Tb8Si4O20,4.847
Tb8Si4Se4O16,2.5839
Tb4Sn4O14,2.7218
Tb8Te12,0.5516999999999991
Tb4Te8O22,3.2498
Tb2Te1O2,1.1715
Tb2Te1S2,1.8187
Tb8Ti8O28,3.0997
Tb2Ti2S2O5,0.7039000000000001
Tb8Ti4O20,3.300899999999999
Tb4V2Fe2O12,1.3995
Tb8W4O24,3.649
Tb8Zr4S20,1.134999999999999
Tb12Al20O48,4.559899999999999
Tb6B2W2O18,3.8011
Tb6Cu6Sb8,0.280799999999999
Tb6Cu2Ge2S14,1.8074
Tb6Cu2Ge2Se14,1.1262
Tb6Cu2Si2S14,1.733
Tb6Cu2Si2Se14,1.4882
Tb24Ga16,0.016799999999999
Tb12Ga20O48,3.486199999999999
Tb6Ga2O12,3.605399999999999
Tb12In4S24,1.3344
Tb18P6O42,4.525600000000001
Tb18P6O42,4.531499999999999
Tb12S12N4,1.409399999999999
Tb6Sb10O24,3.1414
Tb6Sb2O14,2.752
Tb12Se8Cl4O32,4.086
Tb6Si4Cl10O12,4.689599999999999
Tb6Ta2O14,3.4485
Tb12Te12N4,1.0929
Tb12Tl4F40,5.8541
Tb16Si12S48,2.4231
Tb16B4Cl4O28,4.7323
Tb16Cd4Ni4,0.0604
Tb16Cd4Pd4,0.028099999999999
Tb16Cd4Pt4,0.0556
Tb16Ga4Sb4S36,2.0116
Tb16Mg4Ni4,0.012199999999999
Tb4Se3N2,1.3453
Tb16Te12N8,1.4759
Tb20C8Br36,0.8155999999999991
Tb40Ir8Br72,0.6524999999999991
Tb40Rh8Br72,0.4516
Tb5Se2Cl3O10,3.7466
Tb10Si4B2O26,4.4975000000000005
Tb12Al86Mo8,0.0323
Tb6Co1Br10,0.002799999999999
Tb12H88N16O102,3.0702
Tb6Mg1Ge2S14,2.1789
Tb6Ni1Br10,0.4283
Tb12Ta8Al86,0.024399999999999
Tb7Co1I12,0.2763
Tb7Fe1I12,0.2273
Tb7Pt1I12,0.095999999999999
Tb7Rh1Br12,0.159
Tb7Rh1I12,0.1656
Tb16Ga6Co2,0.001199999999999
Tb24Se45,0.251599999999999
Tb24Se45,0.1278
Tb18Al10S42,2.4122
Tb8Ag8S16,1.7597
Tb2Ag2Te4,0.8994000000000001
Tb2As2O8,3.6466
Tb4As4S4,0.0285
Tb4As4S4,0.1845
Tb4As4Se4,0.075099999999999
Tb4B16Mo4,0.5646
Tb4B16W4,0.5609000000000001
Tb2B2O6,4.4297
Tb1Bi2Br1O4,1.2946
Tb1Bi2Cl1O4,1.3439
Tb1Bi2I1O4,1.326699999999999
Tb2Br6,2.8564
Tb2Cl6,3.7966
Tb4Co4O12,1.4208999999999992
Tb4Cr4B16,0.3781
Tb4Cr4O12,2.4854
Tb2Cr2O8,0.2967
Tb2Cr2Te2O12,2.6885
Tb2Cu2Pb2S6,1.6325
Tb4Cu4Pb4Se12,1.2303
Tb4Cu4S8,1.1832
Tb4Cu4Se8,0.8242
Tb4Ga8Ag4,0.1192
Tb4Gd8Ga20O48,3.4534
Tb4H4C12O24,3.3288
Tb2H36Br6O36,4.4174
Tb2H4Br2,1.6956
Tb2H4Cl2O4,4.798500000000001
Tb2H2O4,3.9499
Tb8H8S8O40,5.530200000000001
Tb1H1Se1,1.5054999999999992
Tb2I6,2.0929
Tb4Mn8O20,1.1663
Tb4Mn4O12,0.4016
Tb4Mo4Br4O16,1.8562999999999992
Tb2Mo2Cl2O8,2.748
Tb1N1,0.013399999999999
Tb2Nb2O8,3.5125
Tb1Ni1Bi1,0.2301
Tb1Ni1Sb1,0.330999999999999
Tb2O2F2,4.9318
Tb4P16H4O48,5.865
Tb4P20O56,5.572999999999999
Tb2P2O8,5.8675
Tb8P8S8,0.3867
Tb8P8S32,2.1921
Tb2Pa2O8,2.786
Tb4Pt4F28,2.1737
Tb4Rh4O12,0.8749000000000001
Tb4S8,0.314799999999999
Tb4S4Br4,2.927699999999999
Tb2S2F2,1.2587
Tb4Sb4O16,2.3405
Tb1Sb1Pt1,0.0968
Tb4Sc4S12,1.7696
Tb4Se4Cl4O12,4.386799999999999
Tb2Si8B36C2,1.4466
Tb2Ta2O8,4.0177
Tb4Ta4Ti4O24,3.153499999999999
Tb2Ti2Cl2O6,3.155999999999999
Tb4Tl4Mo8O32,3.2868
Tb2Tl2P4Se12,1.529
Tb2Tl2W4O16,2.9699
Tb1Tl1S2,1.6253000000000002
Tb1Tl1Se2,1.2548
Tb1Tl1Te2,0.7241999999999991
Tb4V4O12,1.439599999999999
Tb2V2O8,2.9881
Tc8O20F16,1.883
Tc8O28,2.6664
Tc24Te60,0.525999999999999
Tc12Se16I4,0.9837
Tc2Ag2O8,1.6034000000000002
Tc8Bi24O64,2.049
Tc4Br12,0.134
Tc8Br32,0.6761
Tc6Cl18,0.6643
Tc8Cl32,0.8658
Tc8F32,1.3061
Tc8O16F24,2.5259
Tc6O6F24,0.9928999999999992
Tc4P12,0.450600000000001
Tc8P32,0.8481000000000001
Tc4S8,1.1885
Tc4S4O24F4,2.721
Tc4Sb4O8F32,2.8238000000000003
Te4H24O24,3.0698
Te4S16O56,3.3708
Te16Br8,0.6562999999999991
Te4H4O6F8,4.6208
Te16I8,0.6558
Te4Mo2,0.8632999999999991
Te4Mo6Se14Br20,1.486899999999999
Te8Mo4O28,2.8614
Te4O6F4,3.389199999999999
Te4O10,1.6822
Te4P4O18,3.4783
Te4Pb6Br4O12,2.5124
Te4Pb6Cl4O12,2.5593999999999992
Te4Ru2,0.2847
Te8S4O16F24,4.047899999999999
Te4S2O14,3.3025
Te18Pb12O48,3.044899999999999
Te6Pd8Br8,0.7702
Te6As4,0.4326
Yb4Pr2Dy2S12,1.271199999999999
Yb4S6,2.5394
Yb6N4,0.3418
Yb4Mn1S7,1.017899999999999
Yb1C2,1.0375
Yb2Ce2S6,0.0973
Yb2Cr2O8,2.3346
Yb1H2,0.0014
Yb1I2,4.007
Yb2O2F2,5.4508
Yb4Pd4,0.117599999999999
Yb1S1,2.2246
Yb1Te1,1.4678
Zn2Au4F16,1.7174
Zn2B4H16,4.6445
Zn2Cr4S8,0.0344
Zn2Cr4Se8,0.038899999999999
Zn2Cu4O8,0.429799999999999
Zn2Fe4O8,1.6686
Zn2Ga4O8,2.310499999999999
Zn1Ga2S4,2.276499999999999
Zn1Ga2Se4,1.400099999999999
Zn1Ga2Te4,1.0183
Zn2H60N32,3.6138
Zn16H64N32,2.3718
Zn4H8O8,2.9697
Zn2I4O12,3.2595
Zn1In2Se4,0.9929
Zn1In2Te4,0.8291000000000001
Zn4N8O24,3.4277
Zn2P4O12,4.6635
Zn1Pt3O6,0.3047
Zn1Re2O8,3.992
Zn2Rh4O8,0.9323999999999992
Zn2Sb4O12,0.542199999999999
Zn4P6S18,1.8214
Zn16As16O56,2.0523
Zn8As4H4O20,1.9675
Zn8B8Pb4O24,3.473299999999999
Zn8Br4N4,1.8521
Zn2Cu1As2O8,0.4821
Zn12Ge6O24,2.2752
Zn4Hg4O2F12,0.8682000000000001
Zn8I4N4,1.6378
Zn4Mo2Se2O14,3.7131
Zn8N4Cl4,1.9701
Zn16P16O56,3.9692
Zn4P2N6,2.5136000000000003
Zn4Pt2O8,0.6309
Zn16Se8Cl16O24,4.124
Zn12Si6O24,2.7537000000000003
Zn4Te6O16,3.2965
Zn16Te8Br16O24,3.3087
Zn16Te8Cl16O24,3.704399999999999
Zn4Te2Mo2O14,3.4519
Zn12As8O24,3.6597
Zn6As4O16,2.1475
Zn6P4O16,3.4214
Zn96As64,0.248
Zn12Cd12Te8O48,1.8056
Zn6Co8Sb4O24,0.347099999999999
Zn6Fe4Se12O36,2.470799999999999
Zn6Mo2N8,2.1347
Zn6Ni8Sb4O24,1.1224
Zn24P16,0.3144
Zn3P1Br3,1.6198
Zn6S4O18,3.3638999999999992
Zn18Te6O36,1.062799999999999
Zn6W2N8,2.493299999999999
Zn4B6O13,3.4134
Zn4B6Se1O12,1.8571
Zn8Co10Te6O36,0.9073
Zn4P6N12O1,2.971599999999999
Zn4P6S1N12,4.092599999999999
Zn12B6H2O22,2.8322000000000003
Zn216Ru36,0.011299999999999
Zn1Ag2Ge1S4,0.9342
Zn1Ag2Sn1S4,0.218199999999999
Zn4Ag4P4O16,1.7382
Zn4Ag4P4S16,2.193399999999999
Zn8As16,0.224099999999999
Zn8B32O56,4.8477000000000015
Zn4Bi8B8O28,2.6853
Zn2Bi12P4O30,2.7511
Zn16Br32,3.2214
Zn4C4N8,3.4511
Zn2C2O6,3.5639000000000003
Zn2Cl4,4.0533
Zn1Co1F6,0.6667999999999991
Zn4Co4Te12O32,2.8426
Zn1Cr1F6,1.6674
Zn2Cr2Fe2O8,1.3234
Zn2Cr2O8,2.0907
Zn1Cu2Ge1S4,0.369399999999999
Zn2Cu4Si2S8,1.609999999999999
Zn1Cu2Si1Se4,0.5549000000000001
Zn1Cu2Si1Te4,0.158999999999999
Zn1Cu2Sn1S4,0.094399999999999
Zn2F4,3.4592
Zn1Fe1F6,0.8452000000000001
Zn2Ga4Te8O24,3.5765
Zn2Ge2As4,0.001199999999999
Zn4Ge4N8,1.6955
Zn2Ge2P4,1.1782
Zn4H48N12Cl20,4.6865
Zn2H4S4O16,4.661
Zn2H4Se4O16,2.7465
Zn8H16N16O56,3.49
Zn2H4S2O10,4.2653
Zn2H4Se2O10,2.7214
Zn2H12S8O32,5.302099999999999
Zn2H12Se8N4,1.4965
Zn16I32,2.9118
Zn2In4Se8O24,3.888599999999999
Zn2Mo2O8,2.300799999999999
Zn1Ni1F6,1.6071
Zn2Ni2Te6O16,3.239999999999999
Zn2O2,0.7227
Zn4P56Pb4,1.1394
Zn8P16,1.4617
Zn4P8Pb4O28,4.224600000000001
Zn4P16O44,4.755800000000001
Zn4Pb8F24,3.922799999999999
Zn1Pb1F6,1.6928
Zn1Pd1F6,1.5893000000000002
Zn1Pt1F6,2.0919
Zn28S28,2.0195
Zn4S4O16,3.823299999999999
Zn8Sb8,0.0282
Zn1Sb2Xe6F24,2.558099999999999
Zn4Sb8Cl8O12,3.7109
Zn4Sb12Xe4F92,1.6604
Zn1Se1,1.1663
Zn4Se8,0.7291999999999991
Zn4Se8O20,3.0515
Zn8Se8O24,3.9227
Zn4Se4O16,2.3858
Zn2Si2Ag4S8,1.6859000000000002
Zn2Si2As4,0.8866
Zn4Si4N8,3.1944
Zn2Si2P4,1.3641
Zn8Si8Pb8O32,3.1964
Zn6Sn6S18O72,2.057
Zn1Sn1F6,3.7147
Zn4Sn4N8,0.1207
Zn2Sn2P4,0.704299999999999
Zn3Te3,1.073299999999999
Zr1B4H16,5.2943
Zr2Cl8O32,4.457599999999999
Zr3Cu6Cl18,1.630399999999999
Zr2I8O24,3.175099999999999
Zr2In4Br12,2.41
Zr1Mo2O8,3.1883
Zr8P32O96,4.1128
Zr2P4S12,1.5351
Zr4S8O32,3.5654999999999992
Zr4Se16Cl24,1.3208
Zr2Se4Cl24,2.8159
Zr6Te12Cl72,3.0775
Zr5Tl20S20,1.5449000000000002
Zr5Tl20Se20,1.325399999999999
Zr2Ag1Pd1F11,0.165
Zr4H24N20O70,1.4474
Zr8Mo4P8O48,3.1721
Zr16N16O8,1.6503
Zr4P4O18,4.1075
Zr8P8S4O48,4.2174
Zr4S2N4,0.5637999999999991
Zr2Sb2Pb4O13,1.8279
Zr4Se2N4,0.3368
Zr12Si6S12O72,3.8
Zr4Te8Br4O22,2.8298
Zr4Te8Cl4O22,3.163999999999999
Zr8Te4Br48,2.4195
Zr6Ag2Hg6F40,0.751699999999999
Zr12Bi4F60,5.2282
Zr6In2F30,5.404999999999999
Zr6N4O6,2.538599999999999
Zr12N16,0.970499999999999
Zr6Ni6Sb8,0.434199999999999
Zr6Pb2O8F12,2.844999999999999
Zr6Sb8Pt6,0.7934000000000001
Zr3Te1Pb4O13,1.812599999999999
Zr3Tl2Cu2S8,0.7078000000000001
Zr3Tl2Cu2Se8,0.318199999999999
Zr6Tl4O2F24,4.2570000000000014
Zr12Tl4F60,3.4505
Zr4Cd1P6O24,3.7527
Zr16N12O4F20,2.3129
Zr8Ni2P12O48,3.2858
Zr6Ag7F31,2.9066
Zr12C2Cl28,1.2812
Zr12C2I28,0.899899999999999
Zr6Co1Cl15,1.0883
Zr12Co2I28,0.0062
Zr12Fe2Cl28,1.150699999999999
Zr12Fe2I28,1.0127
Zr12Ge2I28,0.9028
Zr12Mn2Cl28,0.159599999999999
Zr48N8Cl120,1.4074
Zr12Si2I28,1.084
Zr6Zn23Ge1,0.257499999999999
Zr1As1Ir1,0.269499999999999
Zr4B8O20,3.7962
Zr8Br32,3.7707
Zr2Br2N2,1.4423
Zr1Cl2,1.0479
Zr2Cl6,0.365799999999999
Zr2Cl8,3.6058
Zr1Co1Bi1,0.9771999999999992
Zr1Cr1F6,2.6153
Zr4F16,5.3453
Zr2Fe2Cl12,0.335199999999999
Zr1Fe1F6,3.2465
Zr2Ge2Te8,0.376199999999999
Zr4H12N4F16,4.6904
Zr4H24O12F16,5.2923
Zr2Hg6S4Br12,1.8586
Zr2Hg6S4Cl12,2.568699999999999
Zr2Hg6Se4Br12,1.936799999999999
Zr2Hg6Se4Cl12,2.5759
Zr8Hg32P16Cl48,2.1134
Zr4I8,0.284599999999999
Zr4I12,0.1623
Zr6I24,2.021
Zr2I2N2,1.2172
Zr1In1Au1,0.4412
Zr1Mn1F6,4.4442
Zr2Mn2Tl2F14,2.3108
Zr8N48O136,1.5707
Zr2N2Cl2,1.745099999999999
Zr4N4F4,2.0644
Zr6Nb6P18O72,2.913599999999999
Zr1Ni1Sn1,0.4954
Zr4O8,3.5322
Zr1P2H2O6,4.1162
Zr4P8H8O32,4.3746
Zr4P8N4Cl44,2.8693
Zr4P8O28,4.4725
Zr4P8S28,1.660299999999999
Zr2Pb6F20,4.674
Zr2Pb2F12,5.0238
Zr1S2,1.0418
Zr2S6,1.113299999999999
Zr4S4Cl24O4,3.3005
Zr4S4O4,2.4195
Zr1Sb1Rh1,1.1648
Zr1Se2,0.3296
Zr2Se6,0.3979
Zr2Si2O8,4.1495
Zr1Si1Ru2,0.2353
Zr1Sn1Pd1,0.1251
Zr1Sn1Pt1,0.9627999999999992
Zr4Sn4S12,0.9944
Zr6Ta6P18O72,3.763899999999999
Zr2Te4Br10,1.1062
Zr4Te12O32,3.7385
Zr2Te10,0.0192
Zr2Tl4Pb2S8,0.9546999999999992
Zr2Tl4Pb2Se8,0.6989999999999991
Zr2Tl4S6,0.8937
Zr2Tl2Cd2F14,4.9716000000000005
Zr2Tl2Cu2S6,0.6120999999999991
Zr2Tl2Cu2Se6,0.2271
Zr4Tl4F20,4.8808
Zr4V8O28,2.5909
Zr6Zn6S18O72,4.0034
Zr1Zn1N2,1.99
Te6As4O22,3.0787
Te12Cl8,1.3552
Te6Mo2Cl32,0.4888
Te12P8O44,3.422599999999999
Te8Mo4Ru2,0.2499
Te16P8O52,3.153899999999999
Te12Ir2Cl6,1.125099999999999
Te12Rh2Cl6,1.0896
Te4As4Br12F24,3.0984
Te4As4Cl12F24,3.974599999999999
Te16As16Se64F96,1.4762
Te4As4Ir4,1.0847
Te4As4Ru4,0.8250000000000001
Te2Au2Cl14,1.5508000000000002
Te4Au4I4,1.1214
Te8Br32,2.5242
Te4Br4O12F20,2.7668
Te8Cl32,3.1165
Te4F16,4.0186
Te4F24,4.3975
Te2H36Br12O16,2.1486
Te8H8O24,2.2733
Te4I4,0.7871
Te16I64,1.8562999999999992
Te4Mo12Se28I24,1.070099999999999
Te4O8,3.0604
Te4O12,2.1595
Te4O4F8,4.2002
Te4P4Cl36,1.8036999999999992
Te1Pb1,0.8063
Te2Pb4O10,2.019599999999999
Te1Pb3Br2O4,1.9229999999999992
Te1Pb3Cl2O4,2.0877
Te4Pb20O32,2.2914
Te4Pb4F24,4.6038000000000014
Te12Pb12O36,3.2104
Te2Pd2I4,0.3673
Te2Rh2Cl2,0.7797000000000001
Te4S28Br8,2.0926
Te4S28Cl8,2.3049
Te8S8O40,3.133899999999999
Te3Se3,0.7062
Te1Se2,0.6533000000000001
Te2Se2O8,2.9515
Th1As12Os4,0.4657
Th2As16O36,3.6132
Th2B8Os8,0.242899999999999
Th1Cu2P2,0.119799999999999
Th1Fe4P12,0.5348
Th2In4Br12,2.7543
Th8Mo16O64,3.7356
Th1P12Ru4,0.0754
Th4P16O48,5.202
Th4P8Ru8,0.136000000000001
Th2P4S12,2.448
Th8S16O64,4.5748
Th8Se32O80,3.5655
Th4Se8O24,3.936
Th2Te4I4,1.033399999999999
Th4Te8O24,3.6142
Th2As1N1O1,0.8689999999999991
Th4Au2F22,2.3273
Th4Cu2P6O24,2.9463
Th4P4O18,5.073399999999999
Th2P1N1O1,1.3129
Th8S20,1.7512999999999992
Th2S1N2,1.424
Th2Sb1N1O1,0.220699999999999
Th8Se20,0.5162
Th2Se1N2,1.359199999999999
Th2Te1N2,1.6182999999999992
Th6As8,0.2713
Th6Bi8,0.0921
Th3N4,1.4415
Th6P8,0.261699999999999
Th6Sb8,0.038199999999999
Th6Tl2F26,5.7133
Th8P12O46,4.258999999999999
Th4P6Pb1O24,4.4866
Th12Al86Mo8,0.034
Th12C2Br28,0.7041000000000001
Th6Co1Br15,0.6793
Th4B8O20,4.8178
Th2Br8,2.6098
Th2Br2N2,2.639599999999999
Th2Cd2Mo6O24,3.5168
Th2Cl8,3.6452
Th4Cr4I8O40,2.7329
Th2H20N8O34,3.5718
Th4H8S4O24,5.080999999999999
Th4I16,1.8452
Th2I2N2,2.6859
Th2N2Cl2,2.496299999999999
Th2N2F2,2.259
Th1Ni1Sn1,0.2675
Th1O2,4.4187
Th4P8O28,5.4109
Th4S8,1.033599999999999
Th2S2O2,1.114499999999999
Th1Sb1Rh1,0.7438
Th4Se8,0.6304999999999991
Th4Se8O28,3.7779
Th2Se6,1.2728
Th2Se2O2,0.769
Th2Si2O8,4.8900000000000015
Th1Sn1Pt1,0.6738000000000001
Th4Ta4N12,0.349499999999999
Th2Te6,0.6758999999999991
Th2Te2O2,0.242399999999999
Th4Te4S4O28,4.226799999999999
Th4Tl12F28,3.1788
Th2Tl2Cu2Se6,1.7357
Th4Tl4F20,4.8443000000000005
Th1V2Pb1O8,2.432499999999999
Th4V16O48,2.6896
Th2Zr4F24,5.5089
Th8Zr8F64,5.6923
Ti2Cl8O32,2.9158
Ti1Cu4S4,1.4256
Ti4N16O48,2.8015
Ti2P4S12,1.4501
Ti3S6O24,2.2283
Ti2Se4O12,2.4447
Ti4Tl16S16,2.5021
Ti4Tl16Se16,2.1386
Ti26Si62Ni80,0.051200000000001
Ti8Co4P8O40,1.9118
Ti8Co4O20,1.7405
Ti8Fe4P8O40,1.9465
Ti2Fe1Ni1Sb2,0.9409999999999992
Ti4Ni2P4O20,3.042
Ti12P12S6O72,2.5547
Ti16P8Cl104,2.3251
Ti2Sb2Pb4O13,1.624699999999999
Ti4Tl6P10S36,1.3031
Ti4V2P6O24,0.0769
Ti3P6W1O24,2.5297
Ti12Tl12P20O80,2.5918
Ti4Ni15O24,1.2556
Ti8Fe2P12O48,2.3278
Ti4Mn1P6O24,2.4649
Ti4P6Pb1O24,2.7893
Ti16S96Cl24O4,1.0792
Ti16S32Br24O4,1.4006
Ti8S16Cl12O2,1.597
Ti8Te18I8O2,0.396299999999999
Ti20P16O80,2.9311
Ti12C2Cl28,0.9743
Ti12Tl10Ag2Se54,0.6789000000000001
Ti8Ag8P8O40,2.4369
Ti1Al1Fe1Co1,0.1246
Ti4As8O28,2.7625
Ti2Bi4O10,2.735999999999999
Ti8Br32,2.4977
Ti2Br2N2,0.5646
Ti1Cd1F6,4.3774
Ti2Cd2O6,2.9057
Ti4Cl12,0.352199999999999
Ti4Cl16,3.4576
Ti1Co1Sb1,1.043199999999999
Ti1Cu1F6,0.2007
Ti12F48,4.1709
Ti1Fe2Ge1,0.170899999999999
Ti1Fe2Si1,0.401599999999998
Ti1Fe2Sn1,0.0487
Ti4Fe4O12,2.2487
Ti1Fe1Te1,0.9852
Ti1Ge1Pt1,0.8822000000000001
Ti4Ge4S12,0.323699999999999
Ti2Ge2Te12,0.336699999999999
Ti1H8N2F6,4.7817
Ti4H32O12F24,4.3532
Ti2I4O14,2.536299999999999
Ti4I12,0.180899999999999
Ti2I8,1.0859
Ti2Mn2O6,2.004899999999999
Ti2N2Cl2,0.5636999999999991
Ti2Nb2P6O24,2.7411000000000003
Ti2Nb6O12,0.520799999999999
Ti1Nb6Tl2O18,2.5982000000000003
Ti4Nb4Tl4O20,2.4489
Ti1Ni4Ge1O8,2.4005
Ti1Ni1Sn1,0.4527
Ti2O4,2.0586
Ti4P8S32Cl8,1.8109
Ti4P8Cl32O12,2.7291
Ti4P8H16O36,2.9959
Ti4P8O28,2.6682
Ti2P4Pb2O16,2.5872
Ti2P6W2O24,2.234
Ti8P8Cl56O8,2.602
Ti2P2Cl18,2.1747
Ti4P4H4O20,2.85
Ti4P4N12,0.5396000000000001
Ti2P2O8F2,2.4692
Ti4Pb4S24O84,2.7366
Ti1Pb1O3,1.812999999999999
Ti2S6,0.2261
Ti4S4O20,2.574599999999999
Ti2Sb2P6O24,2.2085
Ti2Sn12F32,2.7165
Ti1Sn1Pd1,0.203899999999999
Ti1Sn1Pt1,0.7908000000000001
Ti8Te8O24F16,2.7386
Ti1Tl2Te3O12,1.6058
Ti1Tl2F6,3.8846
Ti4Tl8O12,2.0959
Ti2Tl10F18,2.8612
Ti8Tl8As8O40,2.8120000000000003
Ti2Tl2Cu2Te6,0.017899999999999
Ti8Tl8P8O40,2.748
Ti2Tl2P2S10,1.1811
Ti4V8O28,2.1462
Ti6Zn6S18O72,2.2227
Ti1Zn1F6,4.1668
Ti4Zn4N8,2.342
Tl2B12H12,4.5269
Tl2I6O18,2.1696
Tl4Cd6Sb6,0.040199999999999
Tl4I6O18,1.9192
Tl8Re12S24,1.4307
Tl8Re12Se24,1.1345
Tl8Se12O36,2.2182
Tl8Se12O48,1.4303
Tl4Au8S6,1.1385
Tl4B4Se14,1.2951
Tl12B24O42,3.3162000000000003
Tl8Bi4P8S28,2.1415
Tl6C3N6,1.892199999999999
Tl4C2O6,2.9095
Tl8Cd8S12O48,4.0658
Tl64Cl96,1.878899999999999
Tl4Co2I8,0.7544000000000001
Tl8Cr12O48,1.7286
Tl8Cu4C8O24,0.167999999999999
Tl2Cu3Se6O18,0.164099999999999
Tl8Ge8S20,2.162099999999999
Tl8Ge8Se20,1.484099999999999
Tl2Ge1F6,4.714700000000001
Tl8Ge4Pb4S16,1.9211
Tl4Ge2S6,1.7699
Tl4Ge2Se6,1.153
Tl16Ge8Te24,0.468499999999999
Tl2Hg2Pd1Cl8,1.7216
Tl4Hg6S8,1.579699999999999
Tl4Hg6Se8,1.035699999999999
Tl2In1Ga1F6,2.3602
Tl8Mo8P8O44,2.296699999999999
Tl8Mo12P12O68,2.348799999999999
Tl4Mo6Se2O24,2.3865
Tl16Mo32O104,2.8189
Tl4Mo2O8,3.462799999999999
Tl8Ni16P16O60,3.3299
Tl4O2,0.5717000000000001
Tl4P8Pd6O28,1.1747
Tl4P2Au2S8,1.299399999999999
Tl32P16S48,2.3951
Tl16P8Se24,1.5761
Tl2Pd1Cl4,1.0534
Tl4Pt4O14,0.6958000000000001
Tl4Pt10S12,0.9724
Tl2Pt1Cl6,1.7373999999999992
Tl4Pt2I12,0.5825
Tl18S9,0.7668
Tl8S20,1.667899999999999
Tl8S4O16,3.7965
Tl4Sb2F10,3.6463
Tl8Se4O16,3.3241
Tl2Si1F6,4.976
Tl4Si2S6,2.360299999999999
Tl4Si2Se6,1.682799999999999
Tl2Sn1As2S6,0.9788999999999992
Tl4Sn4S6,0.8386
Tl2Sn1Cl6,2.4814
Tl2Sn1F6,4.2962
Tl8Sn4O12,1.1414
Tl16Sn8Se24,1.1133
Tl44Te22,0.8007000000000001
Tl8Te8O20,2.873
Tl4Te6,0.638899999999999
Tl4Te2Br12,2.1632
Tl2Te1Cl6,2.5741
Tl4Te2I12,1.684399999999999
Tl16Te8O24,1.9408
Tl4V6O16,2.1152
Tl4W2O8,3.3207
Tl4Zn2I8,2.9371
Tl12Ag12As8S24,1.2454
Tl12Ag12Sb8S24,1.3068
Tl12Ag4Te8,0.5357000000000001
Tl6As2O8,2.5842
Tl24As8S24,1.649299999999999
Tl12As4S16,1.769299999999999
Tl3As1Se3,0.8813999999999991
Tl12As4Se16,0.8449999999999991
Tl6B6S20,1.8863
Tl6B2O6,1.303
Tl6B2S6,1.4222
Tl6B2Se6,1.225199999999999
Tl24Bi24P32S128,2.0969
Tl6Bi2Cl12,2.8585000000000003
Tl6Cd4I14,1.8253
Tl6Co2Cl10,0.6109999999999991
Tl12Cr8P12S48,1.565
Tl3Cr1F6,3.2437
Tl3Fe1F6,2.6238
Tl3Ga9S13O2,2.2101
Tl3Ga1F6,3.327699999999999
Tl12Ge4Te12,0.7147
Tl6P2O8,2.640899999999999
Tl12P4S16,2.2857
Tl12P4Se16,1.5581
Tl3Sb1S3,1.592
Tl6Sb2S8,1.5515999999999992
Tl12Sb4Se12,1.0148
Tl6Si2F14,3.5757
Tl12Si4Te12,1.124
Tl3V5O14,2.1447
Tl3V1O4,2.5955
Tl3V1S4,1.9554
Tl3V1Se4,1.5636
Tl16Bi8S20,1.394499999999999
Tl8Cu2Te2O12,0.469799999999999
Tl8Ge2S8,1.9011
Tl16Ge4Se16,1.0793
Tl8Mo10O34,2.5639000000000003
Tl8O6,1.099199999999999
Tl16Pb4Se12,0.281299999999999
Tl8Si10O24,3.1736
Tl8Si2S8,1.954499999999999
Tl16Si4Se16,1.473999999999999
Tl16Sn4S16,1.788199999999999
Tl32Sn8Se24,0.8678
Tl8Te6Pb2,0.103699999999999
Tl4V2O7,2.6082
Tl10Ag6P8S24,1.6724
Tl5Sb10As3S22,1.5698999999999992
Tl20Sb4O20,1.4702
Tl10Se4Br2,0.385399999999999
Tl20Se8Cl4,0.782899999999999
Tl10Se4I2,0.710199999999999
Tl12S2I8,1.7784
Tl12Si4O14,1.5876
Tl6Te1O6,1.563299999999999
Tl12V14P10O62,1.0497
Tl16Ge10O28,2.2673
Tl9Bi1Se6,0.7462999999999991
Tl9Bi1Te6,0.7500999999999991
Tl9Sb1Se6,0.8139000000000001
Tl9Sb1Te6,0.7303000000000001
Tl4Ag4P8O24,3.4598
Tl8Ag8P8Se24,1.299099999999999
Tl4Ag4Se4,0.6000999999999991
Tl4Ag4Te4,0.6385000000000001
Tl8As40Pb8S72,1.573599999999999
Tl1As1F6,4.606
Tl4As4H8F40,2.0555
Tl8As8S16,1.812399999999999
Tl16As16Se32,1.2565
Tl2Au2Cl8,1.761699999999999
Tl8Au8F48,1.527
Tl4B12O20,3.7297
Tl8B40O64,5.3567
Tl4B4F16,5.7585
Tl8B8O16,2.8659
Tl6B6S12,1.759
Tl2B2Se6,0.9154
Tl4Bi4Mo8O32,2.6848
Tl2Bi2P4S12,2.031199999999999
Tl4Bi4P8Se24,1.3847
Tl4Bi4S8O32,4.0547
Tl4Bi4S8O32,4.567399999999999
Tl2Bi2W4O16,2.7891999999999992
Tl2Bi4Cl14,3.2897
Tl2Bi6F20,4.44
Tl2Bi2F8,2.2336
Tl4Bi4P8S28,2.2214
Tl1Bi1S2,0.4949
Tl1Bi1Se2,0.232299999999999
Tl1Bi1Te2,0.468399999999999
Tl2Br2,2.1678
Tl8Br16,1.7922
Tl4Br12,2.035
Tl4Cd4Cl12,3.2976
Tl8Cd8F24,3.9371
Tl2Cl2,2.5181
Tl4Cl8,2.2468
Tl2Cl6,2.199799999999999
Tl1Cl1O4,4.570699999999999
Tl4Cr4Mo8O32,2.8216
Tl1Cr2Fe1O8,1.858899999999999
Tl2Cr6O16,1.8267
Tl1Cr5S8,0.149499999999999
Tl2Cr2Ni2F12,3.2459
Tl4Cr4P8O28,2.8078000000000003
Tl4Cu4P12O36,0.9173
Tl4Cu4P4S12,1.9735
Tl4Cu4P4Se12,1.4934
Tl4F4,3.205
Tl4F12,1.2702
Tl4Fe4Mo8O32,2.5843
Tl4Fe4S8O32,2.070999999999999
Tl4Fe4Br16,0.0359
Tl8Ga8Br32,3.585099999999999
Tl4Ga4Cl16,4.2899
Tl4Ga4I16,2.2717
Tl8Ga8S16,1.7885
Tl8Ga8Se16,1.3543999999999992
Tl2Ga2Te4,0.5555999999999991
Tl4Ge4Br12,2.256599999999999
Tl2Ge2Cl6,2.8898
Tl2Ge2Cl6,3.3207
Tl8Ge8S16,1.957899999999999
Tl2H8N2Cl8,2.4129
Tl2H12N6O24,1.8153
Tl4Hg12As8Cl12,0.8909
Tl4Hg12Sb8Br12,0.6466000000000001
Tl4Hg4Cl12,2.6710000000000003
Tl8Hg8F24,2.3394
Tl1I1,2.208599999999999
Tl4I12,1.6963
Tl1I1O3,2.763299999999999
Tl4In4Mo8O32,3.6347
Tl2In2P4Se12,1.4263
Tl2In8S10Cl2,1.530199999999999
Tl2In10S12,1.007299999999999
Tl2In10S14,0.7404000000000001
Tl4In4As8O28,2.992
Tl2In2Cl6,2.5745
Tl2In2S4,0.4748
Tl2In2Se4,0.7351000000000001
Tl8In8Si8S32,2.6785
Tl2In2Te4,0.540099999999999
Tl4Mo8P12O48,0.8793000000000001
Tl4Mo8P12O52,2.0776
Tl4Mo4P4O24,2.8562000000000003
Tl8N8O24,2.8457
Tl8P8H16O32,3.9699
Tl2P4H10O16,5.1056
Tl4P8H4O28,1.9415
Tl4P20,1.184899999999999
Tl8P8O24,3.6726
Tl2P2O8,0.7150999999999991
Tl4P4Pb4S16,2.0805
Tl2P2S6,1.7362000000000002
Tl2Pb16Br18O8,2.9557
Tl4Pb4F28,1.090099999999999
Tl2Pd4Se6,0.034699999999999
Tl2Pd6O8,1.056499999999999
Tl2Pt4S6,1.025599999999999
Tl2Pt4Se6,0.461999999999999
Tl2Pt6O8,1.4306
Tl4Re12S16Cl8,1.8577
Tl2Re12Se16Cl6,1.434699999999999
Tl12Re12O48,3.3988
Tl4S4O12F4,4.454199999999999
Tl2S2O8,1.9958
Tl2Sb2P4S12,2.145899999999999
Tl2Sb2P4Se12,1.553
Tl2Sb6F36,2.2817
Tl2Sb2Cl12,2.062999999999999
Tl4Sb4F16,3.864099999999999
Tl1Sb1F6,4.3334
Tl4Sb4O12,2.436499999999999
Tl4Sb4S8,1.6594
Tl4Sb4Se8,0.8323
Tl1Sb1Te2,0.1268
Tl2Sb2W2O12,2.7695
Tl4Se4,0.197999999999999
Tl8Sn8F24,2.8207
Tl4Sn4F28,1.8333
Tl2Sn2I6,1.8624
Tl4Sn4P4S16,1.8272
Tl4Te4F20,4.4542
Tl1V1S2O8,2.0345
Tl2V4Ag2O12,2.153299999999999
Tl2V4I6O26,1.848799999999999
Tl4V8Sb4O32,2.772
Tl2V6Se4O24,2.304599999999999
Tl2V6Cd8O24,2.3305
Tl2V6O16,2.002999999999999
Tl4V4Se4O20,2.4187
Tl4V4Te4O20,1.985399999999999
Tl8W24Br56,2.334
Tl4Zn4As4O16,3.1473
Tl1Zn1F3,3.9179
Tl4Zn4P4O16,3.8996
Tm2Al6C6,0.0528
Tm16B48O96,5.8407
Tm2Cl6O24,5.7725
Tm2Cu6S6,1.5452
Tm4Cu12Te12,0.390699999999999
Tm4I12O36,3.525
Tm4N12O36,3.2974
Tm12P36O108,5.6237
Tm2C3N6,2.488299999999999
Tm8S12O48,5.866099999999999
Tm4Be4Si2O14,5.3393
Tm2C1N2O2,4.0331
Tm4Cd2S8,1.1785
Tm8Ge8O28,3.725
Tm8Ge4O20,3.6166
Tm4Mg2S8,2.0584
Tm4Mn4O14,0.996599999999999
Tm4Mo8O30,3.2963
Tm8Mo4O24,2.091
Tm16O24,3.6932
Tm4Pt4O14,1.4709
Tm16S24,2.3929
Tm2S1O2,3.097399999999999
Tm8Se12,1.3417
Tm2Se1O2,2.1129
Tm2Si2O7,4.7967
Tm2Si9B36C1,1.208899999999999
Tm4Sn4O14,2.6576
Tm8Te12,0.5788000000000001
Tm4Te10O26,3.0101
Tm4Te2O4,0.442
Tm8Te4O24,3.1151
Tm2Te1S2,1.788999999999999
Tm8Ti8O28,3.0682
Tm8Ti4O20,3.2759
Tm8W4O24,3.648199999999999
Tm12Al20O48,4.7315000000000005
Tm12B20O48,5.3919
Tm12Ga20O48,3.2434
Tm6Sb8Au6,0.5881000000000001
Tm6Sb10O24,3.133099999999999
Tm6Sb2O14,3.7679
Tm16B4Cl4O28,4.7685
Tm8C14,0.3698
Tm16Cd4Pt4,0.0009
Tm4Zr3O12,4.1281
Tm12Al86V8,0.0147
Tm12Al86W8,0.0197
Tm6Re1O12,0.064599999999999
Tm6W1O12,3.3673
Tm16Ga6Co2,0.0034
Tm2Ag2P4Se12,1.7789
Tm8Ag8S16,1.6962000000000002
Tm2As2O8,3.5505
Tm4As4Se4,0.2713
Tm12Au24F108,1.8684
Tm1Bi2Br1O4,1.360199999999999
Tm1Bi2Cl1O4,1.4201
Tm1Bi2I1O4,1.425899999999999
Tm2Br6,2.9866
Tm2Br2O2,4.3478
Tm2Cl6,4.918
Tm2Cl2O2,4.5304
Tm4Cr4B16,0.196399999999999
Tm4Cr4O12,2.6809000000000003
Tm2Cr2O8,0.2142
Tm2Cr2Te2O12,2.6432
Tm2Cu2Pb2S6,1.5547
Tm4Cu4Pb4Se12,1.1223
Tm4Cu4S8,1.6576
Tm1F3,5.3798
Tm4H8Cl4O8,5.0219
Tm6H18,0.006099999999999
Tm2I6,2.2545
Tm2I2O2,3.3943
Tm4Mn8O20,1.221099999999999
Tm4Mo4Br4O16,1.9246
Tm2Mo2Cl2O8,2.6792
Tm4Mo4O16F4,3.7173
Tm1N1,0.152899999999999
Tm2Nb2O8,3.428
Tm1Ni1Bi1,0.149099999999999
Tm1Ni1Sb1,0.255199999999999
Tm4O4F4,4.8429
Tm2P10,0.1259
Tm4P20O56,5.4384000000000015
Tm2P2O8,5.7221
Tm8P8S8,0.1576
Tm1Pa1O4,2.434
Tm4Rh4O12,0.9564999999999992
Tm4Sb4O16,2.350899999999999
Tm1Sc1B2O6,4.434699999999999
Tm4Se4Cl4O12,4.336799999999999
Tm4Se4F4,1.8704
Tm4Se4O12F4,4.3012
Tm2Ta2O8,4.0758
Tm2Ti2Cl2O6,3.067299999999999
Tm4Tl4Mo8O32,3.9679
Tm2Tl2W4O16,2.731099999999999
Tm1Tl1S2,1.3817
Tm1Tl1Se2,1.1879
Tm1Tl1Te2,0.743599999999999
Tm2V2O8,2.9595
Tm2Zr2F14,5.8705
U4B16H64,0.074
U1Bi2O6,1.3499
U4Cl8O8,1.7799
U2I4O16,2.051699999999999
U1O2F2,2.1045
U8P32O96,0.0139
U2P8O24,1.1594
U8Pb24O48,1.611
U2Rh4O12,0.428899999999999
U22Pb6O72,1.6609999999999991
U6Ni6Bi8,0.0349
U6O16,0.045099999999999
U3Te5Pb8O32,1.8788
U6Tl2F26,0.1153
U12Rh4S30,0.006599999999999
U8Fe1Se17,0.245
U4Ag8Se8O32,1.4654
U2Ag2F12,0.9267
U4As4H36O40,2.4525
U2Br8,0.2115
U2Br10,0.5817
U2Cd2Mo8O32,2.0026
U1Cd1O4,1.9644
U3Cl18,1.5811000000000002
U4Cr4O16,0.338699999999999
U6F18,0.2155
U1F5,0.3866
U4F24,2.7943
U4H16Br8O16,1.6692
U4H16N8O40,2.2049
U4H24Br8O20,1.552
U2Hg6Te4Cl12,0.205099999999999
U8Hg32As16Cl48,0.3242
U2I8,0.265299999999999
U2Mo8Pb2O32,1.6815000000000002
U1N2,0.6927000000000001
U2Ni14B8O32,0.7519999999999991
U1O3,1.634999999999999
U2P4Pb4O20,1.766599999999999
U4P8O28,0.0929
U8P24H8O88,2.5051
U8P24O88,0.0494
U4Pb4Se8O32,1.6943
U4Pb4O16,1.5098
U8S16O72,2.2009
U4S4O24,1.9501
U4Sb12O8F68,2.4533
U4Se8O28,2.203
U4Se4O24,2.0194
U2Te2Pb4O16,1.745
U4Te8Pb4O32,1.9725
U1Te6O6F30,2.2523
U8Tl16Mo16O80,2.2304
U4Tl8Te8O32,1.822299999999999
U1Tl2O4,1.511299999999999
U2Tl8C6O22,1.8800999999999992
U8Tl8F40,0.2663
U1Tl1O3,0.2736
U4V8O32,2.1142
U4V8Pb4O36,2.1888
V8Hg16O32,1.238999999999999
V6P18O54,2.1791
V8S16O64,1.3168
V8Se16O48,2.051
V8S12O48,1.9278
V2Cd1P4O14,1.980199999999999
V2Cd2O7,2.5598
V8Cd16Te12O60,1.8537
V4Cd10P16O56,2.1237
V2Cd1O6,2.2611
V8Cd4P8O36,1.480799999999999
V4Co2P4O20,0.083499999999999
V2Cu1O6,0.523699999999999
V8Ge4O16F8,1.876599999999999
V4Ge2Pb10O24,2.7314
V8Hg8O28,1.4424
V8Hg4O24,2.014299999999999
V4Ni2P4O20,1.569799999999999
V8Ni8Pb4O32,2.8852
V6Ni3O18,2.1245
V4O10,2.161
V6O3F15,1.3457
V16P8S80,1.1465
V2Pb1O2F8,3.4112
V4Pb28Cl8O34,2.3284
V8Pb8O28,2.926199999999999
V2Pb3O8,2.9795
V4Pb8Se12O42,2.3938
V16Pb32O72,2.912899999999999
V4Pb2O12,2.2667
V8S8O44,2.3616
V4Se4O22,2.1812
V8Se8O36,2.259
V8Se12O44,2.1989
V4Se18,0.722
V8Si4O16,1.8974
V4Si2Pb10O24,2.6668000000000003
V8Sn4O28,2.6767000000000003
V4Zn4O14,2.5529
V8Zn12Te4O40,2.8675
V12Zn6O24,1.3106
V12Bi24O64,2.2173
V12Sb8Cl96,0.0264
V6Ag2O16,1.162
V6As4H8O26,1.4995
V6Bi2Pb6O24,2.6886
V6H2Pb10O26,2.8288
V3P6W1O24,1.1734
V6Pb10Cl2O24,2.808299999999999
V6Pb10O24F2,3.002599999999999
V4Bi6Pb1O20,2.8891
V4Cd3P6O24,2.0024
V16Cr8O52,2.3584
V16Fe8O52,2.3115
V4O5F7,1.5045000000000002
V8Pb6O6F38,1.8835
V8S18Br8,0.691499999999999
V4Ag8P8O32,2.038
V1Ag3Hg1O4,1.459699999999999
V2Ag6O8,0.8996000000000001
V4Ag4O12,1.628299999999999
V4Ag4O4F16,1.9517
V4Ag4P8O28,2.0397
V4Ag4Se4O20,0.9513
V2As4,0.003699999999999
V4As4O20,2.1315
V4B4Pb16O32,2.9657
V2B2O6,1.874699999999999
V1B1O4,2.6245000000000003
V8Bi8Pb16O48,2.7092
V2Bi2O8,2.2615
V2Bi2Pb2O10,2.9255
V1Br2,1.1332
V1Br2O1,0.415399999999999
V2Br6,0.6834
V2Br2O2,1.491099999999999
V2Cd4Bi2O12,2.248999999999999
V8Cd8Bi8O40,2.6632
V1Cl2,1.255999999999999
V2Cl10,1.0398
V2Cl2O2,1.674
V1Cu3Se2S2,0.891
V1Cu3S4,1.0358
V1Cu3Se4,0.8164
V1Cu3Te4,0.5741
V2F6,1.6025
V2F8,2.2417
V8F40,3.0176
V4Fe8B4O20,1.645999999999999
V1Fe1Sb1,0.3487
V2H24Cl6O12,2.2597
V4Hg16P8O36,1.6181
V1I2,1.037
V2In2Se4O16,2.1645
V2In2O8,2.9684
V4N12O40,3.0186
V4O8,0.7584000000000001
V6O6F6,1.344799999999999
V4O4F12,3.6563
V4P4H16O24,1.9898
V2P4O14,1.3194
V4P8Pb4O32,1.7906
V2P2Cl18,0.123799999999999
V4P4H4O20,1.4516
V4P4O16,1.834699999999999
V2P2O8F2,1.5351
V2P2O10,2.270299999999999
V4P4Pb4O24,2.2898
V4Pb8Se12O40,2.375999999999999
V2Re4O18,1.8956
V4S16,0.9239
V4S4O20,1.5119999999999991
V2Sb2Se8O24,1.5958
V4Sb4O16,0.5192999999999991
V4Xe8F68,2.4443
V2Zn4N6,1.1715
V4Zn4Se8O28,2.0909
W2S16Cl12,0.6399
W8S16O64,2.8632
W2N1Cl8,0.158599999999999
W8N4Cl36,1.7961
W20I64,0.866499999999999
W12C2Cl36,1.1557
W12Br24,2.4431
W1Br6,1.069899999999999
W12Cl24,2.8217
W2Cl8,0.264999999999999
W1Cl6,1.9169
W2F8,1.165
W4F24,5.3735
W12I24,1.957799999999999
W24I96,1.0913
W4N4Cl12,1.8151
W8O24,1.358499999999999
W4O4F12,2.4411
W1O1F4,4.0543
W2S4,1.2557
W4S8O36,3.8323
W8S72Cl32,1.255199999999999
W4S4Br16,1.2761
W2Se4,1.4465
Xe4N2O4F26,2.8973
Xe1F2,2.686199999999999
Xe4F12,2.6269
Xe2F8,2.8624
Xe16F96,2.793199999999999
Xe2I2F14,2.8051
Xe4N8O8F32,2.2108
Y8B24H96,4.656
Y2Cl6O24,5.0166
Y2Cu6S6,1.4195
Y4I12O36,3.5218
Y4N12O36,3.311099999999999
Y8P24O72,5.6784
Y2Zn6P6,0.233299999999999
Y10U4O27,1.7321
Y22Sn20,0.014699999999999
Y32B8C16I38,0.2362
Y4C6N12,3.9178
Y8Mo12O48,3.9811
Y8S12O48,5.6993
Y8Se12O48,3.9773
Y42B14C28I36,0.007
Y4Au10F42,1.651599999999999
Y4Be4Ge2O14,4.5479
Y4Be4Si2O14,5.1545
Y2C1N2O2,3.9661
Y2C1I2,0.495099999999999
Y4Cd2S8,1.1109
Y4Cl6,0.760699999999999
Y4Cr6O24,2.0049
Y4Cr2Fe2O12,0.426899999999999
Y4Cr2Sb2O14,1.894
Y4Fe2Sb2O14,1.8064
Y4Ge4O14,3.1753
Y2Ge1I2,0.1671
Y8Ge4O20,3.5881
Y8In4Cl28,4.0295
Y4Mn4O14,0.8710999999999991
Y4Mo2Se6O24,2.9162
Y4Mo4O14,1.6484
Y8Mo4O24,1.9796
Y4N2Cl6,2.0584
Y16O24,4.097300000000001
Y4Pb4O14,0.998699999999999
Y4Pt4O14,1.421399999999999
Y12S18,1.5992000000000002
Y2S1O2,2.9983
Y8Se12,1.315799999999999
Y2Se1O2,2.161299999999999
Y24Si24O84,4.7121
Y8Si16C4N24,3.0876
Y4Si2C2O14,4.7935
Y8Si4O20,4.7661
Y4Si2P8O30,5.7959
Y4Sn4O14,2.750099999999999
Y8Te12,0.559299999999999
Y4Te10O26,3.0018
Y2Te1O2,0.7401
Y8Te4O24,3.0718
Y2Te1S2,1.865199999999999
Y2Ti2S2O5,0.7881
Y8Ti4O20,3.279299999999999
Y8W4O24,3.179899999999999
Y12Al12Cr8O48,3.5074
Y12Al20O48,4.5762
Y12Cr8Ga12O48,3.2335
Y6Cu2Ge2S14,1.7881
Y6Cu2Si2S14,1.7371999999999992
Y6Cu2Si2Se14,1.5105
Y12Ga12Fe8O48,2.6298
Y12Ga20O48,3.5498000000000003
Y6Ga2S12,2.0555
Y12In8Ga12O48,2.719099999999999
Y6Pb8F34,5.0725
Y12Re4O32,1.7313
Y6Sb8Au6,0.5752
Y6Sb10O24,3.177499999999999
Y6Sb2O14,2.8091
Y12Sc8Ga12O48,3.5945
Y12Sc8Al12O48,4.376
Y12Se8Cl4O32,4.2071
Y12Si20N36O4,2.5775
Y6Si12N22,3.047499999999999
Y6Ta2O14,3.5002
Y12Te12N4,1.124399999999999
Y12Tl4F40,5.8088
Y3U2O10,0.146699999999999
Y6V2H6O16,2.3493
Y16C28,0.585
Y16Cd4Ni4,0.013399999999999
Y8H18N2O26,3.3405
Y16Mg4Ni4,0.0301
Y16Mg4Pt4,0.0146
Y8Os2Br8,0.6995
Y32Ru8Br40,0.2208
Y32Ru8I40,0.125199999999999
Y4Se3N2,1.3943
Y8Zn10Ge12,0.0297
Y4Zr3O12,4.1146
Y20C8I36,0.6686999999999991
Y40Ir8Br72,0.6534
Y15U6O36,0.1154
Y6Co1Br10,0.0956
Y6Co1I10,0.1337
Y6Ir1I10,0.072
Y6Mn1Si2S14,0.9344
Y6Ni1Br10,0.4824
Y6Ni1I10,0.493699999999999
Y6Pt1I10,0.6705999999999991
Y6Rh1I10,0.0877
Y12Ta8Al86,0.006
Y6Te1O12,2.725399999999999
Y6U1O12,1.9558
Y6W1O12,3.4343
Y14C4I24N2,1.056
Y16In6Co2,0.010799999999999
Y18Al10S42,2.4371
Y9U5O28,0.024899999999999
Y4Ag4I16O48,2.3928000000000003
Y2Ag2W4O16,3.157599999999999
Y2Ag6P4S16,2.004099999999999
Y2Ag2O4,2.4154
Y8Ag8S16,2.1092
Y4Ag4Se8,1.279799999999999
Y2Ag2Te4,0.8975000000000001
Y1Al3B4O12,5.359
Y2As2O8,3.659799999999999
Y4As4S4,0.0251
Y4As4S4,0.5225000000000001
Y4As4Se4,0.0623
Y4B16Mo4,0.2774
Y4B16W4,0.5690000000000001
Y6B6O18,5.1696
Y4Be8B20O44,5.3906
Y1Bi2Br1O4,1.339999999999999
Y1Bi2Cl1O4,1.3088
Y1Bi2I1O4,1.3836
Y2Br6,3.976499999999999
Y2Br2O2,4.4849
Y2Cl6,4.9301
Y2Cl2O2,4.270700000000001
Y1Cr4Cu3O12,0.1077
Y4Cr4B16,0.1589
Y4Cr4O12,2.4831
Y4Cr4O16,0.7015
Y2Cr2Te2O12,2.6946000000000003
Y4Cu4Pb4S12,1.595199999999999
Y4Cu4S8,1.5946999999999991
Y8Ge8Bi8O40,3.448
Y2H24Cl6O12,5.601100000000001
Y2H36Br6O36,4.4716000000000005
Y4H8C8O24,3.4785
Y4H20Se8O32,4.431699999999999
Y2H2O4,4.0468
Y1H1Se1,1.5072
Y2I6,3.0417
Y2I2O2,3.4078
Y4Mn8O20,1.1643
Y4Mn4Fe4O20,1.1209
Y4Mn4Ga4O20,1.585
Y2Mo4O14F2,3.1033
Y4Mo4N12,1.9089
Y1N1,0.151
Y4Nb4Te8O32,2.4013
Y3Nb9P18O72,1.8132
Y2Nb2O8,3.497499999999999
Y1Ni1Bi1,0.2016
Y1Ni1Sb1,0.2945
Y2O2F2,4.9203
Y2P10,0.1371
Y4P20O56,5.447599999999999
Y2P2O8,5.8009
Y8P8S8,0.3264
Y8P8S32,2.1535
Y2Pa2O8,2.7864
Y4Pt4F28,2.1468
Y4Rh4O12,9.999999999976698e-05
Y2S2F2,1.3132
Y4Sb4O16,2.3634
Y1Sb1Pd1,0.4744
Y1Sb1Pt1,0.109799999999999
Y4Se4Cl4O12,4.3562
Y8Se8O24,1.836899999999999
Y2Se2O6F2,3.8843
Y4Sn4F28,4.8779
Y2Ta2O8,4.031499999999999
Y2Tl2P4Se12,1.507099999999999
Y2Tl2W4O16,2.937099999999999
Y4Tl8P8S28,2.1334
Y1Tl1S2,1.5298999999999991
Y1Tl1Se2,1.231399999999999
Y1Tl1Te2,0.7266
Y2V2O8,2.976
Y4W4N12,2.2798
Y2Zn2As2O2,1.2015
Y1Zn1Cu1P2,0.052799999999999
Y2Zn2P2O2,1.3049
Y4Zr12F60,5.53
Y2Zr2F14,5.9222
Yb1Er2Se4,1.106699999999999
Yb1Ho2Se4,1.0812
Yb1Lu2Se4,1.142
Yb1Mg2Bi2,0.267399999999999
Yb1Tm2Se4,1.1118
Yb1Y2Se4,1.085899999999999
Yb1Zn2P2,0.7887000000000001
Yb8Ge4,0.022699999999999
Yb4Mo8O30,0.122299999999999
