rank_test_score,param_n_estimators,param_max_depth,param_min_samples_split,param_min_samples_leaf,param_max_features,train_rmse,test_rmse
1,500,,6,4,sqrt,0.5201451443300549,0.7548360605070435
2,500,10,6,1,0.5,0.8132262457479209,0.8794193304929552
3,500,10,6,4,0.5,0.8173604010682868,0.8797636352204286
4,500,10,6,4,log2,0.8941558155754632,0.9381037117540597
5,300,5,2,4,0.5,1.0611497978628714,1.0670921492651535
