Model,Train_set,Test_set,R²,RMSE,MAE
RandomForest,dft,dft,0.7757655518140111,0.699944737700304,0.4621975897502249
RandomForest,dft,exp,0.45125622735846194,0.9309143889968946,0.7445402152217407
RandomForest,exp,exp,0.7727154046783611,0.5991146529774193,0.40962068585202716
RandomForest,exp,dft,0.010881361127542677,1.4700658182788344,1.1567277701760388
