Model,Train_set,Test_set,R²,RMSE,MAE
Ridge,dft,dft,0.4317914041793015,1.1142085491049005,0.8947212418024755
Ridge,dft,exp,0.2248128789602052,1.1064408845126383,0.8698078563591004
Ridge,exp,exp,0.667524892643983,0.7246103087334702,0.5337570520397207
Ridge,exp,dft,-0.13912753415347656,1.5776067703973362,1.2108420778183298
