Train,Test,R^2,RMSE,MAE
dft,dft,0.6322430507706924,0.8963915571494713,0.6763500657867229
dft,exp,0.3350581906123491,0.9566715686775616,0.7631389869556336
exp,exp,0.7348559788227103,0.6041043544628127,0.4115699409460859
exp,dft,-0.044073133651816754,1.5103679928541651,1.1662272115685688
