Model,Train_set,Test_set,R²,RMSE,MAE
XGBoost,dft,dft,0.7110669963401259,0.7945315785919036,0.588773143626567
XGBoost,dft,exp,0.36762027778065964,0.9993414670080822,0.7975621886594675
XGBoost,exp,exp,0.8101106576053226,0.5476148744751718,0.38300381709013354
XGBoost,exp,dft,0.08862813626391408,1.4111084582471782,1.0981189802199376
